gloss,diff,high,low,stem_gloss,molly_pos
dear,0.05392156862745098,0.05392156862745098,0,dear,Adjective
big,0.049019607843137254,0.09803921568627451,0.049019607843137254,big,Adjective
stuck,0.04411764705882353,0.05392156862745098,0.00980392156862745,stuck,Adjective
hot,0.03431372549019608,0.058823529411764705,0.024509803921568627,hot,Adjective
fall,0.029411764705882356,0.04411764705882353,0.014705882352941176,fall,Adjective
right,0.029411764705882356,0.05392156862745098,0.024509803921568627,right,Adjective
white,0.029411764705882353,0.0392156862745098,0.00980392156862745,white,Adjective
just,0.02450980392156863,0.03431372549019608,0.00980392156862745,just,Adjective
yellow,0.024509803921568627,0.049019607843137254,0.024509803921568627,yellow,Adjective
round,0.019607843137254905,0.04411764705882353,0.024509803921568627,round,Adjective
broken,0.0196078431372549,0.0392156862745098,0.0196078431372549,broken,Adjective
happy,0.0196078431372549,0.029411764705882353,0.00980392156862745,happy,Adjective
jigsaw,0.0196078431372549,0.0196078431372549,0,jigsaw,Adjective
open,0.0196078431372549,0.049019607843137254,0.029411764705882353,open,Adjective
ready,0.0196078431372549,0.024509803921568627,0.004901960784313725,ready,Adjective
black,0.014705882352941176,0.024509803921568627,0.00980392156862745,black,Adjective
dirty,0.014705882352941176,0.029411764705882353,0.014705882352941176,dirty,Adjective
little,0.014705882352941176,0.0392156862745098,0.024509803921568627,little,Adjective
nice,0.014705882352941176,0.029411764705882353,0.014705882352941176,nice,Adjective
poor,0.014705882352941176,0.014705882352941176,0,poor,Adjective
tiny,0.014705882352941176,0.014705882352941176,0,tiny,Adjective
wrong,0.014705882352941176,0.014705882352941176,0,wrong,Adjective
asleep,0.00980392156862745,0.00980392156862745,0,asleep,Adjective
better,0.00980392156862745,0.0196078431372549,0.00980392156862745,better,Adjective
bouncy,0.00980392156862745,0.00980392156862745,0,bouncy,Adjective
cool,0.00980392156862745,0.00980392156862745,0,cool,Adjective
cute,0.00980392156862745,0.00980392156862745,0,cute,Adjective
empty,0.00980392156862745,0.014705882352941176,0.004901960784313725,empty,Adjective
hard,0.00980392156862745,0.014705882352941176,0.004901960784313725,hard,Adjective
hungry,0.00980392156862745,0.00980392156862745,0,hungry,Adjective
long,0.00980392156862745,0.00980392156862745,0,long,Adjective
loud,0.00980392156862745,0.00980392156862745,0,loud,Adjective
next,0.00980392156862745,0.00980392156862745,0,next,Adjective
present,0.00980392156862745,0.00980392156862745,0,present,Adjective
sorry,0.00980392156862745,0.00980392156862745,0,sorry,Adjective
warm,0.00980392156862745,0.00980392156862745,0,warm,Adjective
bare,0.004901960784313725,0.004901960784313725,0,bare,Adjective
cheeky,0.004901960784313725,0.004901960784313725,0,cheeky,Adjective
closed,0.004901960784313725,0.004901960784313725,0,close,Adjective
dark,0.004901960784313725,0.00980392156862745,0.004901960784313725,dark,Adjective
dead,0.004901960784313725,0.004901960784313725,0,dead,Adjective
fair,0.004901960784313725,0.004901960784313725,0,fair,Adjective
funny,0.004901960784313725,0.0196078431372549,0.014705882352941176,funny,Adjective
heavy,0.004901960784313725,0.00980392156862745,0.004901960784313725,heavy,Adjective
high+chair,0.004901960784313725,0.004901960784313725,0,high,Adjective
lolly,0.004901960784313725,0.00980392156862745,0.004901960784313725,lolly,Adjective
lost,0.004901960784313725,0.00980392156862745,0.004901960784313725,lost,Adjective
naughty,0.004901960784313725,0.014705882352941176,0.00980392156862745,naughty,Adjective
noisy,0.004901960784313725,0.00980392156862745,0.004901960784313725,noisy,Adjective
post,0.004901960784313725,0.004901960784313725,0,post,Adjective
rolly,0.004901960784313725,0.004901960784313725,0,rolly,Adjective
sad,0.004901960784313725,0.004901960784313725,0,sad,Adjective
scary,0.004901960784313725,0.004901960784313725,0,scary,Adjective
silly,0.004901960784313725,0.00980392156862745,0.004901960784313725,silly,Adjective
steady,0.004901960784313725,0.004901960784313725,0,steady,Adjective
straight,0.004901960784313725,0.004901960784313725,0,straight,Adjective
sweet,0.004901960784313725,0.004901960784313725,0,sweet,Adjective
wee,0.004901960784313725,0.029411764705882353,0.024509803921568627,wee,Adjective
careful,0,0.004901960784313725,0.004901960784313725,careful,Adjective
clean,0,0.014705882352941176,0.014705882352941176,clean,Adjective
first,0,0.004901960784313725,0.004901960784313725,first,Adjective
good,0,0.029411764705882353,0.029411764705882353,good,Adjective
late,0,0.004901960784313725,0.004901960784313725,late,Adjective
old,0,0.004901960784313725,0.004901960784313725,old,Adjective
pretty,0,0.004901960784313725,0.004901960784313725,pretty,Adjective
quick,0,0.004901960784313725,0.004901960784313725,quick,Adjective
really,0,0.004901960784313725,0.004901960784313725,real,Adjective
scared,0,0.004901960784313725,0.004901960784313725,scar,Adjective
sick,0,0.004901960784313725,0.004901960784313725,sick,Adjective
small,0,0.004901960784313725,0.004901960784313725,small,Adjective
smelly,0,0.004901960784313725,0.004901960784313725,smelly,Adjective
sticky,0,0.00980392156862745,0.00980392156862745,sticky,Adjective
wet,0,0.014705882352941176,0.014705882352941176,wet,Adjective
bad,-0.004901960784313725,0,0.004901960784313725,bad,Adjective
biggest,-0.004901960784313725,0,0.004901960784313725,biggest,Adjective
cold,-0.004901960784313725,0.014705882352941176,0.0196078431372549,cold,Adjective
crunchy,-0.004901960784313725,0,0.004901960784313725,crunchy,Adjective
left,-0.004901960784313725,0,0.004901960784313725,left,Adjective
missing,-0.004901960784313725,0,0.004901960784313725,miss,Adjective
new,-0.004901960784313725,0.014705882352941176,0.0196078431372549,new,Adjective
polar,-0.004901960784313725,0,0.004901960784313725,polar,Adjective
same,-0.004901960784313725,0,0.004901960784313725,same,Adjective
sleepy,-0.004901960784313725,0.004901960784313725,0.00980392156862745,sleepy,Adjective
still,-0.004901960784313725,0,0.004901960784313725,still,Adjective
tall,-0.004901960784313725,0,0.004901960784313725,tall,Adjective
wide,-0.004901960784313725,0,0.004901960784313725,wide,Adjective
muddy,-0.00980392156862745,0,0.00980392156862745,muddy,Adjective
welcome,-0.00980392156862745,0,0.00980392156862745,welcome,Adjective
again,0.05392156862745098,0.07352941176470588,0.0196078431372549,again,Adverb
not,0.03431372549019608,0.06862745098039216,0.03431372549019608,not,Adverb
okay,0.03431372549019608,0.05392156862745098,0.0196078431372549,okay,Adverb
now,0.029411764705882356,0.05392156862745098,0.024509803921568627,now,Adverb
too,0.019607843137254905,0.04411764705882353,0.024509803921568627,too,Adverb
very,0.014705882352941176,0.014705882352941176,0,very,Adverb
alright,0.00980392156862745,0.014705882352941176,0.004901960784313725,alright,Adverb
downstairs,0.00980392156862745,0.00980392156862745,0,downstairs,Adverb
then,0.00980392156862745,0.014705882352941176,0.004901960784313725,then,Adverb
together,0.00980392156862745,0.00980392156862745,0,together,Adverb
actually,0.004901960784313725,0.004901960784313725,0,actual,Adverb
never,0.004901960784313725,0.004901960784313725,0,never,Adverb
night_night,0.004901960784313725,0.00980392156862745,0.004901960784313725,night_night,Adverb
lovely,0,0.004901960784313725,0.004901960784313725,love,Adverb
nope,0,0.00980392156862745,0.00980392156862745,nope,Adverb
well,0,0.00980392156862745,0.00980392156862745,well,Adverb
always,-0.004901960784313725,0,0.004901960784313725,always,Adverb
good_night,-0.004901960784313725,0,0.004901960784313725,good_night,Adverb
yep,-0.004901960784313725,0.00980392156862745,0.014705882352941176,yep,Adverb
no,-0.004901960784313736,0.1568627450980392,0.16176470588235295,no,Adverb
maybe,-0.014705882352941176,0,0.014705882352941176,maybe,Adverb
please,0.06372549019607844,0.06862745098039216,0.004901960784313725,please,Conjunction
and,0.03431372549019608,0.08823529411764706,0.05392156862745098,and,Conjunction
yet,0.00980392156862745,0.00980392156862745,0,yet,Conjunction
as_well,0.004901960784313725,0.004901960784313725,0,as_well,Conjunction
because,0.004901960784313725,0.014705882352941176,0.00980392156862745,because,Conjunction
if,0.004901960784313725,0.004901960784313725,0,if,Conjunction
but,0,0.004901960784313725,0.004901960784313725,but,Conjunction
so,0,0.004901960784313725,0.004901960784313725,so,Conjunction
or,-0.004901960784313725,0.004901960784313725,0.00980392156862745,or,Conjunction
the,0.05392156862745097,0.12254901960784313,0.06862745098039216,the,Definite Article
other,0.00980392156862745,0.029411764705882353,0.0196078431372549,other,Definite Article
a,0.009803921568627444,0.14705882352941177,0.13725490196078433,a,Definite Article
else,0.004901960784313725,0.014705882352941176,0.00980392156862745,else,Definite Article
their,0.004901960784313725,0.004901960784313725,0,their,Definite Article
own,0,0.004901960784313725,0.004901960784313725,own,Definite Article
an,-0.004901960784313725,0.004901960784313725,0.00980392156862745,an,Definite Article
that,-0.014705882352941166,0.11274509803921569,0.12745098039215685,that,Definite Article
mhm,0.08333333333333333,0.08333333333333333,0,mhm,Interjection
yeah,0.06862745098039216,0.11764705882352941,0.049019607843137254,yeah,Interjection
um,0.03921568627450981,0.06862745098039216,0.029411764705882353,um,Interjection
uhhuh,0.029411764705882353,0.029411764705882353,0,uhhuh,Interjection
all_gone,0.02450980392156863,0.03431372549019608,0.00980392156862745,all_gone,Interjection
whoops,0.024509803921568627,0.024509803921568627,0,whoop,Interjection
yes,0.0196078431372549,0.07352941176470588,0.05392156862745098,ye,Interjection
hm,0.01470588235294118,0.03431372549019608,0.0196078431372549,hm,Interjection
byebye,0.014705882352941176,0.0392156862745098,0.024509803921568627,byebye,Interjection
hey,0.014705882352941176,0.0392156862745098,0.024509803921568627,hey,Interjection
whee,0.014705882352941176,0.024509803921568627,0.00980392156862745,whee,Interjection
whoo,0.014705882352941176,0.014705882352941176,0,whoo,Interjection
aah,0.00980392156862745,0.00980392156862745,0,aah,Interjection
hooray,0.00980392156862745,0.00980392156862745,0,hooray,Interjection
oops,0.00980392156862745,0.0196078431372549,0.00980392156862745,oops,Interjection
thank,0.00980392156862745,0.00980392156862745,0,thank,Interjection
thank_you,0.00980392156862745,0.014705882352941176,0.004901960784313725,thank_you,Interjection
uhhum,0.00980392156862745,0.00980392156862745,0,uhhum,Interjection
achoo,0.004901960784313725,0.004901960784313725,0,achoo,Interjection
ahhah,0.004901960784313725,0.00980392156862745,0.004901960784313725,ahhah,Interjection
ba,0.004901960784313725,0.004901960784313725,0,ba,Interjection
huh,0.004901960784313725,0.029411764705882353,0.024509803921568627,huh,Interjection
ssh,0.004901960784313725,0.00980392156862745,0.004901960784313725,ssh,Interjection
ugh,0.004901960784313725,0.004901960784313725,0,ugh,Interjection
uhoh,0.004901960784313725,0.0196078431372549,0.014705882352941176,uhoh,Interjection
uhuh,0.004901960784313725,0.004901960784313725,0,uhuh,Interjection
vroom,0.004901960784313725,0.004901960784313725,0,vroom,Interjection
ya,0.004901960784313725,0.004901960784313725,0,ya,Interjection
yucky,0.004901960784313725,0.00980392156862745,0.004901960784313725,yucky,Interjection
yum,0.004901960784313725,0.00980392156862745,0.004901960784313725,yum,Interjection
yummy,0.004901960784313725,0.014705882352941176,0.00980392156862745,yummy,Interjection
zoom,0.004901960784313725,0.004901960784313725,0,zoom,Interjection
boo,0,0.014705882352941176,0.014705882352941176,boo,Interjection
hum,0,0.00980392156862745,0.00980392156862745,hum,Interjection
hunhunh,0,0.004901960784313725,0.004901960784313725,hunhunh,Interjection
nah,0,0.004901960784313725,0.004901960784313725,nah,Interjection
ooh,0,0.014705882352941176,0.014705882352941176,ooh,Interjection
shh,0,0.004901960784313725,0.004901960784313725,shh,Interjection
yuck,0,0.004901960784313725,0.004901960784313725,yuck,Interjection
eh,-0.004901960784313725,0.024509803921568627,0.029411764705882353,eh,Interjection
ouch,-0.004901960784313725,0.004901960784313725,0.00980392156862745,ouch,Interjection
ow,-0.004901960784313725,0.024509803921568627,0.029411764705882353,ow,Interjection
ta,-0.004901960784313725,0.004901960784313725,0.00980392156862745,ta,Interjection
yeh,-0.004901960784313725,0.00980392156862745,0.014705882352941176,yeh,Interjection
yup,-0.004901960784313725,0.004901960784313725,0.00980392156862745,yup,Interjection
ay,-0.00980392156862745,0,0.00980392156862745,ay,Interjection
hi,-0.00980392156862745,0.029411764705882353,0.0392156862745098,hi,Interjection
whoa,-0.00980392156862745,0,0.00980392156862745,whoa,Interjection
wow,-0.00980392156862745,0.00980392156862745,0.0196078431372549,wow,Interjection
yay,-0.00980392156862745,0,0.00980392156862745,yay,Interjection
bah,-0.014705882352941176,0,0.014705882352941176,bah,Interjection
woo,-0.0196078431372549,0.004901960784313725,0.024509803921568627,woo,Interjection
oh,-0.019607843137254916,0.14215686274509803,0.16176470588235295,oh,Interjection
ah,-0.029411764705882346,0.07352941176470588,0.10294117647058823,ah,Interjection
mm,-0.03921568627450981,0.049019607843137254,0.08823529411764706,mm,Interjection
uh,-0.05882352941176472,0.0784313725490196,0.13725490196078433,uh,Interjection
mummy,0.04901960784313726,0.08823529411764706,0.0392156862745098,mummy,Noun
hat,0.04411764705882354,0.06862745098039216,0.024509803921568627,hat,Noun
dolly,0.04411764705882353,0.04411764705882353,0,dolly,Noun
hair,0.04411764705882353,0.05392156862745098,0.00980392156862745,hair,Noun
tiger,0.04411764705882353,0.04411764705882353,0,tiger,Noun
box,0.044117647058823525,0.058823529411764705,0.014705882352941176,box,Noun
car,0.044117647058823525,0.10294117647058823,0.058823529411764705,car,Noun
horse,0.044117647058823525,0.049019607843137254,0.004901960784313725,horse,Noun
man,0.044117647058823525,0.058823529411764705,0.014705882352941176,man,Noun
baby,0.0392156862745098,0.10294117647058823,0.06372549019607843,baby,Noun
giraffe,0.0392156862745098,0.0392156862745098,0,giraffe,Noun
monkey,0.0392156862745098,0.05392156862745098,0.014705882352941176,monkey,Noun
shoes,0.0392156862745098,0.049019607843137254,0.00980392156862745,shoe,Noun
tea,0.0392156862745098,0.049019607843137254,0.00980392156862745,tea,Noun
bed,0.03431372549019608,0.04411764705882353,0.00980392156862745,b,Noun
blue,0.03431372549019608,0.07352941176470588,0.0392156862745098,blue,Noun
green,0.03431372549019608,0.06862745098039216,0.03431372549019608,green,Noun
lady,0.03431372549019608,0.0392156862745098,0.004901960784313725,lady,Noun
panda,0.03431372549019608,0.03431372549019608,0,panda,Noun
boy,0.029411764705882356,0.05392156862745098,0.024509803921568627,boy,Noun
chair,0.029411764705882356,0.05392156862745098,0.024509803921568627,chair,Noun
elephant,0.029411764705882356,0.04411764705882353,0.014705882352941176,elephant,Noun
pen,0.029411764705882356,0.03431372549019608,0.004901960784313725,p,Noun
bit,0.029411764705882353,0.0392156862745098,0.00980392156862745,bit,Noun
bottle,0.029411764705882353,0.0392156862745098,0.00980392156862745,bottle,Noun
lion,0.029411764705882353,0.0392156862745098,0.00980392156862745,lion,Noun
row,0.029411764705882353,0.029411764705882353,0,row,Noun
train,0.029411764705882346,0.06372549019607843,0.03431372549019608,train,Noun
down,0.024509803921568638,0.10784313725490197,0.08333333333333333,down,Noun
bag,0.02450980392156863,0.03431372549019608,0.00980392156862745,bag,Noun
cat,0.02450980392156863,0.04411764705882353,0.0196078431372549,cat,Noun
cup,0.02450980392156863,0.03431372549019608,0.00980392156862745,cup,Noun
head,0.02450980392156863,0.03431372549019608,0.00980392156862745,head,Noun
house,0.02450980392156863,0.05392156862745098,0.029411764705882353,house,Noun
pink,0.02450980392156863,0.03431372549019608,0.00980392156862745,pink,Noun
cheese,0.024509803921568627,0.0392156862745098,0.014705882352941176,cheese,Noun
chocolate,0.024509803921568627,0.024509803921568627,0,chocolate,Noun
dinner,0.024509803921568627,0.029411764705882353,0.004901960784313725,dinner,Noun
egg,0.024509803921568627,0.049019607843137254,0.024509803921568627,egg,Noun
fish,0.024509803921568627,0.0392156862745098,0.014705882352941176,fish,Noun
girl,0.024509803921568627,0.0392156862745098,0.014705882352941176,girl,Noun
juice,0.024509803921568627,0.049019607843137254,0.024509803921568627,juice,Noun
milk,0.024509803921568627,0.0392156862745098,0.014705882352941176,milk,Noun
orange,0.024509803921568627,0.0392156862745098,0.014705882352941176,orange,Noun
penny,0.024509803921568627,0.029411764705882353,0.004901960784313725,penny,Noun
plate,0.024509803921568627,0.029411764705882353,0.004901960784313725,plate,Noun
sugar,0.024509803921568627,0.024509803921568627,0,sugar,Noun
way,0.024509803921568627,0.049019607843137254,0.024509803921568627,way,Noun
red,0.024509803921568624,0.06372549019607843,0.0392156862745098,re,Noun
eyes,0.019607843137254905,0.03431372549019608,0.014705882352941176,eye,Noun
tractor,0.019607843137254905,0.03431372549019608,0.014705882352941176,tractor,Noun
airplane,0.0196078431372549,0.0196078431372549,0,airplane,Noun
banana,0.0196078431372549,0.0392156862745098,0.0196078431372549,banana,Noun
biscuit,0.0196078431372549,0.0196078431372549,0,biscuit,Noun
boat,0.0196078431372549,0.024509803921568627,0.004901960784313725,boat,Noun
bottom,0.0196078431372549,0.0196078431372549,0,bottom,Noun
bricks,0.0196078431372549,0.029411764705882353,0.00980392156862745,brick,Noun
bus,0.0196078431372549,0.0392156862745098,0.0196078431372549,bus,Noun
coffee,0.0196078431372549,0.024509803921568627,0.004901960784313725,coffee,Noun
color,0.0196078431372549,0.029411764705882353,0.00980392156862745,color,Noun
cow,0.0196078431372549,0.049019607843137254,0.029411764705882353,cow,Noun
dog,0.0196078431372549,0.049019607843137254,0.029411764705882353,dog,Noun
door,0.0196078431372549,0.049019607843137254,0.029411764705882353,door,Noun
fence,0.0196078431372549,0.0196078431372549,0,fence,Noun
floor,0.0196078431372549,0.024509803921568627,0.004901960784313725,floor,Noun
hand,0.0196078431372549,0.029411764705882353,0.00980392156862745,hand,Noun
hello,0.0196078431372549,0.05392156862745098,0.03431372549019608,hello,Noun
horsie,0.0196078431372549,0.0392156862745098,0.0196078431372549,horsie,Noun
minute,0.0196078431372549,0.0196078431372549,0,minute,Noun
park,0.0196078431372549,0.0196078431372549,0,park,Noun
sandwich,0.0196078431372549,0.0196078431372549,0,sandwich,Noun
seesaw,0.0196078431372549,0.029411764705882353,0.00980392156862745,seesaw,Noun
truck,0.0196078431372549,0.05392156862745098,0.03431372549019608,truck,Noun
tunnel,0.0196078431372549,0.024509803921568627,0.004901960784313725,tunnel,Noun
duck,0.019607843137254895,0.06372549019607843,0.04411764705882353,duck,Noun
bear,0.01470588235294118,0.04411764705882353,0.029411764705882353,bear,Noun
bird,0.01470588235294118,0.03431372549019608,0.0196078431372549,bird,Noun
book,0.01470588235294118,0.06862745098039216,0.05392156862745098,book,Noun
beach,0.014705882352941176,0.0196078431372549,0.004901960784313725,beach,Noun
bike,0.014705882352941176,0.029411764705882353,0.014705882352941176,bike,Noun
birthday,0.014705882352941176,0.024509803921568627,0.00980392156862745,birthday,Noun
bread,0.014705882352941176,0.024509803921568627,0.00980392156862745,bread,Noun
butterfly,0.014705882352941176,0.024509803921568627,0.00980392156862745,butterfly,Noun
cake,0.014705882352941176,0.029411764705882353,0.014705882352941176,cake,Noun
chimney,0.014705882352941176,0.014705882352941176,0,chimney,Noun
cook,0.014705882352941176,0.014705882352941176,0,cook,Noun
cross,0.014705882352941176,0.014705882352941176,0,cross,Noun
digger,0.014705882352941176,0.0196078431372549,0.004901960784313725,digger,Noun
dinosaur,0.014705882352941176,0.024509803921568627,0.00980392156862745,dinosaur,Noun
doggie,0.014705882352941176,0.029411764705882353,0.014705882352941176,doggie,Noun
doll,0.014705882352941176,0.0196078431372549,0.004901960784313725,doll,Noun
feet,0.014705882352941176,0.029411764705882353,0.014705882352941176,feet,Noun
food,0.014705882352941176,0.014705882352941176,0,food,Noun
frog,0.014705882352941176,0.0196078431372549,0.004901960784313725,frog,Noun
gate,0.014705882352941176,0.014705882352941176,0,gate,Noun
goes,0.014705882352941176,0.029411764705882353,0.014705882352941176,goes,Noun
grape,0.014705882352941176,0.014705882352941176,0,grape,Noun
grass,0.014705882352941176,0.0196078431372549,0.004901960784313725,grass,Noun
hammer,0.014705882352941176,0.024509803921568627,0.00980392156862745,hammer,Noun
helicopter,0.014705882352941176,0.014705882352941176,0,helicopter,Noun
hippo,0.014705882352941176,0.014705882352941176,0,hippo,Noun
jam,0.014705882352941176,0.014705882352941176,0,jam,Noun
key,0.014705882352941176,0.0196078431372549,0.004901960784313725,key,Noun
ladder,0.014705882352941176,0.014705882352941176,0,ladder,Noun
lid,0.014705882352941176,0.0196078431372549,0.004901960784313725,lid,Noun
men,0.014705882352941176,0.014705882352941176,0,men,Noun
money,0.014705882352941176,0.024509803921568627,0.00980392156862745,money,Noun
mouth,0.014705882352941176,0.0196078431372549,0.004901960784313725,mouth,Noun
paper,0.014705882352941176,0.024509803921568627,0.00980392156862745,paper,Noun
pencil,0.014705882352941176,0.014705882352941176,0,pencil,Noun
penguin,0.014705882352941176,0.024509803921568627,0.00980392156862745,penguin,Noun
phone,0.014705882352941176,0.014705882352941176,0,phone,Noun
picture,0.014705882352941176,0.024509803921568627,0.00980392156862745,picture,Noun
pram,0.014705882352941176,0.0196078431372549,0.004901960784313725,pram,Noun
press,0.014705882352941176,0.014705882352941176,0,press,Noun
road,0.014705882352941176,0.0196078431372549,0.004901960784313725,road,Noun
roof,0.014705882352941176,0.014705882352941176,0,roof,Noun
sheep,0.014705882352941176,0.024509803921568627,0.00980392156862745,sheep,Noun
snow,0.014705882352941176,0.014705882352941176,0,snow,Noun
spider,0.014705882352941176,0.024509803921568627,0.00980392156862745,spider,Noun
sun,0.014705882352941176,0.0196078431372549,0.004901960784313725,sun,Noun
tail,0.014705882352941176,0.029411764705882353,0.014705882352941176,tail,Noun
telephone,0.014705882352941176,0.014705882352941176,0,telephone,Noun
toilet,0.014705882352941176,0.014705882352941176,0,toilet,Noun
track,0.014705882352941176,0.0196078431372549,0.004901960784313725,track,Noun
trunk,0.014705882352941176,0.014705882352941176,0,trunk,Noun
van,0.014705882352941176,0.014705882352941176,0,van,Noun
wait,0.014705882352941176,0.014705882352941176,0,wait,Noun
whale,0.014705882352941176,0.0196078431372549,0.004901960784313725,whale,Noun
wheels,0.014705882352941176,0.014705882352941176,0,wheel,Noun
wind,0.014705882352941176,0.0196078431372549,0.004901960784313725,wind,Noun
window,0.014705882352941176,0.0196078431372549,0.004901960784313725,window,Noun
top,0.009803921568627454,0.03431372549019608,0.024509803921568627,top,Noun
air,0.00980392156862745,0.00980392156862745,0,air,Noun
animals,0.00980392156862745,0.00980392156862745,0,animal,Noun
apple,0.00980392156862745,0.05392156862745098,0.04411764705882353,apple,Noun
beads,0.00980392156862745,0.00980392156862745,0,bead,Noun
bib,0.00980392156862745,0.014705882352941176,0.004901960784313725,bib,Noun
bin,0.00980392156862745,0.00980392156862745,0,bin,Noun
blanket,0.00980392156862745,0.024509803921568627,0.014705882352941176,blanket,Noun
blow,0.00980392156862745,0.00980392156862745,0,blow,Noun
bone,0.00980392156862745,0.00980392156862745,0,bone,Noun
breakfast,0.00980392156862745,0.014705882352941176,0.004901960784313725,breakfast,Noun
bridge,0.00980392156862745,0.0196078431372549,0.00980392156862745,bridge,Noun
bring,0.00980392156862745,0.0196078431372549,0.00980392156862745,bring,Noun
button,0.00980392156862745,0.014705882352941176,0.004901960784313725,button,Noun
coo,0.00980392156862745,0.00980392156862745,0,coo,Noun
corner,0.00980392156862745,0.00980392156862745,0,corn,Noun
crab,0.00980392156862745,0.00980392156862745,0,crab,Noun
crayon,0.00980392156862745,0.014705882352941176,0.004901960784313725,crayon,Noun
cream,0.00980392156862745,0.014705882352941176,0.004901960784313725,cream,Noun
crisps,0.00980392156862745,0.00980392156862745,0,crisp,Noun
diamond,0.00980392156862745,0.00980392156862745,0,diamond,Noun
dough,0.00980392156862745,0.00980392156862745,0,dough,Noun
drop,0.00980392156862745,0.0196078431372549,0.00980392156862745,drop,Noun
ear,0.00980392156862745,0.00980392156862745,0,ear,Noun
face,0.00980392156862745,0.00980392156862745,0,face,Noun
field,0.00980392156862745,0.00980392156862745,0,field,Noun
finger,0.00980392156862745,0.014705882352941176,0.004901960784313725,finger,Noun
glasses,0.00980392156862745,0.014705882352941176,0.004901960784313725,glass,Noun
gun,0.00980392156862745,0.00980392156862745,0,gun,Noun
him,0.00980392156862745,0.0196078431372549,0.00980392156862745,him,Noun
holiday,0.00980392156862745,0.00980392156862745,0,holiday,Noun
home,0.00980392156862745,0.029411764705882353,0.0196078431372549,home,Noun
honey,0.00980392156862745,0.00980392156862745,0,honey,Noun
kangaroo,0.00980392156862745,0.014705882352941176,0.004901960784313725,kangaroo,Noun
ladybird,0.00980392156862745,0.00980392156862745,0,ladybird,Noun
lemon,0.00980392156862745,0.0196078431372549,0.00980392156862745,lemon,Noun
letter,0.00980392156862745,0.014705882352941176,0.004901960784313725,letter,Noun
mess,0.00980392156862745,0.014705882352941176,0.004901960784313725,mess,Noun
mind,0.00980392156862745,0.00980392156862745,0,mind,Noun
mirror,0.00980392156862745,0.00980392156862745,0,mirror,Noun
morning,0.00980392156862745,0.014705882352941176,0.004901960784313725,morn,Noun
muck,0.00980392156862745,0.014705882352941176,0.004901960784313725,muck,Noun
name,0.00980392156862745,0.0196078431372549,0.00980392156862745,name,Noun
noise,0.00980392156862745,0.014705882352941176,0.004901960784313725,noise,Noun
nose,0.00980392156862745,0.024509803921568627,0.014705882352941176,nose,Noun
number,0.00980392156862745,0.014705882352941176,0.004901960784313725,numb,Noun
nut,0.00980392156862745,0.00980392156862745,0,nut,Noun
oven,0.00980392156862745,0.00980392156862745,0,oven,Noun
owie,0.00980392156862745,0.00980392156862745,0,owie,Noun
page,0.00980392156862745,0.0196078431372549,0.00980392156862745,page,Noun
party,0.00980392156862745,0.00980392156862745,0,party,Noun
piece,0.00980392156862745,0.024509803921568627,0.014705882352941176,piece,Noun
piglet,0.00980392156862745,0.00980392156862745,0,piglet,Noun
pillow,0.00980392156862745,0.014705882352941176,0.004901960784313725,pillow,Noun
pipe,0.00980392156862745,0.00980392156862745,0,pipe,Noun
plane,0.00980392156862745,0.00980392156862745,0,plane,Noun
police,0.00980392156862745,0.014705882352941176,0.004901960784313725,police,Noun
poo,0.00980392156862745,0.00980392156862745,0,poo,Noun
pool,0.00980392156862745,0.00980392156862745,0,pool,Noun
rainbow,0.00980392156862745,0.00980392156862745,0,rainbow,Noun
read,0.00980392156862745,0.049019607843137254,0.0392156862745098,read,Noun
salad,0.00980392156862745,0.00980392156862745,0,salad,Noun
sausage,0.00980392156862745,0.00980392156862745,0,sausage,Noun
shops,0.00980392156862745,0.00980392156862745,0,shop,Noun
side,0.00980392156862745,0.014705882352941176,0.004901960784313725,side,Noun
snake,0.00980392156862745,0.0196078431372549,0.00980392156862745,snake,Noun
spaghetti,0.00980392156862745,0.00980392156862745,0,spaghetti,Noun
spoon,0.00980392156862745,0.024509803921568627,0.014705882352941176,spoon,Noun
star,0.00980392156862745,0.0196078431372549,0.00980392156862745,star,Noun
teddybear,0.00980392156862745,0.00980392156862745,0,teddybear,Noun
thunder,0.00980392156862745,0.00980392156862745,0,thunder,Noun
tip,0.00980392156862745,0.00980392156862745,0,tip,Noun
toast,0.00980392156862745,0.0196078431372549,0.00980392156862745,toast,Noun
toy,0.00980392156862745,0.0196078431372549,0.00980392156862745,toy,Noun
tummy,0.00980392156862745,0.014705882352941176,0.004901960784313725,tummy,Noun
wake,0.00980392156862745,0.00980392156862745,0,wake,Noun
water,0.004901960784313729,0.04411764705882353,0.0392156862745098,water,Noun
aeroplane,0.004901960784313725,0.00980392156862745,0.004901960784313725,aeroplane,Noun
arm,0.004901960784313725,0.014705882352941176,0.00980392156862745,arm,Noun
balloon,0.004901960784313725,0.014705882352941176,0.00980392156862745,balloon,Noun
basket,0.004901960784313725,0.004901960784313725,0,basket,Noun
bat,0.004901960784313725,0.00980392156862745,0.004901960784313725,bat,Noun
bee,0.004901960784313725,0.014705882352941176,0.00980392156862745,bee,Noun
beep,0.004901960784313725,0.024509803921568627,0.0196078431372549,beep,Noun
bicycle,0.004901960784313725,0.00980392156862745,0.004901960784313725,bicycle,Noun
birdie,0.004901960784313725,0.014705882352941176,0.00980392156862745,birdie,Noun
body,0.004901960784313725,0.004901960784313725,0,body,Noun
bubbles,0.004901960784313725,0.0196078431372549,0.014705882352941176,bubble,Noun
butter,0.004901960784313725,0.00980392156862745,0.004901960784313725,butt,Noun
camera,0.004901960784313725,0.014705882352941176,0.00980392156862745,camera,Noun
card,0.004901960784313725,0.00980392156862745,0.004901960784313725,card,Noun
carrot,0.004901960784313725,0.014705882352941176,0.00980392156862745,carrot,Noun
castle,0.004901960784313725,0.004901960784313725,0,castle,Noun
chicken,0.004901960784313725,0.0196078431372549,0.014705882352941176,chick,Noun
chip,0.004901960784313725,0.004901960784313725,0,chip,Noun
circle,0.004901960784313725,0.0196078431372549,0.014705882352941176,circle,Noun
clay,0.004901960784313725,0.004901960784313725,0,clay,Noun
clock,0.004901960784313725,0.014705882352941176,0.00980392156862745,clock,Noun
cloud,0.004901960784313725,0.00980392156862745,0.004901960784313725,cloud,Noun
cone,0.004901960784313725,0.004901960784313725,0,e,Noun
couch,0.004901960784313725,0.004901960784313725,0,couch,Noun
cracker,0.004901960784313725,0.00980392156862745,0.004901960784313725,crack,Noun
crocodile,0.004901960784313725,0.004901960784313725,0,crocodile,Noun
cushion,0.004901960784313725,0.004901960784313725,0,cushion,Noun
dish,0.004901960784313725,0.00980392156862745,0.004901960784313725,dish,Noun
doggies,0.004901960784313725,0.00980392156862745,0.004901960784313725,doggy,Noun
dolphin,0.004901960784313725,0.004901960784313725,0,dolphin,Noun
doo,0.004901960784313725,0.014705882352941176,0.00980392156862745,doo,Noun
engine,0.004901960784313725,0.00980392156862745,0.004901960784313725,engine,Noun
flower,0.004901960784313725,0.014705882352941176,0.00980392156862745,flower,Noun
fork,0.004901960784313725,0.004901960784313725,0,fork,Noun
fox,0.004901960784313725,0.0196078431372549,0.014705882352941176,fox,Noun
garden,0.004901960784313725,0.004901960784313725,0,garden,Noun
ginger,0.004901960784313725,0.004901960784313725,0,ginger,Noun
goat,0.004901960784313725,0.00980392156862745,0.004901960784313725,goat,Noun
gorilla,0.004901960784313725,0.004901960784313725,0,gorilla,Noun
hill,0.004901960784313725,0.004901960784313725,0,hill,Noun
hole,0.004901960784313725,0.014705882352941176,0.00980392156862745,hole,Noun
king,0.004901960784313725,0.004901960784313725,0,k,Noun
kite,0.004901960784313725,0.004901960784313725,0,kite,Noun
knife,0.004901960784313725,0.00980392156862745,0.004901960784313725,knife,Noun
lala,0.004901960784313725,0.014705882352941176,0.00980392156862745,lala,Noun
lollipop,0.004901960784313725,0.00980392156862745,0.004901960784313725,lollipop,Noun
lorry,0.004901960784313725,0.00980392156862745,0.004901960784313725,lorry,Noun
market,0.004901960784313725,0.004901960784313725,0,market,Noun
medicine,0.004901960784313725,0.004901960784313725,0,medicine,Noun
mouse,0.004901960784313725,0.024509803921568627,0.0196078431372549,mouse,Noun
nappie,0.004901960784313725,0.004901960784313725,0,nappie,Noun
night,0.004901960784313725,0.014705882352941176,0.00980392156862745,night,Noun
octopus,0.004901960784313725,0.004901960784313725,0,octopus,Noun
owl,0.004901960784313725,0.00980392156862745,0.004901960784313725,owl,Noun
pajamas,0.004901960784313725,0.00980392156862745,0.004901960784313725,pajama,Noun
part,0.004901960784313725,0.004901960784313725,0,part,Noun
peekaboo,0.004901960784313725,0.00980392156862745,0.004901960784313725,peekaboo,Noun
pepper,0.004901960784313725,0.004901960784313725,0,pepper,Noun
pig,0.004901960784313725,0.0196078431372549,0.014705882352941176,pig,Noun
pocket,0.004901960784313725,0.0196078431372549,0.014705882352941176,pocket,Noun
pottie,0.004901960784313725,0.00980392156862745,0.004901960784313725,pottie,Noun
rain,0.004901960784313725,0.014705882352941176,0.00980392156862745,rain,Noun
ramp,0.004901960784313725,0.004901960784313725,0,ramp,Noun
recorder,0.004901960784313725,0.00980392156862745,0.004901960784313725,recorder,Noun
rocket,0.004901960784313725,0.004901960784313725,0,rocket,Noun
room,0.004901960784313725,0.00980392156862745,0.004901960784313725,room,Noun
salt,0.004901960784313725,0.004901960784313725,0,salt,Noun
sand,0.004901960784313725,0.00980392156862745,0.004901960784313725,sand,Noun
save,0.004901960784313725,0.004901960784313725,0,save,Noun
scissors,0.004901960784313725,0.004901960784313725,0,scissor,Noun
sea,0.004901960784313725,0.004901960784313725,0,sea,Noun
seal,0.004901960784313725,0.004901960784313725,0,seal,Noun
seat,0.004901960784313725,0.00980392156862745,0.004901960784313725,seat,Noun
shadow,0.004901960784313725,0.00980392156862745,0.004901960784313725,shadow,Noun
shape,0.004901960784313725,0.004901960784313725,0,shape,Noun
shelf,0.004901960784313725,0.004901960784313725,0,shelf,Noun
slippers,0.004901960784313725,0.004901960784313725,0,slipper,Noun
snail,0.004901960784313725,0.004901960784313725,0,snail,Noun
snowman,0.004901960784313725,0.014705882352941176,0.00980392156862745,snowman,Noun
sock,0.004901960784313725,0.014705882352941176,0.00980392156862745,sock,Noun
sore,0.004901960784313725,0.004901960784313725,0,sore,Noun
soup,0.004901960784313725,0.004901960784313725,0,soup,Noun
stairs,0.004901960784313725,0.014705882352941176,0.00980392156862745,stair,Noun
starfish,0.004901960784313725,0.004901960784313725,0,starfish,Noun
sticker,0.004901960784313725,0.00980392156862745,0.004901960784313725,stick,Noun
stocking,0.004901960784313725,0.004901960784313725,0,stock,Noun
store,0.004901960784313725,0.004901960784313725,0,store,Noun
strawberry,0.004901960784313725,0.00980392156862745,0.004901960784313725,strawberry,Noun
street,0.004901960784313725,0.004901960784313725,0,street,Noun
teacher,0.004901960784313725,0.004901960784313725,0,teach,Noun
teddy+bear,0.004901960784313725,0.00980392156862745,0.004901960784313725,teddy,Noun
teeth,0.004901960784313725,0.004901960784313725,0,tee,Noun
tell,0.004901960784313725,0.004901960784313725,0,tell,Noun
thumb,0.004901960784313725,0.004901960784313725,0,thumb,Noun
toe,0.004901960784313725,0.014705882352941176,0.00980392156862745,toe,Noun
tongue,0.004901960784313725,0.004901960784313725,0,tongue,Noun
towel,0.004901960784313725,0.00980392156862745,0.004901960784313725,towel,Noun
tree,0.004901960784313725,0.029411764705882353,0.024509803921568627,tree,Noun
trousers,0.004901960784313725,0.004901960784313725,0,trouser,Noun
turtle,0.004901960784313725,0.00980392156862745,0.004901960784313725,turtle,Noun
video,0.004901960784313725,0.004901960784313725,0,video,Noun
wall,0.004901960784313725,0.004901960784313725,0,wall,Noun
yoghurt,0.004901960784313725,0.004901960784313725,0,yoghurt,Noun
zebra,0.004901960784313725,0.00980392156862745,0.004901960784313725,zebra,Noun
ball,0.004901960784313722,0.07352941176470588,0.06862745098039216,ball,Noun
ambulance,0,0.004901960784313725,0.004901960784313725,ambulance,Noun
ant,0,0.004901960784313725,0.004901960784313725,ant,Noun
bath,0,0.014705882352941176,0.014705882352941176,bath,Noun
battery,0,0.004901960784313725,0.004901960784313725,battery,Noun
block,0,0.014705882352941176,0.014705882352941176,block,Noun
bowl,0,0.00980392156862745,0.00980392156862745,bowl,Noun
brown,0,0.014705882352941176,0.014705882352941176,brown,Noun
bug,0,0.00980392156862745,0.00980392156862745,bug,Noun
chin,0,0.004901960784313725,0.004901960784313725,chin,Noun
cookie,0,0.024509803921568627,0.024509803921568627,cookie,Noun
crane,0,0.004901960784313725,0.004901960784313725,crane,Noun
dat,0,0.00980392156862745,0.00980392156862745,dat,Noun
day,0,0.014705882352941176,0.014705882352941176,day,Noun
donkey,0,0.004901960784313725,0.004901960784313725,donkey,Noun
dragon,0,0.004901960784313725,0.004901960784313725,dragon,Noun
end,0,0.004901960784313725,0.004901960784313725,end,Noun
flag,0,0.004901960784313725,0.004901960784313725,flag,Noun
football,0,0.004901960784313725,0.004901960784313725,football,Noun
game,0,0.004901960784313725,0.004901960784313725,game,Noun
garage,0,0.004901960784313725,0.004901960784313725,garage,Noun
garbage,0,0.004901960784313725,0.004901960784313725,garbage,Noun
grandma,0,0.00980392156862745,0.00980392156862745,grandma,Noun
guys,0,0.004901960784313725,0.004901960784313725,guy,Noun
heart,0,0.004901960784313725,0.004901960784313725,heart,Noun
hospital,0,0.004901960784313725,0.004901960784313725,hospital,Noun
knees,0,0.004901960784313725,0.004901960784313725,knee,Noun
light,0,0.014705882352941176,0.014705882352941176,light,Noun
lobster,0,0.004901960784313725,0.004901960784313725,lobster,Noun
lunch,0,0.004901960784313725,0.004901960784313725,lunch,Noun
mole,0,0.004901960784313725,0.004901960784313725,mole,Noun
nanny,0,0.004901960784313725,0.004901960784313725,nanny,Noun
pants,0,0.014705882352941176,0.014705882352941176,pant,Noun
peach,0,0.004901960784313725,0.004901960784313725,peach,Noun
peanut+butter,0,0.004901960784313725,0.004901960784313725,peanut,Noun
pear,0,0.014705882352941176,0.014705882352941176,pear,Noun
peas,0,0.004901960784313725,0.004901960784313725,pea,Noun
pie,0,0.00980392156862745,0.00980392156862745,pie,Noun
piggie,0,0.004901960784313725,0.004901960784313725,piggie,Noun
piggies,0,0.004901960784313725,0.004901960784313725,piggy,Noun
pond,0,0.004901960784313725,0.004901960784313725,pond,Noun
poop,0,0.004901960784313725,0.004901960784313725,poop,Noun
purple,0,0.024509803921568627,0.024509803921568627,purple,Noun
raisins,0,0.004901960784313725,0.004901960784313725,raisin,Noun
rosie,0,0.004901960784313725,0.004901960784313725,rosie,Noun
sauce,0,0.004901960784313725,0.004901960784313725,sauce,Noun
school,0,0.004901960784313725,0.004901960784313725,school,Noun
seeds,0,0.004901960784313725,0.004901960784313725,seed,Noun
shirt,0,0.00980392156862745,0.00980392156862745,shirt,Noun
smoke,0,0.004901960784313725,0.004901960784313725,smoke,Noun
song,0,0.00980392156862745,0.00980392156862745,song,Noun
space,0,0.004901960784313725,0.004901960784313725,space,Noun
square,0,0.004901960784313725,0.004901960784313725,square,Noun
tape+recorder,0,0.004901960784313725,0.004901960784313725,tape,Noun
tent,0,0.004901960784313725,0.004901960784313725,tent,Noun
time,0,0.014705882352941176,0.014705882352941176,time,Noun
tissue,0,0.004901960784313725,0.004901960784313725,tissue,Noun
tomato,0,0.00980392156862745,0.00980392156862745,tomato,Noun
trailer,0,0.004901960784313725,0.004901960784313725,trail,Noun
tray,0,0.004901960784313725,0.004901960784313725,tray,Noun
triangle,0,0.00980392156862745,0.00980392156862745,triangle,Noun
tv,0,0.004901960784313725,0.004901960784313725,tv,Noun
zoo,0,0.004901960784313725,0.004901960784313725,zoo,Noun
alligator,-0.004901960784313725,0,0.004901960784313725,alligator,Noun
alphabet,-0.004901960784313725,0,0.004901960784313725,alphabet,Noun
backpack,-0.004901960784313725,0,0.004901960784313725,backpack,Noun
baseball,-0.004901960784313725,0.004901960784313725,0.00980392156862745,baseball,Noun
bend,-0.004901960784313725,0,0.004901960784313725,bend,Noun
bock,-0.004901960784313725,0,0.004901960784313725,bock,Noun
broccoli,-0.004901960784313725,0.004901960784313725,0.00980392156862745,broccoli,Noun
bucket,-0.004901960784313725,0,0.004901960784313725,bucket,Noun
bushes,-0.004901960784313725,0,0.004901960784313725,bush,Noun
cereal,-0.004901960784313725,0.004901960784313725,0.00980392156862745,cereal,Noun
clown,-0.004901960784313725,0.00980392156862745,0.014705882352941176,clown,Noun
comb,-0.004901960784313725,0.004901960784313725,0.00980392156862745,comb,Noun
curtain,-0.004901960784313725,0,0.004901960784313725,curtain,Noun
dots,-0.004901960784313725,0,0.004901960784313725,dot,Noun
dress,-0.004901960784313725,0.004901960784313725,0.00980392156862745,dress,Noun
farm,-0.004901960784313725,0,0.004901960784313725,farm,Noun
fire,-0.004901960784313725,0.00980392156862745,0.014705882352941176,fire,Noun
glue,-0.004901960784313725,0,0.004901960784313725,glue,Noun
god,-0.004901960784313725,0,0.004901960784313725,god,Noun
gum,-0.004901960784313725,0,0.004901960784313725,gum,Noun
lamb,-0.004901960784313725,0.004901960784313725,0.00980392156862745,lamb,Noun
lap,-0.004901960784313725,0,0.004901960784313725,lap,Noun
leaf,-0.004901960784313725,0,0.004901960784313725,leaf,Noun
lee,-0.004901960784313725,0,0.004901960784313725,lee,Noun
legs,-0.004901960784313725,0,0.004901960784313725,leg,Noun
mail,-0.004901960784313725,0,0.004901960784313725,mail,Noun
meat,-0.004901960784313725,0,0.004901960784313725,meat,Noun
microphone,-0.004901960784313725,0.00980392156862745,0.014705882352941176,microphone,Noun
motorcycle,-0.004901960784313725,0,0.004901960784313725,motorcycle,Noun
mud,-0.004901960784313725,0,0.004901960784313725,mud,Noun
napkin,-0.004901960784313725,0.004901960784313725,0.00980392156862745,napkin,Noun
pasta,-0.004901960784313725,0,0.004901960784313725,pasta,Noun
people,-0.004901960784313725,0.004901960784313725,0.00980392156862745,people,Noun
picnic,-0.004901960784313725,0,0.004901960784313725,picnic,Noun
pony,-0.004901960784313725,0,0.004901960784313725,pony,Noun
potato,-0.004901960784313725,0,0.004901960784313725,potato,Noun
prize,-0.004901960784313725,0,0.004901960784313725,prize,Noun
race,-0.004901960784313725,0,0.004901960784313725,race,Noun
rug,-0.004901960784313725,0,0.004901960784313725,rug,Noun
shark,-0.004901960784313725,0.004901960784313725,0.00980392156862745,shark,Noun
station,-0.004901960784313725,0,0.004901960784313725,state,Noun
stove,-0.004901960784313725,0.004901960784313725,0.00980392156862745,stove,Noun
today,-0.004901960784313725,0,0.004901960784313725,today,Noun
umbrella,-0.004901960784313725,0.004901960784313725,0.00980392156862745,umbrella,Noun
witch,-0.004901960784313725,0,0.004901960784313725,witch,Noun
wood,-0.004901960784313725,0,0.004901960784313725,wood,Noun
baba,-0.00980392156862745,0.004901960784313725,0.014705882352941176,baba,Noun
barn,-0.00980392156862745,0.004901960784313725,0.014705882352941176,barn,Noun
beans,-0.00980392156862745,0,0.00980392156862745,bean,Noun
birdy,-0.00980392156862745,0,0.00980392156862745,birdy,Noun
camel,-0.00980392156862745,0.004901960784313725,0.014705882352941176,camel,Noun
duckie,-0.00980392156862745,0,0.00980392156862745,duckie,Noun
honk,-0.00980392156862745,0,0.00980392156862745,honk,Noun
lego,-0.00980392156862745,0,0.00980392156862745,lego,Noun
llama,-0.00980392156862745,0,0.00980392156862745,llama,Noun
pizza,-0.00980392156862745,0,0.00980392156862745,pizza,Noun
potty,-0.00980392156862745,0.004901960784313725,0.014705882352941176,potty,Noun
puppy,-0.00980392156862745,0.00980392156862745,0.0196078431372549,puppy,Noun
weasel,-0.00980392156862745,0,0.00980392156862745,weasel,Noun
yogurt,-0.00980392156862745,0,0.00980392156862745,yogurt,Noun
bunny,-0.014705882352941176,0.004901960784313725,0.0196078431372549,bunny,Noun
diaper,-0.014705882352941176,0,0.014705882352941176,diaper,Noun
friend,-0.014705882352941176,0,0.014705882352941176,friend,Noun
kitty,-0.014705882352941176,0.00980392156862745,0.024509803921568627,kitty,Noun
moon,-0.014705882352941176,0.00980392156862745,0.024509803921568627,moon,Noun
pumpkin,-0.014705882352941176,0,0.014705882352941176,pumpkin,Noun
rock,-0.014705882352941176,0,0.014705882352941176,rock,Noun
rabbit,-0.01470588235294118,0.0196078431372549,0.03431372549019608,rabbit,Noun
bagel,-0.0196078431372549,0,0.0196078431372549,bagel,Noun
mummie,-0.02450980392156863,0.049019607843137254,0.07352941176470588,mummie,Noun
bye,-0.029411764705882346,0.03431372549019608,0.06372549019607843,bye,Noun
bang,0.029411764705882353,0.0392156862745098,0.00980392156862745,bang,Onomatopoeia
choo+choo,0.024509803921568627,0.029411764705882353,0.004901960784313725,choo,Onomatopoeia
moo,0.01470588235294118,0.03431372549019608,0.0196078431372549,moo,Onomatopoeia
baa,0.014705882352941176,0.0196078431372549,0.004901960784313725,baa,Onomatopoeia
choochoo,0.014705882352941176,0.014705882352941176,0,choochoo,Onomatopoeia
quack,0.014705882352941176,0.024509803921568627,0.00980392156862745,quack,Onomatopoeia
beepbeep,0.00980392156862745,0.00980392156862745,0,beepbeep,Onomatopoeia
cock_a_doodle_doo,0.00980392156862745,0.00980392156862745,0,cock_a_doodle_doo,Onomatopoeia
woof,0.00980392156862745,0.029411764705882353,0.0196078431372549,woof,Onomatopoeia
boing,0.004901960784313725,0.004901960784313725,0,boing,Onomatopoeia
meow,0.004901960784313725,0.0196078431372549,0.014705882352941176,meow,Onomatopoeia
oink,0.004901960784313725,0.00980392156862745,0.004901960784313725,oink,Onomatopoeia
roar,0.004901960784313725,0.004901960784313725,0,roar,Onomatopoeia
boom,0,0.00980392156862745,0.00980392156862745,boom,Onomatopoeia
dong,0,0.004901960784313725,0.004901960784313725,dong,Onomatopoeia
pop,0,0.024509803921568627,0.024509803921568627,pop,Onomatopoeia
tock,0,0.004901960784313725,0.004901960784313725,tock,Onomatopoeia
squeak,-0.004901960784313725,0.004901960784313725,0.00980392156862745,squeak,Onomatopoeia
twinkle,-0.004901960784313725,0.004901960784313725,0.00980392156862745,twinkle,Onomatopoeia
tweet,-0.014705882352941176,0,0.014705882352941176,tweet,Onomatopoeia
neenaw,0.0196078431372549,0.0196078431372549,0,neenaw,other
brumm,0.014705882352941176,0.014705882352941176,0,brumm,other
po,0.014705882352941176,0.0196078431372549,0.004901960784313725,po,other
brm,0.00980392156862745,0.00980392156862745,0,brm,other
brum,0.00980392156862745,0.00980392156862745,0,brum,other
dis,0.00980392156862745,0.00980392156862745,0,dis,other
em,0.00980392156862745,0.00980392156862745,0,em,other
de,0.004901960784313725,0.004901960784313725,0,de,other
dee,0.004901960784313725,0.00980392156862745,0.004901960784313725,dee,other
dere,0.004901960784313725,0.004901960784313725,0,dere,other
duh,0.004901960784313725,0.00980392156862745,0.004901960784313725,duh,other
giddyup,0.004901960784313725,0.004901960784313725,0,giddyup,other
na,0.004901960784313725,0.00980392156862745,0.004901960784313725,na,other
oy,0.004901960784313725,0.004901960784313725,0,oy,other
wah,0.004901960784313725,0.004901960784313725,0,wah,other
www,0.004901960784313725,0.004901960784313725,0,www,other
hee,0,0.004901960784313725,0.004901960784313725,hee,other
ee,-0.004901960784313725,0,0.004901960784313725,ee,other
w,-0.004901960784313725,0,0.004901960784313725,w,other
hoo,-0.00980392156862745,0,0.00980392156862745,hoo,other
la,-0.00980392156862745,0.014705882352941176,0.024509803921568627,la,other
ss,-0.00980392156862745,0,0.00980392156862745,ss,other
eee,-0.014705882352941176,0,0.014705882352941176,eee,other
oo,-0.0196078431372549,0.004901960784313725,0.024509803921568627,oo,other
da,-0.024509803921568627,0.014705882352941176,0.0392156862745098,da,other
on,0.06372549019607843,0.12254901960784313,0.058823529411764705,on,Preposition
away,0.044117647058823525,0.06372549019607843,0.0196078431372549,away,Preposition
in,0.044117647058823525,0.11274509803921569,0.06862745098039216,in,Preposition
off,0.044117647058823525,0.08333333333333333,0.0392156862745098,off,Preposition
back,0.03921568627450981,0.08823529411764706,0.049019607843137254,back,Preposition
here,0.029411764705882346,0.09803921568627451,0.06862745098039216,here,Preposition
out,0.029411764705882346,0.08333333333333333,0.05392156862745098,out,Preposition
up,0.0196078431372549,0.10294117647058823,0.08333333333333333,up,Preposition
for,0.014705882352941176,0.0392156862745098,0.024509803921568627,for,Preposition
inside,0.014705882352941176,0.014705882352941176,0,inside,Preposition
around,0.00980392156862745,0.0196078431372549,0.00980392156862745,around,Preposition
at,0.00980392156862745,0.04411764705882353,0.03431372549019608,at,Preposition
by,0.00980392156862745,0.014705882352941176,0.004901960784313725,by,Preposition
outside,0.00980392156862745,0.024509803921568627,0.014705882352941176,outside,Preposition
through,0.00980392156862745,0.014705882352941176,0.004901960784313725,through,Preposition
to,0.004901960784313729,0.05392156862745098,0.049019607843137254,to,Preposition
behind,0.004901960784313725,0.004901960784313725,0,behind,Preposition
from,0.004901960784313725,0.00980392156862745,0.004901960784313725,from,Preposition
front,0.004901960784313725,0.004901960784313725,0,front,Preposition
under,0.004901960784313725,0.014705882352941176,0.00980392156862745,under,Preposition
upstairs,0.004901960784313725,0.00980392156862745,0.004901960784313725,upstairs,Preposition
with,0.004901960784313725,0.024509803921568627,0.0196078431372549,with,Preposition
of,0,0.024509803921568627,0.024509803921568627,of,Preposition
over,0,0.03431372549019608,0.03431372549019608,over,Preposition
about,-0.004901960784313725,0.004901960784313725,0.00980392156862745,about,Preposition
after,-0.004901960784313725,0.004901960784313725,0.00980392156862745,aft,Preposition
mine,0.04411764705882353,0.07352941176470588,0.029411764705882353,mine,Pronoun
it,0.044117647058823525,0.12745098039215685,0.08333333333333333,it,Pronoun
there,0.03431372549019607,0.14215686274509803,0.10784313725490197,there,Pronoun
my,0.024509803921568624,0.09803921568627451,0.07352941176470588,my,Pronoun
he,0.0196078431372549,0.05392156862745098,0.03431372549019608,he,Pronoun
me,0.0196078431372549,0.08823529411764706,0.06862745098039216,me,Pronoun
this,0.0196078431372549,0.09803921568627451,0.0784313725490196,this,Pronoun
yours,0.014705882352941176,0.0196078431372549,0.004901960784313725,your,Pronoun
everybody,0.00980392156862745,0.00980392156862745,0,everybody,Pronoun
her,0.00980392156862745,0.024509803921568627,0.014705882352941176,h,Pronoun
she,0.00980392156862745,0.014705882352941176,0.004901960784313725,she,Pronoun
these,0.00980392156862745,0.0196078431372549,0.00980392156862745,these,Pronoun
you,0.009803921568627444,0.08333333333333333,0.07352941176470588,you,Pronoun
myself,0.004901960784313725,0.004901960784313725,0,myself,Pronoun
nothing,0.004901960784313725,0.00980392156862745,0.004901960784313725,nothing,Pronoun
something,0.004901960784313725,0.00980392156862745,0.004901960784313725,something,Pronoun
them,0.004901960784313725,0.014705882352941176,0.00980392156862745,them,Pronoun
they,0.004901960784313725,0.024509803921568627,0.0196078431372549,they,Pronoun
those,0.004901960784313725,0.0196078431372549,0.014705882352941176,those,Pronoun
somewhere,0,0.004901960784313725,0.004901960784313725,somewhere,Pronoun
somebody,-0.004901960784313725,0,0.004901960784313725,somebody,Pronoun
someone,-0.004901960784313725,0,0.004901960784313725,someone,Pronoun
they're,-0.004901960784313725,0,0.004901960784313725,they're,Pronoun
you're,-0.00980392156862745,0,0.00980392156862745,you're,Pronoun
we,-0.01470588235294118,0.0196078431372549,0.03431372549019608,we,Pronoun
more,0.05392156862745097,0.12254901960784313,0.06862745098039216,more,Quantifier
one,0.04901960784313725,0.11764705882352941,0.06862745098039216,one,Quantifier
two,0.044117647058823525,0.09803921568627451,0.05392156862745098,two,Quantifier
some,0.0392156862745098,0.058823529411764705,0.0196078431372549,some,Quantifier
another,0.034313725490196074,0.06372549019607843,0.029411764705882353,another,Quantifier
three,0.029411764705882353,0.058823529411764705,0.029411764705882353,three,Quantifier
four,0.02450980392156863,0.04411764705882353,0.0196078431372549,four,Quantifier
nine,0.02450980392156863,0.03431372549019608,0.00980392156862745,nine,Quantifier
five,0.019607843137254905,0.03431372549019608,0.014705882352941176,f,Quantifier
six,0.019607843137254905,0.03431372549019608,0.014705882352941176,six,Quantifier
eight,0.0196078431372549,0.029411764705882353,0.00980392156862745,eight,Quantifier
ten,0.0196078431372549,0.024509803921568627,0.004901960784313725,t,Quantifier
all,0.01470588235294118,0.05392156862745098,0.0392156862745098,all,Quantifier
fourteen,0.00980392156862745,0.00980392156862745,0,fourteen,Quantifier
much,0.00980392156862745,0.00980392156862745,0,much,Quantifier
eleven,0.004901960784313725,0.004901960784313725,0,eleven,Quantifier
many,0.004901960784313725,0.004901960784313725,0,many,Quantifier
seven,0.004901960784313725,0.0196078431372549,0.014705882352941176,seven,Quantifier
thirteen,0.004901960784313725,0.004901960784313725,0,thirteen,Quantifier
twelve,0.004901960784313725,0.004901960784313725,0,twelve,Quantifier
twenty,0.004901960784313725,0.004901960784313725,0,twenty,Quantifier
any,0,0.00980392156862745,0.00980392156862745,any,Quantifier
worm,-0.004901960784313725,0.004901960784313725,0.00980392156862745,worm,Quantifier
where,0.029411764705882353,0.07352941176470588,0.04411764705882353,where,Question
what,0.0196078431372549,0.07352941176470588,0.05392156862745098,what,Question
how,0.004901960784313725,0.024509803921568627,0.0196078431372549,how,Question
whose,0.004901960784313725,0.004901960784313725,0,whose,Question
why,0.004901960784313725,0.014705882352941176,0.00980392156862745,why,Question
who's,0,0.014705882352941176,0.014705882352941176,who,Question
when,-0.004901960784313725,0.004901960784313725,0.00980392156862745,when,Question
sit,0.058823529411764705,0.08333333333333333,0.024509803921568627,sit,Verb
can't,0.05392156862745098,0.06862745098039216,0.014705882352941176,can't,Verb
got,0.053921568627450976,0.08333333333333333,0.029411764705882353,got,Verb
do,0.04901960784313726,0.10784313725490197,0.058823529411764705,do,Verb
get,0.049019607843137254,0.09313725490196079,0.04411764705882353,get,Verb
like,0.049019607843137254,0.0784313725490196,0.029411764705882353,like,Verb
make,0.04411764705882353,0.07352941176470588,0.029411764705882353,make,Verb
go,0.0392156862745098,0.11274509803921569,0.07352941176470588,go,Verb
put,0.039215686274509796,0.08333333333333333,0.04411764705882353,put,Verb
gone,0.034313725490196074,0.08333333333333333,0.049019607843137254,gone,Verb
see,0.034313725490196074,0.08333333333333333,0.049019607843137254,see,Verb
look,0.03431372549019607,0.10294117647058823,0.06862745098039216,look,Verb
done,0.029411764705882356,0.04411764705882353,0.014705882352941176,done,Verb
find,0.029411764705882356,0.04411764705882353,0.014705882352941176,find,Verb
stop,0.029411764705882356,0.03431372549019608,0.004901960784313725,stop,Verb
draw,0.029411764705882353,0.049019607843137254,0.0196078431372549,draw,Verb
help,0.029411764705882353,0.0392156862745098,0.00980392156862745,help,Verb
sleep,0.029411764705882353,0.0392156862745098,0.00980392156862745,sleep,Verb
come,0.029411764705882346,0.06372549019607843,0.03431372549019608,come,Verb
drink,0.02450980392156863,0.04411764705882353,0.0196078431372549,drink,Verb
eat,0.02450980392156863,0.04411764705882353,0.0196078431372549,eat,Verb
fix,0.02450980392156863,0.03431372549019608,0.00980392156862745,fix,Verb
know,0.02450980392156863,0.03431372549019608,0.00980392156862745,know,Verb
hold,0.024509803921568627,0.029411764705882353,0.004901960784313725,hold,Verb
jump,0.024509803921568627,0.0392156862745098,0.014705882352941176,jump,Verb
move,0.024509803921568627,0.024509803921568627,0,move,Verb
need,0.024509803921568627,0.0392156862745098,0.014705882352941176,need,Verb
swimming,0.024509803921568627,0.024509803921568627,0,swimming,Verb
is,0.024509803921568624,0.08333333333333333,0.058823529411764705,i,Verb
play,0.019607843137254905,0.04411764705882353,0.024509803921568627,play,Verb
bite,0.0196078431372549,0.029411764705882353,0.00980392156862745,bite,Verb
crash,0.0196078431372549,0.024509803921568627,0.004901960784313725,crash,Verb
hide,0.0196078431372549,0.0196078431372549,0,hide,Verb
shopping,0.0196078431372549,0.0196078431372549,0,shoppe,Verb
show,0.0196078431372549,0.0196078431372549,0,show,Verb
take,0.0196078431372549,0.0392156862745098,0.0196078431372549,take,Verb
touch,0.0196078431372549,0.0196078431372549,0,touch,Verb
wash,0.0196078431372549,0.024509803921568627,0.004901960784313725,wash,Verb
went,0.0196078431372549,0.024509803921568627,0.004901960784313725,went,Verb
write,0.0196078431372549,0.0196078431372549,0,write,Verb
have,0.01470588235294118,0.05392156862745098,0.0392156862745098,have,Verb
building,0.014705882352941176,0.014705882352941176,0,build,Verb
buy,0.014705882352941176,0.0196078431372549,0.004901960784313725,buy,Verb
driver,0.014705882352941176,0.014705882352941176,0,drive,Verb
found,0.014705882352941176,0.014705882352941176,0,found,Verb
have_to,0.014705882352941176,0.014705882352941176,0,have_to,Verb
let's,0.014705882352941176,0.0196078431372549,0.004901960784313725,let,Verb
pull,0.014705882352941176,0.0196078431372549,0.004901960784313725,pull,Verb
push,0.014705882352941176,0.029411764705882353,0.014705882352941176,push,Verb
sing,0.014705882352941176,0.014705882352941176,0,sing,Verb
turn,0.014705882352941176,0.029411764705882353,0.014705882352941176,turn,Verb
writing,0.014705882352941176,0.014705882352941176,0,writ,Verb
want,0.014705882352941166,0.10294117647058823,0.08823529411764706,want,Verb
bash,0.00980392156862745,0.00980392156862745,0,bash,Verb
clap,0.00980392156862745,0.014705882352941176,0.004901960784313725,clap,Verb
clothes,0.00980392156862745,0.0196078431372549,0.00980392156862745,clothe,Verb
count,0.00980392156862745,0.00980392156862745,0,count,Verb
getting,0.00980392156862745,0.00980392156862745,0,getting,Verb
give,0.00980392156862745,0.014705882352941176,0.004901960784313725,g,Verb
hear,0.00980392156862745,0.00980392156862745,0,hear,Verb
hit,0.00980392156862745,0.00980392156862745,0,hit,Verb
must,0.00980392156862745,0.00980392156862745,0,must,Verb
puzzle,0.00980392156862745,0.024509803921568627,0.014705882352941176,puzzle,Verb
ride,0.00980392156862745,0.014705882352941176,0.004901960784313725,ride,Verb
sitting,0.00980392156862745,0.014705882352941176,0.004901960784313725,sitting,Verb
stand,0.00980392156862745,0.00980392156862745,0,stand,Verb
stroke,0.00980392156862745,0.00980392156862745,0,stroke,Verb
tower,0.00980392156862745,0.0196078431372549,0.00980392156862745,tow,Verb
watch,0.00980392156862745,0.024509803921568627,0.014705882352941176,watch,Verb
ask,0.004901960784313725,0.004901960784313725,0,ask,Verb
ate,0.004901960784313725,0.004901960784313725,0,ate,Verb
awake,0.004901960784313725,0.00980392156862745,0.004901960784313725,awake,Verb
break,0.004901960784313725,0.004901960784313725,0,break,Verb
called,0.004901960784313725,0.00980392156862745,0.004901960784313725,call,Verb
came,0.004901960784313725,0.00980392156862745,0.004901960784313725,came,Verb
change,0.004901960784313725,0.00980392156862745,0.004901960784313725,change,Verb
climb,0.004901960784313725,0.014705882352941176,0.00980392156862745,climb,Verb
could,0.004901960784313725,0.004901960784313725,0,could,Verb
didn't,0.004901960784313725,0.00980392156862745,0.004901960784313725,didn't,Verb
dig,0.004901960784313725,0.004901960784313725,0,dig,Verb
dump,0.004901960784313725,0.00980392156862745,0.004901960784313725,dump,Verb
excuse,0.004901960784313725,0.004901960784313725,0,excuse,Verb
finished,0.004901960784313725,0.004901960784313725,0,finish,Verb
fly,0.004901960784313725,0.0196078431372549,0.014705882352941176,fly,Verb
forgot,0.004901960784313725,0.004901960784313725,0,forgot,Verb
gotta,0.004901960784313725,0.004901960784313725,0,gotta,Verb
hurts,0.004901960784313725,0.00980392156862745,0.004901960784313725,hurt,Verb
isn't,0.004901960784313725,0.00980392156862745,0.004901960784313725,isn't,Verb
keep,0.004901960784313725,0.004901960784313725,0,keep,Verb
lie,0.004901960784313725,0.014705882352941176,0.00980392156862745,lie,Verb
listen,0.004901960784313725,0.00980392156862745,0.004901960784313725,list,Verb
matter,0.004901960784313725,0.004901960784313725,0,matte,Verb
might,0.004901960784313725,0.00980392156862745,0.004901960784313725,might,Verb
pick,0.004901960784313725,0.00980392156862745,0.004901960784313725,pick,Verb
pour,0.004901960784313725,0.004901960784313725,0,pour,Verb
remember,0.004901960784313725,0.004901960784313725,0,member,Verb
run,0.004901960784313725,0.014705882352941176,0.00980392156862745,run,Verb
running,0.004901960784313725,0.00980392156862745,0.004901960784313725,running,Verb
sat,0.004901960784313725,0.004901960784313725,0,sat,Verb
shall,0.004901960784313725,0.004901960784313725,0,shall,Verb
shoot,0.004901960784313725,0.004901960784313725,0,shoot,Verb
squeeze,0.004901960784313725,0.004901960784313725,0,squeeze,Verb
stamp,0.004901960784313725,0.004901960784313725,0,stamp,Verb
swim,0.004901960784313725,0.004901960784313725,0,swim,Verb
tickle,0.004901960784313725,0.0196078431372549,0.014705882352941176,tickle,Verb
walk,0.004901960784313725,0.014705882352941176,0.00980392156862745,walk,Verb
working,0.004901960784313725,0.004901960784313725,0,work,Verb
would,0.004901960784313725,0.004901960784313725,0,would,Verb
wrap,0.004901960784313725,0.00980392156862745,0.004901960784313725,wrap,Verb
am,0,0.004901960784313725,0.004901960784313725,am,Verb
are,0,0.03431372549019608,0.03431372549019608,are,Verb
bought,0,0.004901960784313725,0.004901960784313725,bought,Verb
broke,0,0.029411764705882353,0.029411764705882353,broke,Verb
catch,0,0.00980392156862745,0.00980392156862745,catch,Verb
cuddle,0,0.004901960784313725,0.004901960784313725,cuddle,Verb
feel,0,0.004901960784313725,0.004901960784313725,feel,Verb
fell,0,0.014705882352941176,0.014705882352941176,fell,Verb
fits,0,0.004901960784313725,0.004901960784313725,fit,Verb
fold,0,0.004901960784313725,0.004901960784313725,fold,Verb
gave,0,0.004901960784313725,0.004901960784313725,gave,Verb
happened,0,0.00980392156862745,0.00980392156862745,happen,Verb
hop,0,0.00980392156862745,0.00980392156862745,hop,Verb
jack,0,0.004901960784313725,0.004901960784313725,jack,Verb
kiss,0,0.014705882352941176,0.014705882352941176,kiss,Verb
knock,0,0.00980392156862745,0.00980392156862745,knock,Verb
lick,0,0.004901960784313725,0.004901960784313725,lick,Verb
made,0,0.00980392156862745,0.00980392156862745,made,Verb
may,0,0.004901960784313725,0.004901960784313725,may,Verb
pretend,0,0.004901960784313725,0.004901960784313725,pretend,Verb
putting,0,0.004901960784313725,0.004901960784313725,putt,Verb
reach,0,0.004901960784313725,0.004901960784313725,reach,Verb
rolling,0,0.00980392156862745,0.00980392156862745,roll,Verb
say,0,0.014705882352941176,0.014705882352941176,say,Verb
snap,0,0.004901960784313725,0.004901960784313725,snap,Verb
spell,0,0.004901960784313725,0.004901960784313725,spell,Verb
stay,0,0.004901960784313725,0.004901960784313725,stay,Verb
think,0,0.004901960784313725,0.004901960784313725,think,Verb
throw,0,0.014705882352941176,0.014705882352941176,throw,Verb
took,0,0.004901960784313725,0.004901960784313725,took,Verb
toot,0,0.00980392156862745,0.00980392156862745,toot,Verb
been,-0.004901960784313725,0,0.004901960784313725,been,Verb
bumped,-0.004901960784313725,0,0.004901960784313725,bump,Verb
cry,-0.004901960784313725,0.004901960784313725,0.00980392156862745,cry,Verb
dance,-0.004901960784313725,0.004901960784313725,0.00980392156862745,dance,Verb
does,-0.004901960784313725,0,0.004901960784313725,doe,Verb
doesn't,-0.004901960784313725,0,0.004901960784313725,doesn't,Verb
dropped,-0.004901960784313725,0,0.004901960784313725,dropped,Verb
gobble,-0.004901960784313725,0,0.004901960784313725,gobble,Verb
had,-0.004901960784313725,0.004901960784313725,0.00980392156862745,had,Verb
has,-0.004901960784313725,0.014705882352941176,0.0196078431372549,ha,Verb
lift,-0.004901960784313725,0,0.004901960784313725,lift,Verb
mean,-0.004901960784313725,0,0.004901960784313725,mean,Verb
measure,-0.004901960784313725,0,0.004901960784313725,measure,Verb
mend,-0.004901960784313725,0,0.004901960784313725,mend,Verb
pinch,-0.004901960784313725,0,0.004901960784313725,pinch,Verb
shut,-0.004901960784313725,0.004901960784313725,0.00980392156862745,shut,Verb
squish,-0.004901960784313725,0,0.004901960784313725,squish,Verb
stuff,-0.004901960784313725,0,0.004901960784313725,stuff,Verb
sweep,-0.004901960784313725,0,0.004901960784313725,sweep,Verb
told,-0.004901960784313725,0,0.004901960784313725,told,Verb
wearing,-0.004901960784313725,0,0.004901960784313725,wear,Verb
will,-0.004901960784313725,0.00980392156862745,0.014705882352941176,will,Verb
did,-0.004901960784313729,0.029411764705882353,0.03431372549019608,did,Verb
don't,-0.00980392156862745,0.049019607843137254,0.058823529411764705,don't,Verb
gonna,-0.00980392156862745,0.0196078431372549,0.029411764705882353,gonna,Verb
said,-0.00980392156862745,0,0.00980392156862745,said,Verb
was,-0.00980392156862745,0.004901960784313725,0.014705882352941176,was,Verb
be,-0.009803921568627454,0.024509803921568627,0.03431372549019608,be,Verb
clip,-0.014705882352941176,0,0.014705882352941176,clip,Verb
wanna,-0.0196078431372549,0.00980392156862745,0.029411764705882353,wanna,Verb
slide,0.0392156862745098,0.04411764705882353,0.004901960784313725,slide,Verb-Noun
cut,0.019607843137254905,0.03431372549019608,0.014705882352941176,cut,Verb-Noun
spot,0.01470588235294118,0.03431372549019608,0.0196078431372549,spot,Verb-Noun
step,0.014705882352941176,0.014705882352941176,0,step,Verb-Noun
brush,0.00980392156862745,0.0196078431372549,0.00980392156862745,brush,Verb-Noun
set,0.00980392156862745,0.00980392156862745,0,set,Verb-Noun
cutting,0.004901960784313725,0.004901960784313725,0,cutting,Verb-Noun
iron,0.004901960784313725,0.004901960784313725,0,iron,Verb-Noun
paint,0.004901960784313725,0.00980392156862745,0.004901960784313725,paint,Verb-Noun
past,0.004901960784313725,0.004901960784313725,0,past,Verb-Noun
scoop,0.004901960784313725,0.00980392156862745,0.004901960784313725,scoop,Verb-Noun
screw,0.004901960784313725,0.004901960784313725,0,screw,Verb-Noun
sink,0.004901960784313725,0.004901960784313725,0,sink,Verb-Noun
smile,0.004901960784313725,0.004901960784313725,0,smile,Verb-Noun
splash,0.004901960784313725,0.004901960784313725,0,splash,Verb-Noun
taste,0.004901960784313725,0.004901960784313725,0,taste,Verb-Noun
whistle,0.004901960784313725,0.004901960784313725,0,whistle,Verb-Noun
tick,0,0.00980392156862745,0.00980392156862745,tick,Verb-Noun
zip,0,0.004901960784313725,0.004901960784313725,zip,Verb-Noun
flap,-0.004901960784313725,0,0.004901960784313725,flap,Verb-Noun
hug,-0.004901960784313725,0.004901960784313725,0.00980392156862745,hug,Verb-Noun
leaves,-0.004901960784313725,0,0.004901960784313725,leave,Verb-Noun
pee,-0.004901960784313725,0,0.004901960784313725,pee,Verb-Noun
smell,-0.004901960784313725,0,0.004901960784313725,smell,Verb-Noun
can,-0.009803921568627454,0.024509803921568627,0.03431372549019608,can,Verb-Noun
fit,0.0392156862745098,0.0392156862745098,0,NA,NA
toys,0.0392156862745098,0.05392156862745098,0.014705882352941176,NA,NA
where's,0.0392156862745098,0.06372549019607843,0.024509803921568627,NA,NA
nana,0.03431372549019608,0.03431372549019608,0,NA,NA
i,0.02941176470588236,0.1323529411764706,0.10294117647058823,NA,NA
table,0.029411764705882356,0.04411764705882353,0.014705882352941176,NA,NA
teddy,0.029411764705882356,0.04411764705882353,0.014705882352941176,NA,NA
chips,0.029411764705882353,0.029411764705882353,0,NA,NA
wheel,0.029411764705882353,0.029411764705882353,0,NA,NA
what's,0.029411764705882346,0.08333333333333333,0.05392156862745098,NA,NA
ice+cream,0.02450980392156863,0.03431372549019608,0.00980392156862745,NA,NA
bump,0.024509803921568627,0.024509803921568627,0,NA,NA
coming,0.024509803921568627,0.0392156862745098,0.014705882352941176,NA,NA
doing,0.024509803921568627,0.0392156862745098,0.014705882352941176,NA,NA
let,0.024509803921568627,0.024509803921568627,0,NA,NA
it's,0.024509803921568624,0.06372549019607843,0.0392156862745098,NA,NA
that's,0.024509803921568624,0.06372549019607843,0.0392156862745098,NA,NA
anna,0.0196078431372549,0.0196078431372549,0,NA,NA
bob_the_builder,0.0196078431372549,0.0196078431372549,0,NA,NA
boys,0.0196078431372549,0.0196078431372549,0,NA,NA
caroline,0.0196078431372549,0.0196078431372549,0,NA,NA
finish,0.0196078431372549,0.0196078431372549,0,NA,NA
leg,0.0196078431372549,0.024509803921568627,0.004901960784313725,NA,NA
lots,0.0196078431372549,0.0196078431372549,0,NA,NA
making,0.0196078431372549,0.029411764705882353,0.00980392156862745,NA,NA
pooh_bear,0.0196078431372549,0.0196078431372549,0,NA,NA
thomas,0.0196078431372549,0.029411764705882353,0.00980392156862745,NA,NA
work,0.0196078431372549,0.029411764705882353,0.00980392156862745,NA,NA
doggy,0.01470588235294118,0.03431372549019608,0.0196078431372549,NA,NA
shoe,0.01470588235294118,0.03431372549019608,0.0196078431372549,NA,NA
there's,0.01470588235294118,0.04411764705882353,0.029411764705882353,NA,NA
crying,0.014705882352941176,0.0196078431372549,0.004901960784313725,NA,NA
daddy's,0.014705882352941176,0.024509803921568627,0.00980392156862745,NA,NA
dolly's,0.014705882352941176,0.014705882352941176,0,NA,NA
drawing,0.014705882352941176,0.014705882352941176,0,NA,NA
dumpty,0.014705882352941176,0.014705882352941176,0,NA,NA
granddad,0.014705882352941176,0.014705882352941176,0,NA,NA
henry,0.014705882352941176,0.014705882352941176,0,NA,NA
here's,0.014705882352941176,0.0196078431372549,0.004901960784313725,NA,NA
james,0.014705882352941176,0.014705882352941176,0,NA,NA
jumper,0.014705882352941176,0.014705882352941176,0,NA,NA
jwww,0.014705882352941176,0.014705882352941176,0,NA,NA
peter,0.014705882352941176,0.014705882352941176,0,NA,NA
raining,0.014705882352941176,0.024509803921568627,0.00980392156862745,NA,NA
shop,0.014705882352941176,0.014705882352941176,0,NA,NA
steps,0.014705882352941176,0.014705882352941176,0,NA,NA
sue,0.014705882352941176,0.014705882352941176,0,NA,NA
tom,0.014705882352941176,0.014705882352941176,0,NA,NA
going,0.014705882352941173,0.049019607843137254,0.03431372549019608,NA,NA
cars,0.009803921568627454,0.03431372549019608,0.024509803921568627,NA,NA
animal,0.00980392156862745,0.014705882352941176,0.004901960784313725,NA,NA
anne,0.00980392156862745,0.00980392156862745,0,NA,NA
biscuits,0.00980392156862745,0.00980392156862745,0,NA,NA
bob,0.00980392156862745,0.014705882352941176,0.004901960784313725,NA,NA
bow,0.00980392156862745,0.014705882352941176,0.004901960784313725,NA,NA
build,0.00980392156862745,0.00980392156862745,0,NA,NA
caroline's,0.00980392156862745,0.00980392156862745,0,NA,NA
close,0.00980392156862745,0.0196078431372549,0.00980392156862745,NA,NA
crashing,0.00980392156862745,0.00980392156862745,0,NA,NA
cwww,0.00980392156862745,0.00980392156862745,0,NA,NA
dadda,0.00980392156862745,0.00980392156862745,0,NA,NA
diesel,0.00980392156862745,0.00980392156862745,0,NA,NA
dizzy,0.00980392156862745,0.00980392156862745,0,NA,NA
dumper,0.00980392156862745,0.00980392156862745,0,NA,NA
ears,0.00980392156862745,0.00980392156862745,0,NA,NA
eating,0.00980392156862745,0.024509803921568627,0.014705882352941176,NA,NA
edward,0.00980392156862745,0.00980392156862745,0,NA,NA
eeyore,0.00980392156862745,0.00980392156862745,0,NA,NA
eggs,0.00980392156862745,0.0196078431372549,0.00980392156862745,NA,NA
ernie,0.00980392156862745,0.00980392156862745,0,NA,NA
fast,0.00980392156862745,0.00980392156862745,0,NA,NA
girls,0.00980392156862745,0.00980392156862745,0,NA,NA
gordon,0.00980392156862745,0.00980392156862745,0,NA,NA
grandad,0.00980392156862745,0.00980392156862745,0,NA,NA
grapes,0.00980392156862745,0.014705882352941176,0.004901960784313725,NA,NA
ha,0.00980392156862745,0.014705882352941176,0.004901960784313725,NA,NA
happy_birthday,0.00980392156862745,0.00980392156862745,0,NA,NA
he's,0.00980392156862745,0.0196078431372549,0.00980392156862745,NA,NA
humpty,0.00980392156862745,0.00980392156862745,0,NA,NA
jeannine,0.00980392156862745,0.00980392156862745,0,NA,NA
jim,0.00980392156862745,0.00980392156862745,0,NA,NA
love,0.00980392156862745,0.00980392156862745,0,NA,NA
mama,0.00980392156862745,0.049019607843137254,0.0392156862745098,NA,NA
miss,0.00980392156862745,0.00980392156862745,0,NA,NA
mix,0.00980392156862745,0.00980392156862745,0,NA,NA
monkeys,0.00980392156862745,0.00980392156862745,0,NA,NA
mummy's,0.00980392156862745,0.00980392156862745,0,NA,NA
mwww,0.00980392156862745,0.00980392156862745,0,NA,NA
painting,0.00980392156862745,0.00980392156862745,0,NA,NA
panda's,0.00980392156862745,0.00980392156862745,0,NA,NA
pat,0.00980392156862745,0.00980392156862745,0,NA,NA
percy,0.00980392156862745,0.014705882352941176,0.004901960784313725,NA,NA
playing,0.00980392156862745,0.0196078431372549,0.00980392156862745,NA,NA
pooed,0.00980392156862745,0.00980392156862745,0,NA,NA
pooh,0.00980392156862745,0.0196078431372549,0.00980392156862745,NA,NA
poorly,0.00980392156862745,0.00980392156862745,0,NA,NA
postman_pat,0.00980392156862745,0.00980392156862745,0,NA,NA
reading,0.00980392156862745,0.00980392156862745,0,NA,NA
sleeping,0.00980392156862745,0.0196078431372549,0.00980392156862745,NA,NA
socks,0.00980392156862745,0.014705882352941176,0.004901960784313725,NA,NA
strawberries,0.00980392156862745,0.00980392156862745,0,NA,NA
swing,0.00980392156862745,0.014705882352941176,0.004901960784313725,NA,NA
ted,0.00980392156862745,0.00980392156862745,0,NA,NA
thanks,0.00980392156862745,0.00980392156862745,0,NA,NA
tigers,0.00980392156862745,0.00980392156862745,0,NA,NA
toby,0.00980392156862745,0.00980392156862745,0,NA,NA
trains,0.00980392156862745,0.014705882352941176,0.004901960784313725,NA,NA
trees,0.00980392156862745,0.00980392156862745,0,NA,NA
wendy,0.00980392156862745,0.00980392156862745,0,NA,NA
wipe,0.00980392156862745,0.00980392156862745,0,NA,NA
anna's,0.004901960784313725,0.004901960784313725,0,NA,NA
apples,0.004901960784313725,0.004901960784313725,0,NA,NA
baby's,0.004901960784313725,0.004901960784313725,0,NA,NA
bertie,0.004901960784313725,0.004901960784313725,0,NA,NA
bits,0.004901960784313725,0.004901960784313725,0,NA,NA
blocks,0.004901960784313725,0.00980392156862745,0.004901960784313725,NA,NA
boats,0.004901960784313725,0.004901960784313725,0,NA,NA
bobby,0.004901960784313725,0.004901960784313725,0,NA,NA
bounce,0.004901960784313725,0.004901960784313725,0,NA,NA
brick,0.004901960784313725,0.004901960784313725,0,NA,NA
car's,0.004901960784313725,0.004901960784313725,0,NA,NA
carry,0.004901960784313725,0.004901960784313725,0,NA,NA
cathy,0.004901960784313725,0.004901960784313725,0,NA,NA
christmas,0.004901960784313725,0.004901960784313725,0,NA,NA
climbing,0.004901960784313725,0.004901960784313725,0,NA,NA
colors,0.004901960784313725,0.004901960784313725,0,NA,NA
cooking,0.004901960784313725,0.004901960784313725,0,NA,NA
cover,0.004901960784313725,0.004901960784313725,0,NA,NA
cows,0.004901960784313725,0.00980392156862745,0.004901960784313725,NA,NA
crisp,0.004901960784313725,0.004901960784313725,0,NA,NA
dancing,0.004901960784313725,0.004901960784313725,0,NA,NA
drinking,0.004901960784313725,0.014705882352941176,0.00980392156862745,NA,NA
drive,0.004901960784313725,0.00980392156862745,0.004901960784313725,NA,NA
driving,0.004901960784313725,0.004901960784313725,0,NA,NA
ducks,0.004901960784313725,0.00980392156862745,0.004901960784313725,NA,NA
falling,0.004901960784313725,0.004901960784313725,0,NA,NA
farmer,0.004901960784313725,0.00980392156862745,0.004901960784313725,NA,NA
flowers,0.004901960784313725,0.00980392156862745,0.004901960784313725,NA,NA
frosty,0.004901960784313725,0.004901960784313725,0,NA,NA
grandpa,0.004901960784313725,0.00980392156862745,0.004901960784313725,NA,NA
grandpa's,0.004901960784313725,0.004901960784313725,0,NA,NA
granny,0.004901960784313725,0.004901960784313725,0,NA,NA
harold,0.004901960784313725,0.004901960784313725,0,NA,NA
hen,0.004901960784313725,0.004901960784313725,0,NA,NA
hiding,0.004901960784313725,0.00980392156862745,0.004901960784313725,NA,NA
high,0.004901960784313725,0.004901960784313725,0,NA,NA
his,0.004901960784313725,0.024509803921568627,0.0196078431372549,NA,NA
hurt,0.004901960784313725,0.00980392156862745,0.004901960784313725,NA,NA
i've,0.004901960784313725,0.004901960784313725,0,NA,NA
jacket,0.004901960784313725,0.004901960784313725,0,NA,NA
jelly,0.004901960784313725,0.00980392156862745,0.004901960784313725,NA,NA
jess,0.004901960784313725,0.004901960784313725,0,NA,NA
jill,0.004901960784313725,0.004901960784313725,0,NA,NA
keys,0.004901960784313725,0.00980392156862745,0.004901960784313725,NA,NA
kick,0.004901960784313725,0.00980392156862745,0.004901960784313725,NA,NA
knee,0.004901960784313725,0.00980392156862745,0.004901960784313725,NA,NA
later,0.004901960784313725,0.004901960784313725,0,NA,NA
leave,0.004901960784313725,0.00980392156862745,0.004901960784313725,NA,NA
lights,0.004901960784313725,0.004901960784313725,0,NA,NA
lions,0.004901960784313725,0.004901960784313725,0,NA,NA
living,0.004901960784313725,0.004901960784313725,0,NA,NA
looking,0.004901960784313725,0.014705882352941176,0.00980392156862745,NA,NA
march,0.004901960784313725,0.004901960784313725,0,NA,NA
mickey,0.004901960784313725,0.00980392156862745,0.004901960784313725,NA,NA
mommy's,0.004901960784313725,0.014705882352941176,0.00980392156862745,NA,NA
monster,0.004901960784313725,0.004901960784313725,0,NA,NA
noddy,0.004901960784313725,0.004901960784313725,0,NA,NA
ones,0.004901960784313725,0.004901960784313725,0,NA,NA
papa,0.004901960784313725,0.00980392156862745,0.004901960784313725,NA,NA
pens,0.004901960784313725,0.004901960784313725,0,NA,NA
pictures,0.004901960784313725,0.00980392156862745,0.004901960784313725,NA,NA
pingu,0.004901960784313725,0.004901960784313725,0,NA,NA
pounds,0.004901960784313725,0.004901960784313725,0,NA,NA
puppet,0.004901960784313725,0.004901960784313725,0,NA,NA
rachel,0.004901960784313725,0.004901960784313725,0,NA,NA
riding,0.004901960784313725,0.004901960784313725,0,NA,NA
roll,0.004901960784313725,0.00980392156862745,0.004901960784313725,NA,NA
sam,0.004901960784313725,0.004901960784313725,0,NA,NA
santa,0.004901960784313725,0.004901960784313725,0,NA,NA
sarah,0.004901960784313725,0.00980392156862745,0.004901960784313725,NA,NA
saw,0.004901960784313725,0.00980392156862745,0.004901960784313725,NA,NA
says,0.004901960784313725,0.00980392156862745,0.004901960784313725,NA,NA
shed,0.004901960784313725,0.004901960784313725,0,NA,NA
shoulders,0.004901960784313725,0.004901960784313725,0,NA,NA
sir,0.004901960784313725,0.004901960784313725,0,NA,NA
standing,0.004901960784313725,0.004901960784313725,0,NA,NA
stick,0.004901960784313725,0.00980392156862745,0.004901960784313725,NA,NA
sweeties,0.004901960784313725,0.004901960784313725,0,NA,NA
talking,0.004901960784313725,0.004901960784313725,0,NA,NA
tape,0.004901960784313725,0.014705882352941176,0.00980392156862745,NA,NA
telly,0.004901960784313725,0.004901960784313725,0,NA,NA
tick+tock,0.004901960784313725,0.004901960784313725,0,NA,NA
tigger,0.004901960784313725,0.014705882352941176,0.00980392156862745,NA,NA
tinky_winky,0.004901960784313725,0.00980392156862745,0.004901960784313725,NA,NA
tired,0.004901960784313725,0.00980392156862745,0.004901960784313725,NA,NA
try,0.004901960784313725,0.00980392156862745,0.004901960784313725,NA,NA
wee+wee,0.004901960784313725,0.00980392156862745,0.004901960784313725,NA,NA
alex,0,0.004901960784313725,0.004901960784313725,NA,NA
andy,0,0.004901960784313725,0.004901960784313725,NA,NA
arms,0,0.004901960784313725,0.004901960784313725,NA,NA
babies,0,0.004901960784313725,0.004901960784313725,NA,NA
bears,0,0.004901960784313725,0.004901960784313725,NA,NA
beer,0,0.004901960784313725,0.004901960784313725,NA,NA
bees,0,0.004901960784313725,0.004901960784313725,NA,NA
belly,0,0.004901960784313725,0.004901960784313725,NA,NA
ben,0,0.004901960784313725,0.004901960784313725,NA,NA
billy,0,0.004901960784313725,0.004901960784313725,NA,NA
birds,0,0.004901960784313725,0.004901960784313725,NA,NA
blankets,0,0.004901960784313725,0.004901960784313725,NA,NA
busy,0,0.004901960784313725,0.004901960784313725,NA,NA
call,0,0.004901960784313725,0.004901960784313725,NA,NA
cats,0,0.004901960784313725,0.004901960784313725,NA,NA
chairs,0,0.004901960784313725,0.004901960784313725,NA,NA
circles,0,0.004901960784313725,0.004901960784313725,NA,NA
crayons,0,0.004901960784313725,0.004901960784313725,NA,NA
daddy,0,0.12254901960784313,0.12254901960784313,NA,NA
david,0,0.004901960784313725,0.004901960784313725,NA,NA
ding,0,0.00980392156862745,0.00980392156862745,NA,NA
doctor,0,0.004901960784313725,0.004901960784313725,NA,NA
dogs,0,0.004901960784313725,0.004901960784313725,NA,NA
eye,0,0.0196078431372549,0.0196078431372549,NA,NA
fire+engine,0,0.004901960784313725,0.004901960784313725,NA,NA
fixed,0,0.004901960784313725,0.004901960784313725,NA,NA
foot,0,0.004901960784313725,0.004901960784313725,NA,NA
george,0,0.004901960784313725,0.004901960784313725,NA,NA
georgie,0,0.004901960784313725,0.004901960784313725,NA,NA
hands,0,0.004901960784313725,0.004901960784313725,NA,NA
having,0,0.004901960784313725,0.004901960784313725,NA,NA
humpty_dumpty,0,0.004901960784313725,0.004901960784313725,NA,NA
i'll,0,0.004901960784313725,0.004901960784313725,NA,NA
ice,0,0.00980392156862745,0.00980392156862745,NA,NA
jenny,0,0.004901960784313725,0.004901960784313725,NA,NA
linda,0,0.004901960784313725,0.004901960784313725,NA,NA
lucy,0,0.004901960784313725,0.004901960784313725,NA,NA
lulu,0,0.004901960784313725,0.004901960784313725,NA,NA
night+night,0,0.004901960784313725,0.004901960784313725,NA,NA
nurse,0,0.004901960784313725,0.004901960784313725,NA,NA
pa,0,0.004901960784313725,0.004901960784313725,NA,NA
piggy,0,0.004901960784313725,0.004901960784313725,NA,NA
poo+poo,0,0.004901960784313725,0.004901960784313725,NA,NA
ring,0,0.004901960784313725,0.004901960784313725,NA,NA
sky,0,0.014705882352941176,0.014705882352941176,NA,NA
toes,0,0.004901960784313725,0.004901960784313725,NA,NA
trucks,0,0.00980392156862745,0.00980392156862745,NA,NA
uncle,0,0.004901960784313725,0.004901960784313725,NA,NA
walking,0,0.004901960784313725,0.004901960784313725,NA,NA
wants,0,0.004901960784313725,0.004901960784313725,NA,NA
washing,0,0.004901960784313725,0.004901960784313725,NA,NA
wear,0,0.004901960784313725,0.004901960784313725,NA,NA
who,0,0.014705882352941176,0.014705882352941176,NA,NA
annie,-0.004901960784313725,0.004901960784313725,0.00980392156862745,NA,NA
balls,-0.004901960784313725,0,0.004901960784313725,NA,NA
barney,-0.004901960784313725,0.004901960784313725,0.00980392156862745,NA,NA
books,-0.004901960784313725,0.014705882352941176,0.0196078431372549,NA,NA
buzz,-0.004901960784313725,0.004901960784313725,0.00980392156862745,NA,NA
candy,-0.004901960784313725,0.00980392156862745,0.014705882352941176,NA,NA
cards,-0.004901960784313725,0,0.004901960784313725,NA,NA
choo,-0.004901960784313725,0.014705882352941176,0.0196078431372549,NA,NA
coloring,-0.004901960784313725,0,0.004901960784313725,NA,NA
cookies,-0.004901960784313725,0,0.004901960784313725,NA,NA
cups,-0.004901960784313725,0,0.004901960784313725,NA,NA
dinosaurs,-0.004901960784313725,0,0.004901960784313725,NA,NA
dipsy,-0.004901960784313725,0,0.004901960784313725,NA,NA
dolls,-0.004901960784313725,0.004901960784313725,0.00980392156862745,NA,NA
dressed,-0.004901960784313725,0,0.004901960784313725,NA,NA
emily,-0.004901960784313725,0.004901960784313725,0.00980392156862745,NA,NA
fixing,-0.004901960784313725,0.004901960784313725,0.00980392156862745,NA,NA
guy,-0.004901960784313725,0.004901960784313725,0.00980392156862745,NA,NA
happening,-0.004901960784313725,0,0.004901960784313725,NA,NA
higher,-0.004901960784313725,0,0.004901960784313725,NA,NA
holding,-0.004901960784313725,0.004901960784313725,0.00980392156862745,NA,NA
horses,-0.004901960784313725,0,0.004901960784313725,NA,NA
into,-0.004901960784313725,0,0.004901960784313725,NA,NA
its,-0.004901960784313725,0,0.004901960784313725,NA,NA
john,-0.004901960784313725,0.004901960784313725,0.00980392156862745,NA,NA
jumping,-0.004901960784313725,0.004901960784313725,0.00980392156862745,NA,NA
looks,-0.004901960784313725,0,0.004901960784313725,NA,NA
needs,-0.004901960784313725,0,0.004901960784313725,NA,NA
nuts,-0.004901960784313725,0,0.004901960784313725,NA,NA
o,-0.004901960784313725,0.004901960784313725,0.00980392156862745,NA,NA
pieces,-0.004901960784313725,0,0.004901960784313725,NA,NA
play_doh,-0.004901960784313725,0.004901960784313725,0.00980392156862745,NA,NA
racing,-0.004901960784313725,0,0.004901960784313725,NA,NA
real,-0.004901960784313725,0,0.004901960784313725,NA,NA
rest,-0.004901960784313725,0,0.004901960784313725,NA,NA
roo,-0.004901960784313725,0.004901960784313725,0.00980392156862745,NA,NA
sandy,-0.004901960784313725,0,0.004901960784313725,NA,NA
seed,-0.004901960784313725,0,0.004901960784313725,NA,NA
she's,-0.004901960784313725,0,0.004901960784313725,NA,NA
somebody's,-0.004901960784313725,0,0.004901960784313725,NA,NA
stars,-0.004901960784313725,0.004901960784313725,0.00980392156862745,NA,NA
story,-0.004901960784313725,0,0.004901960784313725,NA,NA
talk,-0.004901960784313725,0.004901960784313725,0.00980392156862745,NA,NA
tee,-0.004901960784313725,0,0.004901960784313725,NA,NA
thing,-0.004901960784313725,0.004901960784313725,0.00980392156862745,NA,NA
things,-0.004901960784313725,0,0.004901960784313725,NA,NA
tow,-0.004901960784313725,0,0.004901960784313725,NA,NA
wanted,-0.004901960784313725,0,0.004901960784313725,NA,NA
word,-0.004901960784313725,0,0.004901960784313725,NA,NA
boo+boo,-0.00980392156862745,0,0.00980392156862745,NA,NA
boots,-0.00980392156862745,0.004901960784313725,0.014705882352941176,NA,NA
bubble,-0.00980392156862745,0.00980392156862745,0.0196078431372549,NA,NA
comes,-0.00980392156862745,0.004901960784313725,0.014705882352941176,NA,NA
d,-0.00980392156862745,0,0.00980392156862745,NA,NA
elmo,-0.00980392156862745,0,0.00980392156862745,NA,NA
halloween,-0.00980392156862745,0,0.00980392156862745,NA,NA
lily,-0.00980392156862745,0,0.00980392156862745,NA,NA
poppy,-0.00980392156862745,0,0.00980392156862745,NA,NA
sally,-0.00980392156862745,0,0.00980392156862745,NA,NA
your,-0.009803921568627454,0.024509803921568627,0.03431372549019608,NA,NA
dad,-0.014705882352941176,0.00980392156862745,0.024509803921568627,NA,NA
dada,-0.014705882352941176,0.024509803921568627,0.0392156862745098,NA,NA
mom,-0.014705882352941176,0.014705882352941176,0.029411764705882353,NA,NA
wiggle,-0.014705882352941176,0,0.014705882352941176,NA,NA
er,-0.0196078431372549,0.004901960784313725,0.024509803921568627,NA,NA
i'm,-0.019607843137254905,0.024509803921568627,0.04411764705882353,NA,NA
mum,-0.01960784313725491,0.049019607843137254,0.06862745098039216,NA,NA
mommy,-0.024509803921568624,0.0392156862745098,0.06372549019607843,NA,NA
ma,-0.03431372549019608,0,0.03431372549019608,NA,NA
