gloss,diff,high,low,stem_gloss,molly_pos
dear,0.053921569,0.053921569,0,dear,Adjective
big,0.049019608,0.098039216,0.049019608,big,Adjective
stuck,0.044117647,0.053921569,0.009803922,stuck,Adjective
hot,0.034313725,0.058823529,0.024509804,hot,Adjective
fall,0.029411765,0.044117647,0.014705882,fall,Adjective
right,0.029411765,0.053921569,0.024509804,right,Adjective
white,0.029411765,0.039215686,0.009803922,white,Adjective
just,0.024509804,0.034313725,0.009803922,just,Adjective
yellow,0.024509804,0.049019608,0.024509804,yellow,Adjective
round,0.019607843,0.044117647,0.024509804,round,Adjective
broken,0.019607843,0.039215686,0.019607843,broken,Adjective
happy,0.019607843,0.029411765,0.009803922,happy,Adjective
jigsaw,0.019607843,0.019607843,0,jigsaw,Adjective
open,0.019607843,0.049019608,0.029411765,open,Adjective
ready,0.019607843,0.024509804,0.004901961,ready,Adjective
black,0.014705882,0.024509804,0.009803922,black,Adjective
dirty,0.014705882,0.029411765,0.014705882,dirty,Adjective
little,0.014705882,0.039215686,0.024509804,little,Adjective
nice,0.014705882,0.029411765,0.014705882,nice,Adjective
poor,0.014705882,0.014705882,0,poor,Adjective
tiny,0.014705882,0.014705882,0,tiny,Adjective
wrong,0.014705882,0.014705882,0,wrong,Adjective
asleep,0.009803922,0.009803922,0,asleep,Adjective
better,0.009803922,0.019607843,0.009803922,better,Adjective
bouncy,0.009803922,0.009803922,0,bouncy,Adjective
cool,0.009803922,0.009803922,0,cool,Adjective
cute,0.009803922,0.009803922,0,cute,Adjective
empty,0.009803922,0.014705882,0.004901961,empty,Adjective
hard,0.009803922,0.014705882,0.004901961,hard,Adjective
hungry,0.009803922,0.009803922,0,hungry,Adjective
long,0.009803922,0.009803922,0,long,Adjective
loud,0.009803922,0.009803922,0,loud,Adjective
next,0.009803922,0.009803922,0,next,Adjective
present,0.009803922,0.009803922,0,present,Adjective
sorry,0.009803922,0.009803922,0,sorry,Adjective
warm,0.009803922,0.009803922,0,warm,Adjective
bare,0.004901961,0.004901961,0,bare,Adjective
cheeky,0.004901961,0.004901961,0,cheeky,Adjective
closed,0.004901961,0.004901961,0,close,Adjective
dark,0.004901961,0.009803922,0.004901961,dark,Adjective
dead,0.004901961,0.004901961,0,dead,Adjective
fair,0.004901961,0.004901961,0,fair,Adjective
funny,0.004901961,0.019607843,0.014705882,funny,Adjective
heavy,0.004901961,0.009803922,0.004901961,heavy,Adjective
high+chair,0.004901961,0.004901961,0,high,Adjective
lolly,0.004901961,0.009803922,0.004901961,lolly,Adjective
lost,0.004901961,0.009803922,0.004901961,lost,Adjective
naughty,0.004901961,0.014705882,0.009803922,naughty,Adjective
noisy,0.004901961,0.009803922,0.004901961,noisy,Adjective
post,0.004901961,0.004901961,0,post,Adjective
rolly,0.004901961,0.004901961,0,rolly,Adjective
sad,0.004901961,0.004901961,0,sad,Adjective
scary,0.004901961,0.004901961,0,scary,Adjective
silly,0.004901961,0.009803922,0.004901961,silly,Adjective
steady,0.004901961,0.004901961,0,steady,Adjective
straight,0.004901961,0.004901961,0,straight,Adjective
sweet,0.004901961,0.004901961,0,sweet,Adjective
wee,0.004901961,0.029411765,0.024509804,wee,Adjective
careful,0,0.004901961,0.004901961,careful,Adjective
clean,0,0.014705882,0.014705882,clean,Adjective
first,0,0.004901961,0.004901961,first,Adjective
good,0,0.029411765,0.029411765,good,Adjective
late,0,0.004901961,0.004901961,late,Adjective
old,0,0.004901961,0.004901961,old,Adjective
pretty,0,0.004901961,0.004901961,pretty,Adjective
quick,0,0.004901961,0.004901961,quick,Adjective
really,0,0.004901961,0.004901961,real,Adjective
scared,0,0.004901961,0.004901961,scar,Adjective
sick,0,0.004901961,0.004901961,sick,Adjective
small,0,0.004901961,0.004901961,small,Adjective
smelly,0,0.004901961,0.004901961,smelly,Adjective
sticky,0,0.009803922,0.009803922,sticky,Adjective
wet,0,0.014705882,0.014705882,wet,Adjective
bad,-0.004901961,0,0.004901961,bad,Adjective
biggest,-0.004901961,0,0.004901961,biggest,Adjective
cold,-0.004901961,0.014705882,0.019607843,cold,Adjective
crunchy,-0.004901961,0,0.004901961,crunchy,Adjective
left,-0.004901961,0,0.004901961,left,Adjective
missing,-0.004901961,0,0.004901961,miss,Adjective
new,-0.004901961,0.014705882,0.019607843,new,Adjective
polar,-0.004901961,0,0.004901961,polar,Adjective
same,-0.004901961,0,0.004901961,same,Adjective
sleepy,-0.004901961,0.004901961,0.009803922,sleepy,Adjective
still,-0.004901961,0,0.004901961,still,Adjective
tall,-0.004901961,0,0.004901961,tall,Adjective
wide,-0.004901961,0,0.004901961,wide,Adjective
muddy,-0.009803922,0,0.009803922,muddy,Adjective
welcome,-0.009803922,0,0.009803922,welcome,Adjective
fast,0.009803922,0.009803922,0,NA,Adjective
dizzy,0.009803922,0.009803922,0,NA,Adjective
frosty,0.004901961,0.004901961,0,NA,Adjective
high,0.004901961,0.004901961,0,NA,Adjective
tired,0.004901961,0.009803922,0.004901961,NA,Adjective
higher,-0.004901961,0,0.004901961,NA,Adjective
close,0.009803922,0.019607843,0.009803922,NA,Adjective
busy,0,0.004901961,0.004901961,NA,Adjective
fixed,0,0.004901961,0.004901961,NA,Adjective
real,-0.004901961,0,0.004901961,NA,Adjective
again,0.053921569,0.073529412,0.019607843,again,Adverb
not,0.034313725,0.068627451,0.034313725,not,Adverb
okay,0.034313725,0.053921569,0.019607843,okay,Adverb
now,0.029411765,0.053921569,0.024509804,now,Adverb
too,0.019607843,0.044117647,0.024509804,too,Adverb
very,0.014705882,0.014705882,0,very,Adverb
alright,0.009803922,0.014705882,0.004901961,alright,Adverb
downstairs,0.009803922,0.009803922,0,downstairs,Adverb
then,0.009803922,0.014705882,0.004901961,then,Adverb
together,0.009803922,0.009803922,0,together,Adverb
actually,0.004901961,0.004901961,0,actual,Adverb
never,0.004901961,0.004901961,0,never,Adverb
night_night,0.004901961,0.009803922,0.004901961,night_night,Adverb
lovely,0,0.004901961,0.004901961,love,Adverb
nope,0,0.009803922,0.009803922,nope,Adverb
well,0,0.009803922,0.009803922,well,Adverb
always,-0.004901961,0,0.004901961,always,Adverb
good_night,-0.004901961,0,0.004901961,good_night,Adverb
yep,-0.004901961,0.009803922,0.014705882,yep,Adverb
no,-0.004901961,0.156862745,0.161764706,no,Adverb
maybe,-0.014705882,0,0.014705882,maybe,Adverb
poorly,0.009803922,0.009803922,0,NA,Adverb
please,0.06372549,0.068627451,0.004901961,please,Conjunction
and,0.034313725,0.088235294,0.053921569,and,Conjunction
yet,0.009803922,0.009803922,0,yet,Conjunction
as_well,0.004901961,0.004901961,0,as_well,Conjunction
because,0.004901961,0.014705882,0.009803922,because,Conjunction
if,0.004901961,0.004901961,0,if,Conjunction
but,0,0.004901961,0.004901961,but,Conjunction
so,0,0.004901961,0.004901961,so,Conjunction
or,-0.004901961,0.004901961,0.009803922,or,Conjunction
the,0.053921569,0.12254902,0.068627451,the,Definite Article
other,0.009803922,0.029411765,0.019607843,other,Definite Article
a,0.009803922,0.147058824,0.137254902,a,Definite Article
else,0.004901961,0.014705882,0.009803922,else,other
their,0.004901961,0.004901961,0,their,Pronoun
own,0,0.004901961,0.004901961,own,Pronoun
an,-0.004901961,0.004901961,0.009803922,an,Definite Article
that,-0.014705882,0.112745098,0.12745098,that,Pronoun
mhm,0.083333333,0.083333333,0,mhm,Interjection
yeah,0.068627451,0.117647059,0.049019608,yeah,Interjection
um,0.039215686,0.068627451,0.029411765,um,Interjection
uhhuh,0.029411765,0.029411765,0,uhhuh,Interjection
all_gone,0.024509804,0.034313725,0.009803922,all_gone,Interjection
whoops,0.024509804,0.024509804,0,whoop,Interjection
yes,0.019607843,0.073529412,0.053921569,ye,Interjection
hm,0.014705882,0.034313725,0.019607843,hm,Interjection
byebye,0.014705882,0.039215686,0.024509804,byebye,Interjection
hey,0.014705882,0.039215686,0.024509804,hey,Interjection
whee,0.014705882,0.024509804,0.009803922,whee,Interjection
whoo,0.014705882,0.014705882,0,whoo,Interjection
aah,0.009803922,0.009803922,0,aah,Interjection
hooray,0.009803922,0.009803922,0,hooray,Interjection
oops,0.009803922,0.019607843,0.009803922,oops,Interjection
thank,0.009803922,0.009803922,0,thank,Interjection
thank_you,0.009803922,0.014705882,0.004901961,thank_you,Interjection
uhhum,0.009803922,0.009803922,0,uhhum,Interjection
achoo,0.004901961,0.004901961,0,achoo,Interjection
ahhah,0.004901961,0.009803922,0.004901961,ahhah,Interjection
ba,0.004901961,0.004901961,0,ba,Interjection
huh,0.004901961,0.029411765,0.024509804,huh,Interjection
ssh,0.004901961,0.009803922,0.004901961,ssh,Interjection
ugh,0.004901961,0.004901961,0,ugh,Interjection
uhoh,0.004901961,0.019607843,0.014705882,uhoh,Interjection
uhuh,0.004901961,0.004901961,0,uhuh,Interjection
vroom,0.004901961,0.004901961,0,vroom,Interjection
ya,0.004901961,0.004901961,0,ya,Interjection
yucky,0.004901961,0.009803922,0.004901961,yucky,Interjection
yum,0.004901961,0.009803922,0.004901961,yum,Interjection
yummy,0.004901961,0.014705882,0.009803922,yummy,Interjection
zoom,0.004901961,0.004901961,0,zoom,Interjection
boo,0,0.014705882,0.014705882,boo,Interjection
hum,0,0.009803922,0.009803922,hum,Interjection
hunhunh,0,0.004901961,0.004901961,hunhunh,Interjection
nah,0,0.004901961,0.004901961,nah,Interjection
ooh,0,0.014705882,0.014705882,ooh,Interjection
shh,0,0.004901961,0.004901961,shh,Interjection
yuck,0,0.004901961,0.004901961,yuck,Interjection
eh,-0.004901961,0.024509804,0.029411765,eh,Interjection
ouch,-0.004901961,0.004901961,0.009803922,ouch,Interjection
ow,-0.004901961,0.024509804,0.029411765,ow,Interjection
ta,-0.004901961,0.004901961,0.009803922,ta,Interjection
yeh,-0.004901961,0.009803922,0.014705882,yeh,Interjection
yup,-0.004901961,0.004901961,0.009803922,yup,Interjection
ay,-0.009803922,0,0.009803922,ay,Interjection
hi,-0.009803922,0.029411765,0.039215686,hi,Interjection
whoa,-0.009803922,0,0.009803922,whoa,Interjection
wow,-0.009803922,0.009803922,0.019607843,wow,Interjection
yay,-0.009803922,0,0.009803922,yay,Interjection
bah,-0.014705882,0,0.014705882,bah,Interjection
woo,-0.019607843,0.004901961,0.024509804,woo,Interjection
oh,-0.019607843,0.142156863,0.161764706,oh,Interjection
ah,-0.029411765,0.073529412,0.102941176,ah,Interjection
mm,-0.039215686,0.049019608,0.088235294,mm,Interjection
uh,-0.058823529,0.078431373,0.137254902,uh,Interjection
ha,0.009803922,0.014705882,0.004901961,NA,Interjection
happy_birthday,0.009803922,0.009803922,0,NA,Interjection
night+night,0,0.004901961,0.004901961,NA,Interjection
thanks,0.009803922,0.009803922,0,NA,Interjection
rest,-0.004901961,0,0.004901961,NA,Verb-Noun
lots,0.019607843,0.019607843,0,NA,Noun
telly,0.004901961,0.004901961,0,NA,Noun
shoe,0.014705882,0.034313725,0.019607843,NA,Noun
ducks,0.004901961,0.009803922,0.004901961,NA,Noun
tape,0.004901961,0.014705882,0.009803922,NA,Noun
boys,0.019607843,0.019607843,0,NA,Noun
finish,0.019607843,0.019607843,0,NA,Noun
leg,0.019607843,0.024509804,0.004901961,NA,Noun
doggy,0.014705882,0.034313725,0.019607843,NA,Noun
daddy's,0.014705882,0.024509804,0.009803922,NA,Noun
dolly's,0.014705882,0.014705882,0,NA,Noun
granddad,0.014705882,0.014705882,0,NA,Noun
jumper,0.014705882,0.014705882,0,NA,Noun
shop,0.014705882,0.014705882,0,NA,Noun
cars,0.009803922,0.034313725,0.024509804,NA,Noun
animal,0.009803922,0.014705882,0.004901961,NA,Noun
biscuits,0.009803922,0.009803922,0,NA,Noun
bow,0.009803922,0.014705882,0.004901961,NA,Noun
dadda,0.009803922,0.009803922,0,NA,Noun
diesel,0.009803922,0.009803922,0,NA,Noun
dumper,0.009803922,0.009803922,0,NA,Noun
ears,0.009803922,0.009803922,0,NA,Noun
eggs,0.009803922,0.019607843,0.009803922,NA,Noun
girls,0.009803922,0.009803922,0,NA,Noun
grandad,0.009803922,0.009803922,0,NA,Noun
grapes,0.009803922,0.014705882,0.004901961,NA,Noun
mama,0.009803922,0.049019608,0.039215686,NA,Noun
monkeys,0.009803922,0.009803922,0,NA,Noun
mummy's,0.009803922,0.009803922,0,NA,Noun
panda's,0.009803922,0.009803922,0,NA,Noun
socks,0.009803922,0.014705882,0.004901961,NA,Noun
strawberries,0.009803922,0.009803922,0,NA,Noun
tigers,0.009803922,0.009803922,0,NA,Noun
trains,0.009803922,0.014705882,0.004901961,NA,Noun
trees,0.009803922,0.009803922,0,NA,Noun
apples,0.004901961,0.004901961,0,NA,Noun
baby's,0.004901961,0.004901961,0,NA,Noun
blocks,0.004901961,0.009803922,0.004901961,NA,Noun
boats,0.004901961,0.004901961,0,NA,Noun
brick,0.004901961,0.004901961,0,NA,Noun
car's,0.004901961,0.004901961,0,NA,Noun
christmas,0.004901961,0.004901961,0,NA,Noun
colors,0.004901961,0.004901961,0,NA,Noun
cows,0.004901961,0.009803922,0.004901961,NA,Noun
farmer,0.004901961,0.009803922,0.004901961,NA,Noun
flowers,0.004901961,0.009803922,0.004901961,NA,Noun
grandpa,0.004901961,0.009803922,0.004901961,NA,Noun
grandpa's,0.004901961,0.004901961,0,NA,Noun
granny,0.004901961,0.004901961,0,NA,Noun
hen,0.004901961,0.004901961,0,NA,Noun
jacket,0.004901961,0.004901961,0,NA,Noun
jelly,0.004901961,0.009803922,0.004901961,NA,Noun
keys,0.004901961,0.009803922,0.004901961,NA,Noun
knee,0.004901961,0.009803922,0.004901961,NA,Noun
lights,0.004901961,0.004901961,0,NA,Noun
lions,0.004901961,0.004901961,0,NA,Noun
living,0.004901961,0.004901961,0,NA,Noun
mommy's,0.004901961,0.014705882,0.009803922,NA,Noun
monster,0.004901961,0.004901961,0,NA,Noun
papa,0.004901961,0.009803922,0.004901961,NA,Noun
pens,0.004901961,0.004901961,0,NA,Noun
pictures,0.004901961,0.009803922,0.004901961,NA,Noun
pounds,0.004901961,0.004901961,0,NA,Noun
puppet,0.004901961,0.004901961,0,NA,Noun
shoulders,0.004901961,0.004901961,0,NA,Noun
stick,0.004901961,0.009803922,0.004901961,NA,Noun
sweeties,0.004901961,0.004901961,0,NA,Noun
arms,0,0.004901961,0.004901961,NA,Noun
babies,0,0.004901961,0.004901961,NA,Noun
bears,0,0.004901961,0.004901961,NA,Noun
beer,0,0.004901961,0.004901961,NA,Noun
bees,0,0.004901961,0.004901961,NA,Noun
belly,0,0.004901961,0.004901961,NA,Noun
birds,0,0.004901961,0.004901961,NA,Noun
blankets,0,0.004901961,0.004901961,NA,Noun
cats,0,0.004901961,0.004901961,NA,Noun
chairs,0,0.004901961,0.004901961,NA,Noun
circles,0,0.004901961,0.004901961,NA,Noun
crayons,0,0.004901961,0.004901961,NA,Noun
daddy,0,0.12254902,0.12254902,NA,Noun
doctor,0,0.004901961,0.004901961,NA,Noun
dogs,0,0.004901961,0.004901961,NA,Noun
eye,0,0.019607843,0.019607843,NA,Noun
fire+engine,0,0.004901961,0.004901961,NA,Noun
foot,0,0.004901961,0.004901961,NA,Noun
hands,0,0.004901961,0.004901961,NA,Noun
ice,0,0.009803922,0.009803922,NA,Noun
nurse,0,0.004901961,0.004901961,NA,Noun
pa,0,0.004901961,0.004901961,NA,Noun
piggy,0,0.004901961,0.004901961,NA,Noun
poo+poo,0,0.004901961,0.004901961,NA,Noun
ring,0,0.004901961,0.004901961,NA,Noun
sky,0,0.014705882,0.014705882,NA,Noun
toes,0,0.004901961,0.004901961,NA,Noun
trucks,0,0.009803922,0.009803922,NA,Noun
uncle,0,0.004901961,0.004901961,NA,Noun
balls,-0.004901961,0,0.004901961,NA,Noun
books,-0.004901961,0.014705882,0.019607843,NA,Noun
candy,-0.004901961,0.009803922,0.014705882,NA,Noun
cards,-0.004901961,0,0.004901961,NA,Noun
cookies,-0.004901961,0,0.004901961,NA,Noun
cups,-0.004901961,0,0.004901961,NA,Noun
dinosaurs,-0.004901961,0,0.004901961,NA,Noun
dolls,-0.004901961,0.004901961,0.009803922,NA,Noun
guy,-0.004901961,0.004901961,0.009803922,NA,Noun
horses,-0.004901961,0,0.004901961,NA,Noun
nuts,-0.004901961,0,0.004901961,NA,Noun
pieces,-0.004901961,0,0.004901961,NA,Noun
play_doh,-0.004901961,0.004901961,0.009803922,NA,Noun
seed,-0.004901961,0,0.004901961,NA,Noun
stars,-0.004901961,0.004901961,0.009803922,NA,Noun
story,-0.004901961,0,0.004901961,NA,Noun
halloween,-0.009803922,0,0.009803922,NA,Noun
poppy,-0.009803922,0,0.009803922,NA,Noun
mummy,0.049019608,0.088235294,0.039215686,mummy,Noun
hat,0.044117647,0.068627451,0.024509804,hat,Noun
dolly,0.044117647,0.044117647,0,dolly,Noun
hair,0.044117647,0.053921569,0.009803922,hair,Noun
tiger,0.044117647,0.044117647,0,tiger,Noun
box,0.044117647,0.058823529,0.014705882,box,Noun
car,0.044117647,0.102941176,0.058823529,car,Noun
horse,0.044117647,0.049019608,0.004901961,horse,Noun
man,0.044117647,0.058823529,0.014705882,man,Noun
baby,0.039215686,0.102941176,0.06372549,baby,Noun
giraffe,0.039215686,0.039215686,0,giraffe,Noun
monkey,0.039215686,0.053921569,0.014705882,monkey,Noun
shoes,0.039215686,0.049019608,0.009803922,shoe,Noun
tea,0.039215686,0.049019608,0.009803922,tea,Noun
bed,0.034313725,0.044117647,0.009803922,b,Noun
blue,0.034313725,0.073529412,0.039215686,blue,Noun
green,0.034313725,0.068627451,0.034313725,green,Noun
lady,0.034313725,0.039215686,0.004901961,lady,Noun
panda,0.034313725,0.034313725,0,panda,Noun
boy,0.029411765,0.053921569,0.024509804,boy,Noun
chair,0.029411765,0.053921569,0.024509804,chair,Noun
elephant,0.029411765,0.044117647,0.014705882,elephant,Noun
pen,0.029411765,0.034313725,0.004901961,p,Noun
bit,0.029411765,0.039215686,0.009803922,bit,Noun
bottle,0.029411765,0.039215686,0.009803922,bottle,Noun
lion,0.029411765,0.039215686,0.009803922,lion,Noun
row,0.029411765,0.029411765,0,row,Noun
train,0.029411765,0.06372549,0.034313725,train,Noun
down,0.024509804,0.107843137,0.083333333,down,Noun
bag,0.024509804,0.034313725,0.009803922,bag,Noun
cat,0.024509804,0.044117647,0.019607843,cat,Noun
cup,0.024509804,0.034313725,0.009803922,cup,Noun
head,0.024509804,0.034313725,0.009803922,head,Noun
house,0.024509804,0.053921569,0.029411765,house,Noun
pink,0.024509804,0.034313725,0.009803922,pink,Noun
cheese,0.024509804,0.039215686,0.014705882,cheese,Noun
chocolate,0.024509804,0.024509804,0,chocolate,Noun
dinner,0.024509804,0.029411765,0.004901961,dinner,Noun
egg,0.024509804,0.049019608,0.024509804,egg,Noun
fish,0.024509804,0.039215686,0.014705882,fish,Noun
girl,0.024509804,0.039215686,0.014705882,girl,Noun
juice,0.024509804,0.049019608,0.024509804,juice,Noun
milk,0.024509804,0.039215686,0.014705882,milk,Noun
orange,0.024509804,0.039215686,0.014705882,orange,Noun
penny,0.024509804,0.029411765,0.004901961,penny,Noun
plate,0.024509804,0.029411765,0.004901961,plate,Noun
sugar,0.024509804,0.024509804,0,sugar,Noun
way,0.024509804,0.049019608,0.024509804,way,Noun
red,0.024509804,0.06372549,0.039215686,re,Noun
eyes,0.019607843,0.034313725,0.014705882,eye,Noun
tractor,0.019607843,0.034313725,0.014705882,tractor,Noun
airplane,0.019607843,0.019607843,0,airplane,Noun
banana,0.019607843,0.039215686,0.019607843,banana,Noun
biscuit,0.019607843,0.019607843,0,biscuit,Noun
boat,0.019607843,0.024509804,0.004901961,boat,Noun
bottom,0.019607843,0.019607843,0,bottom,Noun
bricks,0.019607843,0.029411765,0.009803922,brick,Noun
bus,0.019607843,0.039215686,0.019607843,bus,Noun
coffee,0.019607843,0.024509804,0.004901961,coffee,Noun
color,0.019607843,0.029411765,0.009803922,color,Noun
cow,0.019607843,0.049019608,0.029411765,cow,Noun
dog,0.019607843,0.049019608,0.029411765,dog,Noun
door,0.019607843,0.049019608,0.029411765,door,Noun
fence,0.019607843,0.019607843,0,fence,Noun
floor,0.019607843,0.024509804,0.004901961,floor,Noun
hand,0.019607843,0.029411765,0.009803922,hand,Noun
hello,0.019607843,0.053921569,0.034313725,hello,Noun
horsie,0.019607843,0.039215686,0.019607843,horsie,Noun
minute,0.019607843,0.019607843,0,minute,Noun
park,0.019607843,0.019607843,0,park,Noun
sandwich,0.019607843,0.019607843,0,sandwich,Noun
seesaw,0.019607843,0.029411765,0.009803922,seesaw,Noun
truck,0.019607843,0.053921569,0.034313725,truck,Noun
tunnel,0.019607843,0.024509804,0.004901961,tunnel,Noun
duck,0.019607843,0.06372549,0.044117647,duck,Noun
bear,0.014705882,0.044117647,0.029411765,bear,Noun
bird,0.014705882,0.034313725,0.019607843,bird,Noun
book,0.014705882,0.068627451,0.053921569,book,Noun
beach,0.014705882,0.019607843,0.004901961,beach,Noun
bike,0.014705882,0.029411765,0.014705882,bike,Noun
birthday,0.014705882,0.024509804,0.009803922,birthday,Noun
bread,0.014705882,0.024509804,0.009803922,bread,Noun
butterfly,0.014705882,0.024509804,0.009803922,butterfly,Noun
cake,0.014705882,0.029411765,0.014705882,cake,Noun
chimney,0.014705882,0.014705882,0,chimney,Noun
cook,0.014705882,0.014705882,0,cook,Noun
cross,0.014705882,0.014705882,0,cross,Noun
digger,0.014705882,0.019607843,0.004901961,digger,Noun
dinosaur,0.014705882,0.024509804,0.009803922,dinosaur,Noun
doggie,0.014705882,0.029411765,0.014705882,doggie,Noun
doll,0.014705882,0.019607843,0.004901961,doll,Noun
feet,0.014705882,0.029411765,0.014705882,feet,Noun
food,0.014705882,0.014705882,0,food,Noun
frog,0.014705882,0.019607843,0.004901961,frog,Noun
gate,0.014705882,0.014705882,0,gate,Noun
goes,0.014705882,0.029411765,0.014705882,goes,Noun
grape,0.014705882,0.014705882,0,grape,Noun
grass,0.014705882,0.019607843,0.004901961,grass,Noun
hammer,0.014705882,0.024509804,0.009803922,hammer,Noun
helicopter,0.014705882,0.014705882,0,helicopter,Noun
hippo,0.014705882,0.014705882,0,hippo,Noun
jam,0.014705882,0.014705882,0,jam,Noun
key,0.014705882,0.019607843,0.004901961,key,Noun
ladder,0.014705882,0.014705882,0,ladder,Noun
lid,0.014705882,0.019607843,0.004901961,lid,Noun
men,0.014705882,0.014705882,0,men,Noun
money,0.014705882,0.024509804,0.009803922,money,Noun
mouth,0.014705882,0.019607843,0.004901961,mouth,Noun
paper,0.014705882,0.024509804,0.009803922,paper,Noun
pencil,0.014705882,0.014705882,0,pencil,Noun
penguin,0.014705882,0.024509804,0.009803922,penguin,Noun
phone,0.014705882,0.014705882,0,phone,Noun
picture,0.014705882,0.024509804,0.009803922,picture,Noun
pram,0.014705882,0.019607843,0.004901961,pram,Noun
press,0.014705882,0.014705882,0,press,Noun
road,0.014705882,0.019607843,0.004901961,road,Noun
roof,0.014705882,0.014705882,0,roof,Noun
sheep,0.014705882,0.024509804,0.009803922,sheep,Noun
snow,0.014705882,0.014705882,0,snow,Noun
spider,0.014705882,0.024509804,0.009803922,spider,Noun
sun,0.014705882,0.019607843,0.004901961,sun,Noun
tail,0.014705882,0.029411765,0.014705882,tail,Noun
telephone,0.014705882,0.014705882,0,telephone,Noun
toilet,0.014705882,0.014705882,0,toilet,Noun
track,0.014705882,0.019607843,0.004901961,track,Noun
trunk,0.014705882,0.014705882,0,trunk,Noun
van,0.014705882,0.014705882,0,van,Noun
wait,0.014705882,0.014705882,0,wait,Noun
whale,0.014705882,0.019607843,0.004901961,whale,Noun
wheels,0.014705882,0.014705882,0,wheel,Noun
wind,0.014705882,0.019607843,0.004901961,wind,Noun
window,0.014705882,0.019607843,0.004901961,window,Noun
top,0.009803922,0.034313725,0.024509804,top,Noun
air,0.009803922,0.009803922,0,air,Noun
animals,0.009803922,0.009803922,0,animal,Noun
apple,0.009803922,0.053921569,0.044117647,apple,Noun
beads,0.009803922,0.009803922,0,bead,Noun
bib,0.009803922,0.014705882,0.004901961,bib,Noun
bin,0.009803922,0.009803922,0,bin,Noun
blanket,0.009803922,0.024509804,0.014705882,blanket,Noun
blow,0.009803922,0.009803922,0,blow,Noun
bone,0.009803922,0.009803922,0,bone,Noun
breakfast,0.009803922,0.014705882,0.004901961,breakfast,Noun
bridge,0.009803922,0.019607843,0.009803922,bridge,Noun
bring,0.009803922,0.019607843,0.009803922,bring,Noun
button,0.009803922,0.014705882,0.004901961,button,Noun
coo,0.009803922,0.009803922,0,coo,Noun
corner,0.009803922,0.009803922,0,corn,Noun
crab,0.009803922,0.009803922,0,crab,Noun
crayon,0.009803922,0.014705882,0.004901961,crayon,Noun
cream,0.009803922,0.014705882,0.004901961,cream,Noun
crisps,0.009803922,0.009803922,0,crisp,Noun
diamond,0.009803922,0.009803922,0,diamond,Noun
dough,0.009803922,0.009803922,0,dough,Noun
drop,0.009803922,0.019607843,0.009803922,drop,Noun
ear,0.009803922,0.009803922,0,ear,Noun
face,0.009803922,0.009803922,0,face,Noun
field,0.009803922,0.009803922,0,field,Noun
finger,0.009803922,0.014705882,0.004901961,finger,Noun
glasses,0.009803922,0.014705882,0.004901961,glass,Noun
gun,0.009803922,0.009803922,0,gun,Noun
him,0.009803922,0.019607843,0.009803922,him,Noun
holiday,0.009803922,0.009803922,0,holiday,Noun
home,0.009803922,0.029411765,0.019607843,home,Noun
honey,0.009803922,0.009803922,0,honey,Noun
kangaroo,0.009803922,0.014705882,0.004901961,kangaroo,Noun
ladybird,0.009803922,0.009803922,0,ladybird,Noun
lemon,0.009803922,0.019607843,0.009803922,lemon,Noun
letter,0.009803922,0.014705882,0.004901961,letter,Noun
mess,0.009803922,0.014705882,0.004901961,mess,Noun
mind,0.009803922,0.009803922,0,mind,Noun
mirror,0.009803922,0.009803922,0,mirror,Noun
morning,0.009803922,0.014705882,0.004901961,morn,Noun
muck,0.009803922,0.014705882,0.004901961,muck,Noun
name,0.009803922,0.019607843,0.009803922,name,Noun
noise,0.009803922,0.014705882,0.004901961,noise,Noun
nose,0.009803922,0.024509804,0.014705882,nose,Noun
number,0.009803922,0.014705882,0.004901961,numb,Noun
nut,0.009803922,0.009803922,0,nut,Noun
oven,0.009803922,0.009803922,0,oven,Noun
owie,0.009803922,0.009803922,0,owie,Noun
page,0.009803922,0.019607843,0.009803922,page,Noun
party,0.009803922,0.009803922,0,party,Noun
piece,0.009803922,0.024509804,0.014705882,piece,Noun
piglet,0.009803922,0.009803922,0,piglet,Noun
pillow,0.009803922,0.014705882,0.004901961,pillow,Noun
pipe,0.009803922,0.009803922,0,pipe,Noun
plane,0.009803922,0.009803922,0,plane,Noun
police,0.009803922,0.014705882,0.004901961,police,Noun
poo,0.009803922,0.009803922,0,poo,Noun
pool,0.009803922,0.009803922,0,pool,Noun
rainbow,0.009803922,0.009803922,0,rainbow,Noun
read,0.009803922,0.049019608,0.039215686,read,Noun
salad,0.009803922,0.009803922,0,salad,Noun
sausage,0.009803922,0.009803922,0,sausage,Noun
shops,0.009803922,0.009803922,0,shop,Noun
side,0.009803922,0.014705882,0.004901961,side,Noun
snake,0.009803922,0.019607843,0.009803922,snake,Noun
spaghetti,0.009803922,0.009803922,0,spaghetti,Noun
spoon,0.009803922,0.024509804,0.014705882,spoon,Noun
star,0.009803922,0.019607843,0.009803922,star,Noun
teddybear,0.009803922,0.009803922,0,teddybear,Noun
thunder,0.009803922,0.009803922,0,thunder,Noun
tip,0.009803922,0.009803922,0,tip,Noun
toast,0.009803922,0.019607843,0.009803922,toast,Noun
toy,0.009803922,0.019607843,0.009803922,toy,Noun
tummy,0.009803922,0.014705882,0.004901961,tummy,Noun
wake,0.009803922,0.009803922,0,wake,Noun
water,0.004901961,0.044117647,0.039215686,water,Noun
aeroplane,0.004901961,0.009803922,0.004901961,aeroplane,Noun
arm,0.004901961,0.014705882,0.009803922,arm,Noun
balloon,0.004901961,0.014705882,0.009803922,balloon,Noun
basket,0.004901961,0.004901961,0,basket,Noun
bat,0.004901961,0.009803922,0.004901961,bat,Noun
bee,0.004901961,0.014705882,0.009803922,bee,Noun
beep,0.004901961,0.024509804,0.019607843,beep,Noun
bicycle,0.004901961,0.009803922,0.004901961,bicycle,Noun
birdie,0.004901961,0.014705882,0.009803922,birdie,Noun
body,0.004901961,0.004901961,0,body,Noun
bubbles,0.004901961,0.019607843,0.014705882,bubble,Noun
butter,0.004901961,0.009803922,0.004901961,butt,Noun
camera,0.004901961,0.014705882,0.009803922,camera,Noun
card,0.004901961,0.009803922,0.004901961,card,Noun
carrot,0.004901961,0.014705882,0.009803922,carrot,Noun
castle,0.004901961,0.004901961,0,castle,Noun
chicken,0.004901961,0.019607843,0.014705882,chick,Noun
chip,0.004901961,0.004901961,0,chip,Noun
circle,0.004901961,0.019607843,0.014705882,circle,Noun
clay,0.004901961,0.004901961,0,clay,Noun
clock,0.004901961,0.014705882,0.009803922,clock,Noun
cloud,0.004901961,0.009803922,0.004901961,cloud,Noun
cone,0.004901961,0.004901961,0,e,Noun
couch,0.004901961,0.004901961,0,couch,Noun
cracker,0.004901961,0.009803922,0.004901961,crack,Noun
crocodile,0.004901961,0.004901961,0,crocodile,Noun
cushion,0.004901961,0.004901961,0,cushion,Noun
dish,0.004901961,0.009803922,0.004901961,dish,Noun
doggies,0.004901961,0.009803922,0.004901961,doggy,Noun
dolphin,0.004901961,0.004901961,0,dolphin,Noun
doo,0.004901961,0.014705882,0.009803922,doo,Noun
engine,0.004901961,0.009803922,0.004901961,engine,Noun
flower,0.004901961,0.014705882,0.009803922,flower,Noun
fork,0.004901961,0.004901961,0,fork,Noun
fox,0.004901961,0.019607843,0.014705882,fox,Noun
garden,0.004901961,0.004901961,0,garden,Noun
ginger,0.004901961,0.004901961,0,ginger,Noun
goat,0.004901961,0.009803922,0.004901961,goat,Noun
gorilla,0.004901961,0.004901961,0,gorilla,Noun
hill,0.004901961,0.004901961,0,hill,Noun
hole,0.004901961,0.014705882,0.009803922,hole,Noun
king,0.004901961,0.004901961,0,k,Noun
kite,0.004901961,0.004901961,0,kite,Noun
knife,0.004901961,0.009803922,0.004901961,knife,Noun
lala,0.004901961,0.014705882,0.009803922,lala,Noun
lollipop,0.004901961,0.009803922,0.004901961,lollipop,Noun
lorry,0.004901961,0.009803922,0.004901961,lorry,Noun
market,0.004901961,0.004901961,0,market,Noun
medicine,0.004901961,0.004901961,0,medicine,Noun
mouse,0.004901961,0.024509804,0.019607843,mouse,Noun
nappie,0.004901961,0.004901961,0,nappie,Noun
night,0.004901961,0.014705882,0.009803922,night,Noun
octopus,0.004901961,0.004901961,0,octopus,Noun
owl,0.004901961,0.009803922,0.004901961,owl,Noun
pajamas,0.004901961,0.009803922,0.004901961,pajama,Noun
part,0.004901961,0.004901961,0,part,Noun
peekaboo,0.004901961,0.009803922,0.004901961,peekaboo,Noun
pepper,0.004901961,0.004901961,0,pepper,Noun
pig,0.004901961,0.019607843,0.014705882,pig,Noun
pocket,0.004901961,0.019607843,0.014705882,pocket,Noun
pottie,0.004901961,0.009803922,0.004901961,pottie,Noun
rain,0.004901961,0.014705882,0.009803922,rain,Noun
ramp,0.004901961,0.004901961,0,ramp,Noun
recorder,0.004901961,0.009803922,0.004901961,recorder,Noun
rocket,0.004901961,0.004901961,0,rocket,Noun
room,0.004901961,0.009803922,0.004901961,room,Noun
salt,0.004901961,0.004901961,0,salt,Noun
sand,0.004901961,0.009803922,0.004901961,sand,Noun
save,0.004901961,0.004901961,0,save,Noun
scissors,0.004901961,0.004901961,0,scissor,Noun
sea,0.004901961,0.004901961,0,sea,Noun
seal,0.004901961,0.004901961,0,seal,Noun
seat,0.004901961,0.009803922,0.004901961,seat,Noun
shadow,0.004901961,0.009803922,0.004901961,shadow,Noun
shape,0.004901961,0.004901961,0,shape,Noun
shelf,0.004901961,0.004901961,0,shelf,Noun
slippers,0.004901961,0.004901961,0,slipper,Noun
snail,0.004901961,0.004901961,0,snail,Noun
snowman,0.004901961,0.014705882,0.009803922,snowman,Noun
sock,0.004901961,0.014705882,0.009803922,sock,Noun
sore,0.004901961,0.004901961,0,sore,Noun
soup,0.004901961,0.004901961,0,soup,Noun
stairs,0.004901961,0.014705882,0.009803922,stair,Noun
starfish,0.004901961,0.004901961,0,starfish,Noun
sticker,0.004901961,0.009803922,0.004901961,stick,Noun
stocking,0.004901961,0.004901961,0,stock,Noun
store,0.004901961,0.004901961,0,store,Noun
strawberry,0.004901961,0.009803922,0.004901961,strawberry,Noun
street,0.004901961,0.004901961,0,street,Noun
teacher,0.004901961,0.004901961,0,teach,Noun
teddy+bear,0.004901961,0.009803922,0.004901961,teddy,Noun
teeth,0.004901961,0.004901961,0,tee,Noun
tell,0.004901961,0.004901961,0,tell,Noun
thumb,0.004901961,0.004901961,0,thumb,Noun
toe,0.004901961,0.014705882,0.009803922,toe,Noun
tongue,0.004901961,0.004901961,0,tongue,Noun
towel,0.004901961,0.009803922,0.004901961,towel,Noun
tree,0.004901961,0.029411765,0.024509804,tree,Noun
trousers,0.004901961,0.004901961,0,trouser,Noun
turtle,0.004901961,0.009803922,0.004901961,turtle,Noun
video,0.004901961,0.004901961,0,video,Noun
wall,0.004901961,0.004901961,0,wall,Noun
yoghurt,0.004901961,0.004901961,0,yoghurt,Noun
zebra,0.004901961,0.009803922,0.004901961,zebra,Noun
ball,0.004901961,0.073529412,0.068627451,ball,Noun
ambulance,0,0.004901961,0.004901961,ambulance,Noun
ant,0,0.004901961,0.004901961,ant,Noun
bath,0,0.014705882,0.014705882,bath,Noun
battery,0,0.004901961,0.004901961,battery,Noun
block,0,0.014705882,0.014705882,block,Noun
bowl,0,0.009803922,0.009803922,bowl,Noun
brown,0,0.014705882,0.014705882,brown,Noun
bug,0,0.009803922,0.009803922,bug,Noun
chin,0,0.004901961,0.004901961,chin,Noun
cookie,0,0.024509804,0.024509804,cookie,Noun
crane,0,0.004901961,0.004901961,crane,Noun
dat,0,0.009803922,0.009803922,dat,Noun
day,0,0.014705882,0.014705882,day,Noun
donkey,0,0.004901961,0.004901961,donkey,Noun
dragon,0,0.004901961,0.004901961,dragon,Noun
end,0,0.004901961,0.004901961,end,Noun
flag,0,0.004901961,0.004901961,flag,Noun
football,0,0.004901961,0.004901961,football,Noun
game,0,0.004901961,0.004901961,game,Noun
garage,0,0.004901961,0.004901961,garage,Noun
garbage,0,0.004901961,0.004901961,garbage,Noun
grandma,0,0.009803922,0.009803922,grandma,Noun
guys,0,0.004901961,0.004901961,guy,Noun
heart,0,0.004901961,0.004901961,heart,Noun
hospital,0,0.004901961,0.004901961,hospital,Noun
knees,0,0.004901961,0.004901961,knee,Noun
light,0,0.014705882,0.014705882,light,Noun
lobster,0,0.004901961,0.004901961,lobster,Noun
lunch,0,0.004901961,0.004901961,lunch,Noun
mole,0,0.004901961,0.004901961,mole,Noun
nanny,0,0.004901961,0.004901961,nanny,Noun
pants,0,0.014705882,0.014705882,pant,Noun
peach,0,0.004901961,0.004901961,peach,Noun
peanut+butter,0,0.004901961,0.004901961,peanut,Noun
pear,0,0.014705882,0.014705882,pear,Noun
peas,0,0.004901961,0.004901961,pea,Noun
pie,0,0.009803922,0.009803922,pie,Noun
piggie,0,0.004901961,0.004901961,piggie,Noun
piggies,0,0.004901961,0.004901961,piggy,Noun
pond,0,0.004901961,0.004901961,pond,Noun
poop,0,0.004901961,0.004901961,poop,Noun
purple,0,0.024509804,0.024509804,purple,Noun
raisins,0,0.004901961,0.004901961,raisin,Noun
rosie,0,0.004901961,0.004901961,rosie,Noun
sauce,0,0.004901961,0.004901961,sauce,Noun
school,0,0.004901961,0.004901961,school,Noun
seeds,0,0.004901961,0.004901961,seed,Noun
shirt,0,0.009803922,0.009803922,shirt,Noun
smoke,0,0.004901961,0.004901961,smoke,Noun
song,0,0.009803922,0.009803922,song,Noun
space,0,0.004901961,0.004901961,space,Noun
square,0,0.004901961,0.004901961,square,Noun
tape+recorder,0,0.004901961,0.004901961,tape,Noun
tent,0,0.004901961,0.004901961,tent,Noun
time,0,0.014705882,0.014705882,time,Noun
tissue,0,0.004901961,0.004901961,tissue,Noun
tomato,0,0.009803922,0.009803922,tomato,Noun
trailer,0,0.004901961,0.004901961,trail,Noun
tray,0,0.004901961,0.004901961,tray,Noun
triangle,0,0.009803922,0.009803922,triangle,Noun
tv,0,0.004901961,0.004901961,tv,Noun
zoo,0,0.004901961,0.004901961,zoo,Noun
alligator,-0.004901961,0,0.004901961,alligator,Noun
alphabet,-0.004901961,0,0.004901961,alphabet,Noun
backpack,-0.004901961,0,0.004901961,backpack,Noun
baseball,-0.004901961,0.004901961,0.009803922,baseball,Noun
bend,-0.004901961,0,0.004901961,bend,Noun
bock,-0.004901961,0,0.004901961,bock,Noun
broccoli,-0.004901961,0.004901961,0.009803922,broccoli,Noun
bucket,-0.004901961,0,0.004901961,bucket,Noun
bushes,-0.004901961,0,0.004901961,bush,Noun
cereal,-0.004901961,0.004901961,0.009803922,cereal,Noun
clown,-0.004901961,0.009803922,0.014705882,clown,Noun
comb,-0.004901961,0.004901961,0.009803922,comb,Noun
curtain,-0.004901961,0,0.004901961,curtain,Noun
dots,-0.004901961,0,0.004901961,dot,Noun
dress,-0.004901961,0.004901961,0.009803922,dress,Noun
farm,-0.004901961,0,0.004901961,farm,Noun
fire,-0.004901961,0.009803922,0.014705882,fire,Noun
glue,-0.004901961,0,0.004901961,glue,Noun
god,-0.004901961,0,0.004901961,god,Noun
gum,-0.004901961,0,0.004901961,gum,Noun
lamb,-0.004901961,0.004901961,0.009803922,lamb,Noun
lap,-0.004901961,0,0.004901961,lap,Noun
leaf,-0.004901961,0,0.004901961,leaf,Noun
lee,-0.004901961,0,0.004901961,lee,Noun
legs,-0.004901961,0,0.004901961,leg,Noun
mail,-0.004901961,0,0.004901961,mail,Noun
meat,-0.004901961,0,0.004901961,meat,Noun
microphone,-0.004901961,0.009803922,0.014705882,microphone,Noun
motorcycle,-0.004901961,0,0.004901961,motorcycle,Noun
mud,-0.004901961,0,0.004901961,mud,Noun
napkin,-0.004901961,0.004901961,0.009803922,napkin,Noun
pasta,-0.004901961,0,0.004901961,pasta,Noun
people,-0.004901961,0.004901961,0.009803922,people,Noun
picnic,-0.004901961,0,0.004901961,picnic,Noun
pony,-0.004901961,0,0.004901961,pony,Noun
potato,-0.004901961,0,0.004901961,potato,Noun
prize,-0.004901961,0,0.004901961,prize,Noun
race,-0.004901961,0,0.004901961,race,Noun
rug,-0.004901961,0,0.004901961,rug,Noun
shark,-0.004901961,0.004901961,0.009803922,shark,Noun
station,-0.004901961,0,0.004901961,state,Noun
stove,-0.004901961,0.004901961,0.009803922,stove,Noun
today,-0.004901961,0,0.004901961,today,Noun
umbrella,-0.004901961,0.004901961,0.009803922,umbrella,Noun
witch,-0.004901961,0,0.004901961,witch,Noun
wood,-0.004901961,0,0.004901961,wood,Noun
baba,-0.009803922,0.004901961,0.014705882,baba,Noun
barn,-0.009803922,0.004901961,0.014705882,barn,Noun
beans,-0.009803922,0,0.009803922,bean,Noun
birdy,-0.009803922,0,0.009803922,birdy,Noun
camel,-0.009803922,0.004901961,0.014705882,camel,Noun
duckie,-0.009803922,0,0.009803922,duckie,Noun
honk,-0.009803922,0,0.009803922,honk,Noun
lego,-0.009803922,0,0.009803922,lego,Noun
llama,-0.009803922,0,0.009803922,llama,Noun
pizza,-0.009803922,0,0.009803922,pizza,Noun
potty,-0.009803922,0.004901961,0.014705882,potty,Noun
puppy,-0.009803922,0.009803922,0.019607843,puppy,Noun
weasel,-0.009803922,0,0.009803922,weasel,Noun
yogurt,-0.009803922,0,0.009803922,yogurt,Noun
bunny,-0.014705882,0.004901961,0.019607843,bunny,Noun
diaper,-0.014705882,0,0.014705882,diaper,Noun
friend,-0.014705882,0,0.014705882,friend,Noun
kitty,-0.014705882,0.009803922,0.024509804,kitty,Noun
moon,-0.014705882,0.009803922,0.024509804,moon,Noun
pumpkin,-0.014705882,0,0.014705882,pumpkin,Noun
rock,-0.014705882,0,0.014705882,rock,Noun
rabbit,-0.014705882,0.019607843,0.034313725,rabbit,Noun
bagel,-0.019607843,0,0.019607843,bagel,Noun
mummie,-0.024509804,0.049019608,0.073529412,mummie,Noun
bye,-0.029411765,0.034313725,0.06372549,bye,Noun
toys,0.039215686,0.053921569,0.014705882,NA,Noun
table,0.029411765,0.044117647,0.014705882,NA,Noun
teddy,0.029411765,0.044117647,0.014705882,NA,Noun
chips,0.029411765,0.029411765,0,NA,Noun
wheel,0.029411765,0.029411765,0,NA,Noun
ice+cream,0.024509804,0.034313725,0.009803922,NA,Noun
tee,-0.004901961,0,0.004901961,NA,Noun
word,-0.004901961,0,0.004901961,NA,Noun
boo+boo,-0.009803922,0,0.009803922,NA,Noun
boots,-0.009803922,0.004901961,0.014705882,NA,Noun
dad,-0.014705882,0.009803922,0.024509804,NA,Noun
dada,-0.014705882,0.024509804,0.039215686,NA,Noun
mom,-0.014705882,0.014705882,0.029411765,NA,Noun
mum,-0.019607843,0.049019608,0.068627451,NA,Noun
mommy,-0.024509804,0.039215686,0.06372549,NA,Noun
ma,-0.034313725,0,0.034313725,NA,Noun
bang,0.029411765,0.039215686,0.009803922,bang,Onomatopoeia
choo+choo,0.024509804,0.029411765,0.004901961,choo,Onomatopoeia
moo,0.014705882,0.034313725,0.019607843,moo,Onomatopoeia
baa,0.014705882,0.019607843,0.004901961,baa,Onomatopoeia
choochoo,0.014705882,0.014705882,0,choochoo,Onomatopoeia
quack,0.014705882,0.024509804,0.009803922,quack,Onomatopoeia
beepbeep,0.009803922,0.009803922,0,beepbeep,Onomatopoeia
cock_a_doodle_doo,0.009803922,0.009803922,0,cock_a_doodle_doo,Onomatopoeia
woof,0.009803922,0.029411765,0.019607843,woof,Onomatopoeia
boing,0.004901961,0.004901961,0,boing,Onomatopoeia
meow,0.004901961,0.019607843,0.014705882,meow,Onomatopoeia
oink,0.004901961,0.009803922,0.004901961,oink,Onomatopoeia
roar,0.004901961,0.004901961,0,roar,Onomatopoeia
boom,0,0.009803922,0.009803922,boom,Onomatopoeia
dong,0,0.004901961,0.004901961,dong,Onomatopoeia
pop,0,0.024509804,0.024509804,pop,Onomatopoeia
tock,0,0.004901961,0.004901961,tock,Onomatopoeia
squeak,-0.004901961,0.004901961,0.009803922,squeak,Onomatopoeia
twinkle,-0.004901961,0.004901961,0.009803922,twinkle,Onomatopoeia
tweet,-0.014705882,0,0.014705882,tweet,Onomatopoeia
tick+tock,0.004901961,0.004901961,0,NA,Onomatopoeia
wee+wee,0.004901961,0.009803922,0.004901961,NA,Onomatopoeia
buzz,-0.004901961,0.004901961,0.009803922,NA,Onomatopoeia
choo,-0.004901961,0.014705882,0.019607843,NA,Onomatopoeia
ding,0,0.009803922,0.009803922,NA,Onomatopoeia
roo,-0.004901961,0.004901961,0.009803922,NA,Onomatopoeia
noddy,0.004901961,0.004901961,0,NA,other
dipsy,-0.004901961,0,0.004901961,NA,other
mwww,0.009803922,0.009803922,0,NA,other
pingu,0.004901961,0.004901961,0,NA,other
jwww,0.014705882,0.014705882,0,NA,other
cwww,0.009803922,0.009803922,0,NA,other
o,-0.004901961,0.004901961,0.009803922,NA,other
neenaw,0.019607843,0.019607843,0,neenaw,other
brumm,0.014705882,0.014705882,0,brumm,other
po,0.014705882,0.019607843,0.004901961,po,other
brm,0.009803922,0.009803922,0,brm,other
brum,0.009803922,0.009803922,0,brum,other
dis,0.009803922,0.009803922,0,dis,other
em,0.009803922,0.009803922,0,em,other
de,0.004901961,0.004901961,0,de,other
dee,0.004901961,0.009803922,0.004901961,dee,other
dere,0.004901961,0.004901961,0,dere,other
duh,0.004901961,0.009803922,0.004901961,duh,other
giddyup,0.004901961,0.004901961,0,giddyup,other
na,0.004901961,0.009803922,0.004901961,na,other
oy,0.004901961,0.004901961,0,oy,other
wah,0.004901961,0.004901961,0,wah,other
www,0.004901961,0.004901961,0,www,other
hee,0,0.004901961,0.004901961,hee,other
ee,-0.004901961,0,0.004901961,ee,other
w,-0.004901961,0,0.004901961,w,other
hoo,-0.009803922,0,0.009803922,hoo,other
la,-0.009803922,0.014705882,0.024509804,la,other
ss,-0.009803922,0,0.009803922,ss,other
eee,-0.014705882,0,0.014705882,eee,other
oo,-0.019607843,0.004901961,0.024509804,oo,other
da,-0.024509804,0.014705882,0.039215686,da,other
d,-0.009803922,0,0.009803922,NA,other
er,-0.019607843,0.004901961,0.024509804,NA,other
on,0.06372549,0.12254902,0.058823529,on,Preposition
away,0.044117647,0.06372549,0.019607843,away,Preposition
in,0.044117647,0.112745098,0.068627451,in,Preposition
off,0.044117647,0.083333333,0.039215686,off,Preposition
back,0.039215686,0.088235294,0.049019608,back,Preposition
here,0.029411765,0.098039216,0.068627451,here,Preposition
out,0.029411765,0.083333333,0.053921569,out,Preposition
up,0.019607843,0.102941176,0.083333333,up,Preposition
for,0.014705882,0.039215686,0.024509804,for,Preposition
inside,0.014705882,0.014705882,0,inside,Preposition
around,0.009803922,0.019607843,0.009803922,around,Preposition
at,0.009803922,0.044117647,0.034313725,at,Preposition
by,0.009803922,0.014705882,0.004901961,by,Preposition
outside,0.009803922,0.024509804,0.014705882,outside,Preposition
through,0.009803922,0.014705882,0.004901961,through,Preposition
to,0.004901961,0.053921569,0.049019608,to,Preposition
behind,0.004901961,0.004901961,0,behind,Preposition
from,0.004901961,0.009803922,0.004901961,from,Preposition
front,0.004901961,0.004901961,0,front,Preposition
under,0.004901961,0.014705882,0.009803922,under,Preposition
upstairs,0.004901961,0.009803922,0.004901961,upstairs,Preposition
with,0.004901961,0.024509804,0.019607843,with,Preposition
of,0,0.024509804,0.024509804,of,Preposition
over,0,0.034313725,0.034313725,over,Preposition
about,-0.004901961,0.004901961,0.009803922,about,Preposition
after,-0.004901961,0.004901961,0.009803922,aft,Preposition
into,-0.004901961,0,0.004901961,NA,Preposition
sir,0.004901961,0.004901961,0,NA,Pronoun
ones,0.004901961,0.004901961,0,NA,Pronoun
there's,0.014705882,0.044117647,0.029411765,NA,Pronoun
here's,0.014705882,0.019607843,0.004901961,NA,Pronoun
he's,0.009803922,0.019607843,0.009803922,NA,Pronoun
his,0.004901961,0.024509804,0.019607843,NA,Pronoun
i've,0.004901961,0.004901961,0,NA,Pronoun
shed,0.004901961,0.004901961,0,NA,Pronoun
i'll,0,0.004901961,0.004901961,NA,Pronoun
mine,0.044117647,0.073529412,0.029411765,mine,Pronoun
it,0.044117647,0.12745098,0.083333333,it,Pronoun
there,0.034313725,0.142156863,0.107843137,there,Pronoun
my,0.024509804,0.098039216,0.073529412,my,Pronoun
he,0.019607843,0.053921569,0.034313725,he,Pronoun
me,0.019607843,0.088235294,0.068627451,me,Pronoun
this,0.019607843,0.098039216,0.078431373,this,Pronoun
yours,0.014705882,0.019607843,0.004901961,your,Pronoun
everybody,0.009803922,0.009803922,0,everybody,Pronoun
her,0.009803922,0.024509804,0.014705882,h,Pronoun
she,0.009803922,0.014705882,0.004901961,she,Pronoun
these,0.009803922,0.019607843,0.009803922,these,Pronoun
you,0.009803922,0.083333333,0.073529412,you,Pronoun
myself,0.004901961,0.004901961,0,myself,Pronoun
nothing,0.004901961,0.009803922,0.004901961,nothing,Pronoun
something,0.004901961,0.009803922,0.004901961,something,Pronoun
them,0.004901961,0.014705882,0.009803922,them,Pronoun
they,0.004901961,0.024509804,0.019607843,they,Pronoun
those,0.004901961,0.019607843,0.014705882,those,Pronoun
somewhere,0,0.004901961,0.004901961,somewhere,Pronoun
somebody,-0.004901961,0,0.004901961,somebody,Pronoun
someone,-0.004901961,0,0.004901961,someone,Pronoun
they're,-0.004901961,0,0.004901961,they're,Pronoun
you're,-0.009803922,0,0.009803922,you're,Pronoun
we,-0.014705882,0.019607843,0.034313725,we,Pronoun
i,0.029411765,0.132352941,0.102941176,NA,Pronoun
it's,0.024509804,0.06372549,0.039215686,NA,Pronoun
that's,0.024509804,0.06372549,0.039215686,NA,Pronoun
its,-0.004901961,0,0.004901961,NA,Pronoun
she's,-0.004901961,0,0.004901961,NA,Pronoun
somebody's,-0.004901961,0,0.004901961,NA,Pronoun
thing,-0.004901961,0.004901961,0.009803922,NA,Pronoun
things,-0.004901961,0,0.004901961,NA,Pronoun
your,-0.009803922,0.024509804,0.034313725,NA,Pronoun
i'm,-0.019607843,0.024509804,0.044117647,NA,Pronoun
tinky_winky,0.004901961,0.009803922,0.004901961,NA,Proper_Name
thomas,0.019607843,0.029411765,0.009803922,NA,Proper_Name
dumpty,0.014705882,0.014705882,0,NA,Proper_Name
henry,0.014705882,0.014705882,0,NA,Proper_Name
peter,0.014705882,0.014705882,0,NA,Proper_Name
sue,0.014705882,0.014705882,0,NA,Proper_Name
tom,0.014705882,0.014705882,0,NA,Proper_Name
anne,0.009803922,0.009803922,0,NA,Proper_Name
bob,0.009803922,0.014705882,0.004901961,NA,Proper_Name
ernie,0.009803922,0.009803922,0,NA,Proper_Name
gordon,0.009803922,0.009803922,0,NA,Proper_Name
humpty,0.009803922,0.009803922,0,NA,Proper_Name
jeannine,0.009803922,0.009803922,0,NA,Proper_Name
jim,0.009803922,0.009803922,0,NA,Proper_Name
pooh,0.009803922,0.019607843,0.009803922,NA,Proper_Name
postman_pat,0.009803922,0.009803922,0,NA,Proper_Name
toby,0.009803922,0.009803922,0,NA,Proper_Name
wendy,0.009803922,0.009803922,0,NA,Proper_Name
anna's,0.004901961,0.004901961,0,NA,Proper_Name
bertie,0.004901961,0.004901961,0,NA,Proper_Name
bits,0.004901961,0.004901961,0,NA,Proper_Name
bobby,0.004901961,0.004901961,0,NA,Proper_Name
tigger,0.004901961,0.014705882,0.009803922,NA,Proper_Name
ben,0,0.004901961,0.004901961,NA,Proper_Name
billy,0,0.004901961,0.004901961,NA,Proper_Name
david,0,0.004901961,0.004901961,NA,Proper_Name
annie,-0.004901961,0.004901961,0.009803922,NA,Proper_Name
barney,-0.004901961,0.004901961,0.009803922,NA,Proper_Name
nana,0.034313725,0.034313725,0,NA,Proper_Name
anna,0.019607843,0.019607843,0,NA,Proper_Name
bob_the_builder,0.019607843,0.019607843,0,NA,Proper_Name
caroline,0.019607843,0.019607843,0,NA,Proper_Name
pooh_bear,0.019607843,0.019607843,0,NA,Proper_Name
james,0.014705882,0.014705882,0,NA,Proper_Name
caroline's,0.009803922,0.009803922,0,NA,Proper_Name
edward,0.009803922,0.009803922,0,NA,Proper_Name
eeyore,0.009803922,0.009803922,0,NA,Proper_Name
percy,0.009803922,0.014705882,0.004901961,NA,Proper_Name
ted,0.009803922,0.009803922,0,NA,Proper_Name
cathy,0.004901961,0.004901961,0,NA,Proper_Name
harold,0.004901961,0.004901961,0,NA,Proper_Name
jess,0.004901961,0.004901961,0,NA,Proper_Name
jill,0.004901961,0.004901961,0,NA,Proper_Name
mickey,0.004901961,0.009803922,0.004901961,NA,Proper_Name
rachel,0.004901961,0.004901961,0,NA,Proper_Name
sam,0.004901961,0.004901961,0,NA,Proper_Name
santa,0.004901961,0.004901961,0,NA,Proper_Name
sarah,0.004901961,0.009803922,0.004901961,NA,Proper_Name
alex,0,0.004901961,0.004901961,NA,Proper_Name
andy,0,0.004901961,0.004901961,NA,Proper_Name
george,0,0.004901961,0.004901961,NA,Proper_Name
georgie,0,0.004901961,0.004901961,NA,Proper_Name
humpty_dumpty,0,0.004901961,0.004901961,NA,Proper_Name
jenny,0,0.004901961,0.004901961,NA,Proper_Name
linda,0,0.004901961,0.004901961,NA,Proper_Name
lucy,0,0.004901961,0.004901961,NA,Proper_Name
lulu,0,0.004901961,0.004901961,NA,Proper_Name
emily,-0.004901961,0.004901961,0.009803922,NA,Proper_Name
john,-0.004901961,0.004901961,0.009803922,NA,Proper_Name
sandy,-0.004901961,0,0.004901961,NA,Proper_Name
elmo,-0.009803922,0,0.009803922,NA,Proper_Name
lily,-0.009803922,0,0.009803922,NA,Proper_Name
sally,-0.009803922,0,0.009803922,NA,Proper_Name
more,0.053921569,0.12254902,0.068627451,more,Quantifier
one,0.049019608,0.117647059,0.068627451,one,Quantifier
two,0.044117647,0.098039216,0.053921569,two,Quantifier
some,0.039215686,0.058823529,0.019607843,some,Quantifier
another,0.034313725,0.06372549,0.029411765,another,Quantifier
three,0.029411765,0.058823529,0.029411765,three,Quantifier
four,0.024509804,0.044117647,0.019607843,four,Quantifier
nine,0.024509804,0.034313725,0.009803922,nine,Quantifier
five,0.019607843,0.034313725,0.014705882,f,Quantifier
six,0.019607843,0.034313725,0.014705882,six,Quantifier
eight,0.019607843,0.029411765,0.009803922,eight,Quantifier
ten,0.019607843,0.024509804,0.004901961,t,Quantifier
all,0.014705882,0.053921569,0.039215686,all,Quantifier
fourteen,0.009803922,0.009803922,0,fourteen,Quantifier
much,0.009803922,0.009803922,0,much,Quantifier
eleven,0.004901961,0.004901961,0,eleven,Quantifier
many,0.004901961,0.004901961,0,many,Quantifier
seven,0.004901961,0.019607843,0.014705882,seven,Quantifier
thirteen,0.004901961,0.004901961,0,thirteen,Quantifier
twelve,0.004901961,0.004901961,0,twelve,Quantifier
twenty,0.004901961,0.004901961,0,twenty,Quantifier
any,0,0.009803922,0.009803922,any,Quantifier
worm,-0.004901961,0.004901961,0.009803922,worm,Quantifier
where,0.029411765,0.073529412,0.044117647,where,Question
what,0.019607843,0.073529412,0.053921569,what,Question
how,0.004901961,0.024509804,0.019607843,how,Question
whose,0.004901961,0.004901961,0,whose,Question
why,0.004901961,0.014705882,0.009803922,why,Question
who's,0,0.014705882,0.014705882,who,Question
when,-0.004901961,0.004901961,0.009803922,when,Question
where's,0.039215686,0.06372549,0.024509804,NA,Question
what's,0.029411765,0.083333333,0.053921569,NA,Question
who,0,0.014705882,0.014705882,NA,Question
making,0.019607843,0.029411765,0.009803922,NA,Verb
crying,0.014705882,0.019607843,0.004901961,NA,Verb
going,0.014705882,0.049019608,0.034313725,NA,Verb
build,0.009803922,0.009803922,0,NA,Verb
crashing,0.009803922,0.009803922,0,NA,Verb
eating,0.009803922,0.024509804,0.014705882,NA,Verb
miss,0.009803922,0.009803922,0,NA,Verb
mix,0.009803922,0.009803922,0,NA,Verb
painting,0.009803922,0.009803922,0,NA,Verb
playing,0.009803922,0.019607843,0.009803922,NA,Verb
pooed,0.009803922,0.009803922,0,NA,Verb
wipe,0.009803922,0.009803922,0,NA,Verb
climbing,0.004901961,0.004901961,0,NA,Verb
cooking,0.004901961,0.004901961,0,NA,Verb
cover,0.004901961,0.004901961,0,NA,Verb
crisp,0.004901961,0.004901961,0,NA,Verb
dancing,0.004901961,0.004901961,0,NA,Verb
drinking,0.004901961,0.014705882,0.009803922,NA,Verb
drive,0.004901961,0.009803922,0.004901961,NA,Verb
driving,0.004901961,0.004901961,0,NA,Verb
falling,0.004901961,0.004901961,0,NA,Verb
hiding,0.004901961,0.009803922,0.004901961,NA,Verb
hurt,0.004901961,0.009803922,0.004901961,NA,Verb
kick,0.004901961,0.009803922,0.004901961,NA,Verb
later,0.004901961,0.004901961,0,NA,Verb
leave,0.004901961,0.009803922,0.004901961,NA,Verb
looking,0.004901961,0.014705882,0.009803922,NA,Verb
march,0.004901961,0.004901961,0,NA,Verb
riding,0.004901961,0.004901961,0,NA,Verb
saw,0.004901961,0.009803922,0.004901961,NA,Verb
says,0.004901961,0.009803922,0.004901961,NA,Verb
standing,0.004901961,0.004901961,0,NA,Verb
talking,0.004901961,0.004901961,0,NA,Verb
try,0.004901961,0.009803922,0.004901961,NA,Verb
call,0,0.004901961,0.004901961,NA,Verb
having,0,0.004901961,0.004901961,NA,Verb
wants,0,0.004901961,0.004901961,NA,Verb
washing,0,0.004901961,0.004901961,NA,Verb
wear,0,0.004901961,0.004901961,NA,Verb
coloring,-0.004901961,0,0.004901961,NA,Verb
dressed,-0.004901961,0,0.004901961,NA,Verb
fixing,-0.004901961,0.004901961,0.009803922,NA,Verb
happening,-0.004901961,0,0.004901961,NA,Verb
holding,-0.004901961,0.004901961,0.009803922,NA,Verb
jumping,-0.004901961,0.004901961,0.009803922,NA,Verb
looks,-0.004901961,0,0.004901961,NA,Verb
needs,-0.004901961,0,0.004901961,NA,Verb
racing,-0.004901961,0,0.004901961,NA,Verb
talk,-0.004901961,0.004901961,0.009803922,NA,Verb
pat,0.009803922,0.009803922,0,NA,Verb
reading,0.009803922,0.009803922,0,NA,Verb
sleeping,0.009803922,0.019607843,0.009803922,NA,Verb
bounce,0.004901961,0.004901961,0,NA,Verb
walking,0,0.004901961,0.004901961,NA,Verb
sit,0.058823529,0.083333333,0.024509804,sit,Verb
can't,0.053921569,0.068627451,0.014705882,can't,Verb
got,0.053921569,0.083333333,0.029411765,got,Verb
do,0.049019608,0.107843137,0.058823529,do,Verb
get,0.049019608,0.093137255,0.044117647,get,Verb
like,0.049019608,0.078431373,0.029411765,like,Verb
make,0.044117647,0.073529412,0.029411765,make,Verb
go,0.039215686,0.112745098,0.073529412,go,Verb
put,0.039215686,0.083333333,0.044117647,put,Verb
gone,0.034313725,0.083333333,0.049019608,gone,Verb
see,0.034313725,0.083333333,0.049019608,see,Verb
look,0.034313725,0.102941176,0.068627451,look,Verb
done,0.029411765,0.044117647,0.014705882,done,Verb
find,0.029411765,0.044117647,0.014705882,find,Verb
stop,0.029411765,0.034313725,0.004901961,stop,Verb
draw,0.029411765,0.049019608,0.019607843,draw,Verb
help,0.029411765,0.039215686,0.009803922,help,Verb
sleep,0.029411765,0.039215686,0.009803922,sleep,Verb
come,0.029411765,0.06372549,0.034313725,come,Verb
drink,0.024509804,0.044117647,0.019607843,drink,Verb
eat,0.024509804,0.044117647,0.019607843,eat,Verb
fix,0.024509804,0.034313725,0.009803922,fix,Verb
know,0.024509804,0.034313725,0.009803922,know,Verb
hold,0.024509804,0.029411765,0.004901961,hold,Verb
jump,0.024509804,0.039215686,0.014705882,jump,Verb
move,0.024509804,0.024509804,0,move,Verb
need,0.024509804,0.039215686,0.014705882,need,Verb
swimming,0.024509804,0.024509804,0,swimming,Verb
is,0.024509804,0.083333333,0.058823529,i,Verb
play,0.019607843,0.044117647,0.024509804,play,Verb
bite,0.019607843,0.029411765,0.009803922,bite,Verb
crash,0.019607843,0.024509804,0.004901961,crash,Verb
hide,0.019607843,0.019607843,0,hide,Verb
shopping,0.019607843,0.019607843,0,shoppe,Verb
show,0.019607843,0.019607843,0,show,Verb
take,0.019607843,0.039215686,0.019607843,take,Verb
touch,0.019607843,0.019607843,0,touch,Verb
wash,0.019607843,0.024509804,0.004901961,wash,Verb
went,0.019607843,0.024509804,0.004901961,went,Verb
write,0.019607843,0.019607843,0,write,Verb
have,0.014705882,0.053921569,0.039215686,have,Verb
building,0.014705882,0.014705882,0,build,Verb
buy,0.014705882,0.019607843,0.004901961,buy,Verb
driver,0.014705882,0.014705882,0,drive,Verb
found,0.014705882,0.014705882,0,found,Verb
have_to,0.014705882,0.014705882,0,have_to,Verb
let's,0.014705882,0.019607843,0.004901961,let,Verb
pull,0.014705882,0.019607843,0.004901961,pull,Verb
push,0.014705882,0.029411765,0.014705882,push,Verb
sing,0.014705882,0.014705882,0,sing,Verb
turn,0.014705882,0.029411765,0.014705882,turn,Verb
writing,0.014705882,0.014705882,0,writ,Verb
want,0.014705882,0.102941176,0.088235294,want,Verb
bash,0.009803922,0.009803922,0,bash,Verb
clap,0.009803922,0.014705882,0.004901961,clap,Verb
clothes,0.009803922,0.019607843,0.009803922,clothe,Verb
count,0.009803922,0.009803922,0,count,Verb
getting,0.009803922,0.009803922,0,getting,Verb
give,0.009803922,0.014705882,0.004901961,g,Verb
hear,0.009803922,0.009803922,0,hear,Verb
hit,0.009803922,0.009803922,0,hit,Verb
must,0.009803922,0.009803922,0,must,Verb
puzzle,0.009803922,0.024509804,0.014705882,puzzle,Verb
ride,0.009803922,0.014705882,0.004901961,ride,Verb
sitting,0.009803922,0.014705882,0.004901961,sitting,Verb
stand,0.009803922,0.009803922,0,stand,Verb
stroke,0.009803922,0.009803922,0,stroke,Verb
tower,0.009803922,0.019607843,0.009803922,tow,Verb
watch,0.009803922,0.024509804,0.014705882,watch,Verb
ask,0.004901961,0.004901961,0,ask,Verb
ate,0.004901961,0.004901961,0,ate,Verb
awake,0.004901961,0.009803922,0.004901961,awake,Verb
break,0.004901961,0.004901961,0,break,Verb
called,0.004901961,0.009803922,0.004901961,call,Verb
came,0.004901961,0.009803922,0.004901961,came,Verb
change,0.004901961,0.009803922,0.004901961,change,Verb
climb,0.004901961,0.014705882,0.009803922,climb,Verb
could,0.004901961,0.004901961,0,could,Verb
didn't,0.004901961,0.009803922,0.004901961,didn't,Verb
dig,0.004901961,0.004901961,0,dig,Verb
dump,0.004901961,0.009803922,0.004901961,dump,Verb
excuse,0.004901961,0.004901961,0,excuse,Verb
finished,0.004901961,0.004901961,0,finish,Verb
fly,0.004901961,0.019607843,0.014705882,fly,Verb
forgot,0.004901961,0.004901961,0,forgot,Verb
gotta,0.004901961,0.004901961,0,gotta,Verb
hurts,0.004901961,0.009803922,0.004901961,hurt,Verb
isn't,0.004901961,0.009803922,0.004901961,isn't,Verb
keep,0.004901961,0.004901961,0,keep,Verb
lie,0.004901961,0.014705882,0.009803922,lie,Verb
listen,0.004901961,0.009803922,0.004901961,list,Verb
matter,0.004901961,0.004901961,0,matte,Verb
might,0.004901961,0.009803922,0.004901961,might,Verb
pick,0.004901961,0.009803922,0.004901961,pick,Verb
pour,0.004901961,0.004901961,0,pour,Verb
remember,0.004901961,0.004901961,0,member,Verb
run,0.004901961,0.014705882,0.009803922,run,Verb
running,0.004901961,0.009803922,0.004901961,running,Verb
sat,0.004901961,0.004901961,0,sat,Verb
shall,0.004901961,0.004901961,0,shall,Verb
shoot,0.004901961,0.004901961,0,shoot,Verb
squeeze,0.004901961,0.004901961,0,squeeze,Verb
stamp,0.004901961,0.004901961,0,stamp,Verb
swim,0.004901961,0.004901961,0,swim,Verb
tickle,0.004901961,0.019607843,0.014705882,tickle,Verb
walk,0.004901961,0.014705882,0.009803922,walk,Verb
working,0.004901961,0.004901961,0,work,Verb
would,0.004901961,0.004901961,0,would,Verb
wrap,0.004901961,0.009803922,0.004901961,wrap,Verb
am,0,0.004901961,0.004901961,am,Verb
are,0,0.034313725,0.034313725,are,Verb
bought,0,0.004901961,0.004901961,bought,Verb
broke,0,0.029411765,0.029411765,broke,Verb
catch,0,0.009803922,0.009803922,catch,Verb
cuddle,0,0.004901961,0.004901961,cuddle,Verb
feel,0,0.004901961,0.004901961,feel,Verb
fell,0,0.014705882,0.014705882,fell,Verb
fits,0,0.004901961,0.004901961,fit,Verb
fold,0,0.004901961,0.004901961,fold,Verb
gave,0,0.004901961,0.004901961,gave,Verb
happened,0,0.009803922,0.009803922,happen,Verb
hop,0,0.009803922,0.009803922,hop,Verb
jack,0,0.004901961,0.004901961,jack,Verb
kiss,0,0.014705882,0.014705882,kiss,Verb
knock,0,0.009803922,0.009803922,knock,Verb
lick,0,0.004901961,0.004901961,lick,Verb
made,0,0.009803922,0.009803922,made,Verb
may,0,0.004901961,0.004901961,may,Verb
pretend,0,0.004901961,0.004901961,pretend,Verb
putting,0,0.004901961,0.004901961,putt,Verb
reach,0,0.004901961,0.004901961,reach,Verb
rolling,0,0.009803922,0.009803922,roll,Verb
say,0,0.014705882,0.014705882,say,Verb
snap,0,0.004901961,0.004901961,snap,Verb
spell,0,0.004901961,0.004901961,spell,Verb
stay,0,0.004901961,0.004901961,stay,Verb
think,0,0.004901961,0.004901961,think,Verb
throw,0,0.014705882,0.014705882,throw,Verb
took,0,0.004901961,0.004901961,took,Verb
toot,0,0.009803922,0.009803922,toot,Verb
been,-0.004901961,0,0.004901961,been,Verb
bumped,-0.004901961,0,0.004901961,bump,Verb
cry,-0.004901961,0.004901961,0.009803922,cry,Verb
dance,-0.004901961,0.004901961,0.009803922,dance,Verb
does,-0.004901961,0,0.004901961,doe,Verb
doesn't,-0.004901961,0,0.004901961,doesn't,Verb
dropped,-0.004901961,0,0.004901961,dropped,Verb
gobble,-0.004901961,0,0.004901961,gobble,Verb
had,-0.004901961,0.004901961,0.009803922,had,Verb
has,-0.004901961,0.014705882,0.019607843,ha,Verb
lift,-0.004901961,0,0.004901961,lift,Verb
mean,-0.004901961,0,0.004901961,mean,Verb
measure,-0.004901961,0,0.004901961,measure,Verb
mend,-0.004901961,0,0.004901961,mend,Verb
pinch,-0.004901961,0,0.004901961,pinch,Verb
shut,-0.004901961,0.004901961,0.009803922,shut,Verb
squish,-0.004901961,0,0.004901961,squish,Verb
stuff,-0.004901961,0,0.004901961,stuff,Verb
sweep,-0.004901961,0,0.004901961,sweep,Verb
told,-0.004901961,0,0.004901961,told,Verb
wearing,-0.004901961,0,0.004901961,wear,Verb
will,-0.004901961,0.009803922,0.014705882,will,Verb
did,-0.004901961,0.029411765,0.034313725,did,Verb
don't,-0.009803922,0.049019608,0.058823529,don't,Verb
gonna,-0.009803922,0.019607843,0.029411765,gonna,Verb
said,-0.009803922,0,0.009803922,said,Verb
was,-0.009803922,0.004901961,0.014705882,was,Verb
be,-0.009803922,0.024509804,0.034313725,be,Verb
clip,-0.014705882,0,0.014705882,clip,Verb
wanna,-0.019607843,0.009803922,0.029411765,wanna,Verb
fit,0.039215686,0.039215686,0,NA,Verb
coming,0.024509804,0.039215686,0.014705882,NA,Verb
doing,0.024509804,0.039215686,0.014705882,NA,Verb
let,0.024509804,0.024509804,0,NA,Verb
wanted,-0.004901961,0,0.004901961,NA,Verb
comes,-0.009803922,0.004901961,0.014705882,NA,Verb
wiggle,-0.014705882,0,0.014705882,NA,Verb
swing,0.009803922,0.014705882,0.004901961,NA,Verb-Noun
roll,0.004901961,0.009803922,0.004901961,NA,Verb-Noun
work,0.019607843,0.029411765,0.009803922,NA,Verb-Noun
drawing,0.014705882,0.014705882,0,NA,Verb
raining,0.014705882,0.024509804,0.009803922,NA,Verb
steps,0.014705882,0.014705882,0,NA,Verb-Noun
love,0.009803922,0.009803922,0,NA,Verb-Noun
slide,0.039215686,0.044117647,0.004901961,slide,Verb-Noun
cut,0.019607843,0.034313725,0.014705882,cut,Verb-Noun
spot,0.014705882,0.034313725,0.019607843,spot,Verb-Noun
step,0.014705882,0.014705882,0,step,Verb-Noun
brush,0.009803922,0.019607843,0.009803922,brush,Verb-Noun
set,0.009803922,0.009803922,0,set,Verb-Noun
cutting,0.004901961,0.004901961,0,cutting,Verb
iron,0.004901961,0.004901961,0,iron,Verb-Noun
paint,0.004901961,0.009803922,0.004901961,paint,Verb-Noun
past,0.004901961,0.004901961,0,past,Verb-Noun
scoop,0.004901961,0.009803922,0.004901961,scoop,Verb-Noun
screw,0.004901961,0.004901961,0,screw,Verb-Noun
sink,0.004901961,0.004901961,0,sink,Verb-Noun
smile,0.004901961,0.004901961,0,smile,Verb-Noun
splash,0.004901961,0.004901961,0,splash,Verb-Noun
taste,0.004901961,0.004901961,0,taste,Verb-Noun
whistle,0.004901961,0.004901961,0,whistle,Verb-Noun
tick,0,0.009803922,0.009803922,tick,Verb-Noun
zip,0,0.004901961,0.004901961,zip,Verb-Noun
flap,-0.004901961,0,0.004901961,flap,Verb-Noun
hug,-0.004901961,0.004901961,0.009803922,hug,Verb-Noun
leaves,-0.004901961,0,0.004901961,leave,Verb-Noun
pee,-0.004901961,0,0.004901961,pee,Verb-Noun
smell,-0.004901961,0,0.004901961,smell,Verb-Noun
can,-0.009803922,0.024509804,0.034313725,can,Verb-Noun
bump,0.024509804,0.024509804,0,NA,Verb-Noun
tow,-0.004901961,0,0.004901961,NA,Verb-Noun
bubble,-0.009803922,0.009803922,0.019607843,NA,Verb-Noun
carry,0.004901961,0.004901961,0,NA,Verb