word,Estimate,SE,t,n_know
catch,0.012420519780066672,0.2324719957253654,0.05342802577709126,2
Mommy,-0.011789260547146291,0.13607414637078183,-0.08663850453283248,10
hee_haw,0.4588237066111242,0.3455453410218478,1.3278248963053279,1
yeah,0.19762673117126858,0.1307168453920397,1.511868884064299,14
a,-0.0771848999535911,0.1261636547612827,-0.6117839571121693,21
again,0.3430051333966811,0.19943074997324384,1.7199209923379397,3
all,0.007149455838262601,0.19817526162047874,0.03607642941808939,7
all_gone,0.3419158796438008,0.19595051287103282,1.7449093377409879,3
and,0.3027861926841352,0.20448787753156242,1.480704853212634,13
animal,0.2818720140686976,0.24658189298804556,1.1431172445511355,2
another,-0.024004985842538493,0.1776302173969484,-0.13514021541106827,5
arm,0.5192468681274783,0.3593260551581554,1.445057659119472,1
at,0.20023304196307817,0.20935967595909327,0.9564069157338668,5
away,0.3207636581453548,0.17069201232309195,1.8791954806778062,5
baa,0.2818720140686976,0.24658189298804556,1.1431172445511355,2
baby,0.2645478452477578,0.1686474335507346,1.568644358695048,13
back,0.2894192951090115,0.15452760211334426,1.8729294388243058,9
bag,0.2516794581794058,0.20335425711637461,1.2376404691413756,3
barking,0.5192468681274783,0.3593260551581554,1.445057659119472,1
baseball,0.5192468681274783,0.3593260551581554,1.445057659119472,1
basement,0.5192468681274783,0.3593260551581554,1.445057659119472,1
be,0.21562818883866183,0.18833952787806216,1.1448907792647083,5
bead,0.5192468681274783,0.3593260551581554,1.445057659119472,1
beads,0.5192468681274783,0.3593260551581554,1.445057659119472,1
because,0.3316608117701528,0.25948771649381464,1.278136846905655,3
Becky,0.5192468681274783,0.3593260551581554,1.445057659119472,1
bed,0.29104378208008685,0.15517661346604836,1.875564723184047,6
behind,0.5192468681274783,0.3593260551581554,1.445057659119472,1
better,0.3663748595578575,0.2575212564160494,1.4226975460462379,2
bicycle,0.5192468681274783,0.3593260551581554,1.445057659119472,1
big,0.4010173866131505,0.20206014916656043,1.9846436235310676,7
bird,0.3316608117701528,0.25948771649381464,1.278136846905655,3
birthday,0.3884256067893277,0.22483988093560858,1.7275654353355936,4
bit,0.17874123682584217,0.1701260377965123,1.0506400968418161,5
blow,0.5192468681274783,0.3593260551581554,1.445057659119472,1
boat,0.3369639762984636,0.19734660004201016,1.7074729244219682,3
bobbing,0.5192468681274783,0.3593260551581554,1.445057659119472,1
book,0.20509109856661553,0.18723429609764508,1.0953714294931196,9
books,0.2818720140686976,0.24658189298804556,1.1431172445511355,2
boom,0.21130507093798268,0.2553336626987796,0.8275644844654187,2
boot,0.21130507093798268,0.2553336626987796,0.8275644844654187,2
bottle,0.2633065619450431,0.22367437155940348,1.177186997818899,3
bouillon,0.5192468681274783,0.3593260551581554,1.445057659119472,1
box,0.20861677004737494,0.20209154456287307,1.032288463619871,3
boy,0.2456297992166596,0.16342086247261395,1.5030504398287716,6
briefcase,0.5192468681274783,0.3593260551581554,1.445057659119472,1
bring,0.3663748595578575,0.2575212564160494,1.4226975460462379,2
broke,0.1536548881412153,0.160628165837108,0.9565874536414475,5
brown,0.23966879803201685,0.24148020821203695,0.9924987219721562,2
building,0.5192468681274783,0.3593260551581554,1.445057659119472,1
buy,0.3663748595578575,0.2575212564160494,1.4226975460462379,2
by,0.5192468681274783,0.3593260551581554,1.445057659119472,1
byebye,0.3281276346660907,0.20197951222560487,1.6245590013089162,4
cake,0.19842818603950121,0.15175569615334736,1.30755016825854,6
came,0.28131049966788735,0.28860154695357526,0.9747366313082835,2
can,0.2279304765220002,0.2084359422058766,1.0935277002124155,6
can't,0.2633274455346382,0.20985461778070766,1.2548089163794727,7
car,0.4530665914905813,0.13965842649057109,3.244104941431298,12
card,0.4045440806283844,0.2463021685997928,1.64247064054768,2
cat,0.3547263415865141,0.19909114048692414,1.7817284120174688,6
Cathy,0.5192468681274783,0.3593260551581554,1.445057659119472,1
celery,0.5192468681274783,0.3593260551581554,1.445057659119472,1
chair,0.25983066049851067,0.15847228380889158,1.639596869897145,8
check,0.5192468681274783,0.3593260551581554,1.445057659119472,1
cheese,0.2529138828450707,0.21934848117772776,1.1530231779455382,4
chocolate,0.2519687736682795,0.2009993581480578,1.253579991447919,3
chowder,0.5192468681274783,0.3593260551581554,1.445057659119472,1
Christmas,0.5192468681274783,0.3593260551581554,1.445057659119472,1
clam,0.5192468681274783,0.3593260551581554,1.445057659119472,1
Clip_clop,0.5192468681274783,0.3593260551581554,1.445057659119472,1
clock,0.030144613302844705,0.26122024241696395,0.11539922413335559,2
coat,0.4045440806283844,0.2463021685997928,1.64247064054768,2
cocoa,0.5192468681274783,0.3593260551581554,1.445057659119472,1
coffee,0.3323065942648181,0.2351279047403023,1.4133013885861367,3
coin,0.5192468681274783,0.3593260551581554,1.445057659119472,1
color,0.2651803222366566,0.1985694862177672,1.3354535346172907,3
coloring,0.5192468681274783,0.3593260551581554,1.445057659119472,1
come,0.3817967285782171,0.21273182190062487,1.7947325659466635,5
coming,0.3857912813482811,0.1987570950480929,1.9410189168589522,5
cone,0.5192468681274783,0.3593260551581554,1.445057659119472,1
cook,0.32694402793063687,0.2357769915913429,1.3866663821773921,2
cookie,-0.09531181114085682,0.23987184915786672,-0.3973447133353665,3
cookies,0.5192468681274783,0.3593260551581554,1.445057659119472,1
cool,0.5192468681274783,0.3593260551581554,1.445057659119472,1
crayon,0.23966879803201685,0.24148020821203695,0.9924987219721562,2
crayons,0.5192468681274783,0.3593260551581554,1.445057659119472,1
cream,0.11498653160119852,0.17967467475244542,0.639970723529213,5
Cromer,0.5192468681274783,0.3593260551581554,1.445057659119472,1
cube,0.5192468681274783,0.3593260551581554,1.445057659119472,1
cup,0.26067953891591883,0.2089378679053396,1.247641423401626,5
cut,0.3265565482843736,0.20209025018642268,1.6158946212552767,4
Danny,0.5192468681274783,0.3593260551581554,1.445057659119472,1
dat,0.28131049966788735,0.28860154695357526,0.9747366313082835,2
day,0.07535923889937961,0.25872735627404886,0.29126892488151773,2
de,0.5192468681274783,0.3593260551581554,1.445057659119472,1
di,0.5192468681274783,0.3593260551581554,1.445057659119472,1
din,0.5192468681274783,0.3593260551581554,1.445057659119472,1
do,0.2984148451294924,0.17219642199553378,1.7329909743260072,9
dog,-0.13948635817557886,0.20520171707764112,-0.679752392728771,4
doing,0.34538473411890885,0.17608354588525832,1.9614821611098894,5
doll,0.07205494606296203,0.21440550120226987,0.33606855075507364,3
dolls,0.5192468681274783,0.3593260551581554,1.445057659119472,1
dolly,0.3419158796438008,0.19595051287103282,1.7449093377409879,3
don't,0.09647167490680206,0.16811159492215977,0.5738549738432442,9
done,0.3060526803503943,0.21350514534551257,1.4334674691568359,4
doo,0.5192468681274783,0.3593260551581554,1.445057659119472,1
door,0.07107298832833422,0.14725929860683806,0.48263837326897274,6
down,0.0566106937153599,0.1628725622144808,0.34757661416790014,13
draw,0.2551711812874488,0.1806237375696736,1.4127222961988557,4
drink,0.35035441594455186,0.16631949009895003,2.106514490491236,5
drinking,0.5192468681274783,0.3593260551581554,1.445057659119472,1
drop,0.5192468681274783,0.3593260551581554,1.445057659119472,1
drum,0.5192468681274783,0.3593260551581554,1.445057659119472,1
duck,0.08113102894925948,0.15037906567885123,0.5395101278426779,7
ear,0.32694402793063687,0.2357769915913429,1.3866663821773921,2
Easter,0.3663748595578575,0.2575212564160494,1.4226975460462379,2
eat,0.09127005684344666,0.18178152083120802,0.5020865510757545,7
eating,0.26792942090409233,0.20749245755105653,1.2912730615191852,3
eh,0.016412505023448796,0.15818158543803099,0.10375736833083228,7
elbow,0.5192468681274783,0.3593260551581554,1.445057659119472,1
else,0.5192468681274783,0.3593260551581554,1.445057659119472,1
Eve,0.5192468681274783,0.3593260551581554,1.445057659119472,1
eye,0.16274608036588267,0.1843184209943402,0.8829615590667417,4
fall,0.11458726073334338,0.17616681986874336,0.6504474612115887,5
falled,0.5192468681274783,0.3593260551581554,1.445057659119472,1
find,0.29684775417208625,0.19295648817694017,1.538418101286536,6
finger,0.5192468681274783,0.3593260551581554,1.445057659119472,1
fingernail,0.5192468681274783,0.3593260551581554,1.445057659119472,1
fire,0.5192468681274783,0.3593260551581554,1.445057659119472,1
first,0.4045440806283844,0.2463021685997928,1.64247064054768,2
fish,0.36762494926641187,0.17492197991131603,2.1016509729240123,4
five,0.32061372466994636,0.18939611034033038,1.6928210621317825,4
fix,0.07099252238482,0.20510109888208536,0.3461342858315659,5
flip+flop,0.5192468681274783,0.3593260551581554,1.445057659119472,1
floor,0.5192468681274783,0.3593260551581554,1.445057659119472,1
flower,0.5192468681274783,0.3593260551581554,1.445057659119472,1
for,0.23932309436007815,0.19176774675171546,1.2479840766441987,4
forgot,0.5192468681274783,0.3593260551581554,1.445057659119472,1
four,0.17599624257954655,0.16563049835700605,1.0625835478692927,6
Fraser,0.5192468681274783,0.3593260551581554,1.445057659119472,1
Fraser's,0.5192468681274783,0.3593260551581554,1.445057659119472,1
friend,0.5192468681274783,0.3593260551581554,1.445057659119472,1
Frosty_snowman,0.5192468681274783,0.3593260551581554,1.445057659119472,1
full,0.5192468681274783,0.3593260551581554,1.445057659119472,1
game,0.5192468681274783,0.3593260551581554,1.445057659119472,1
get,0.13260113257668935,0.1840283087183138,0.7205474717460868,9
girl,0.19325636769495483,0.16814688164189256,1.149330667377696,7
giving,0.5192468681274783,0.3593260551581554,1.445057659119472,1
go,0.0650544554217621,0.16063920266623025,0.4049724746015433,14
going,0.33760562943972083,0.18124460620877772,1.862707180653029,4
good,0.24245873321569586,0.19102378362805564,1.2692594011633114,5
got,0.2593696702643849,0.16121204003979459,1.6088728248855388,9
grape,0.40302204590828455,0.2408706099977736,1.6731889619576656,2
grass,0.5192468681274783,0.3593260551581554,1.445057659119472,1
green,0.14078676042922272,0.1616295021330645,0.871046180129401,6
hammer,0.4045440806283844,0.2463021685997928,1.64247064054768,2
hand,0.3145073128007782,0.20742828024264603,1.5162219560075076,3
happen,0.5192468681274783,0.3593260551581554,1.445057659119472,1
happened,0.5192468681274783,0.3593260551581554,1.445057659119472,1
happiness,0.5192468681274783,0.3593260551581554,1.445057659119472,1
happy,0.15479357632049906,0.20419523636793724,0.7580665400126091,5
has,0.21130507093798268,0.2553336626987796,0.8275644844654187,2
hat,0.177351322770376,0.1645772280433262,1.0776176320316133,5
have,0.2714470438535975,0.2015255146596258,1.3469611741821792,6
have_to,0.5192468681274783,0.3593260551581554,1.445057659119472,1
having,0.5192468681274783,0.3593260551581554,1.445057659119472,1
he,0.05284312131037628,0.17984674696158565,0.29382305881608917,8
heavy,0.28131049966788735,0.28860154695357526,0.9747366313082835,2
help,0.3310548601440414,0.21925446914340366,1.509911571870923,5
here,0.07149148245186003,0.15558821558115402,0.45949162785127795,12
hi,-0.1253037681033337,0.1860739270268029,-0.6734085215780092,5
high+chair,0.5192468681274783,0.3593260551581554,1.445057659119472,1
him,0.2633065619450431,0.22367437155940348,1.177186997818899,3
hm,0.3310548601440414,0.21925446914340366,1.509911571870923,5
hole,0.2818720140686976,0.24658189298804556,1.1431172445511355,2
horse,0.3643490594697246,0.2100815408375536,1.734322101871192,3
horsie,0.09026779708373554,0.19269610012501232,0.4684464139397423,4
hot,0.19669969879848107,0.18316299669513236,1.0739052229303718,7
house,0.275819415551577,0.200716814395235,1.3741719465936528,6
huh,-3.931833992279556e-4,0.16516759792264976,-0.0023805116994683713,6
Humm,0.5192468681274783,0.3593260551581554,1.445057659119472,1
I,0.08383865738119091,0.12759215261541243,0.6570831799812715,19
ice+cream,0.26792942090409233,0.20749245755105653,1.2912730615191852,3
ice+cube,0.5192468681274783,0.3593260551581554,1.445057659119472,1
icing,0.5192468681274783,0.3593260551581554,1.445057659119472,1
in,0.285189706643752,0.20366880650350663,1.400262080088547,14
is,0.03957136343784117,0.18433879786858803,0.21466649395235243,11
it,0.27391702845235405,0.14414554833034174,1.900280873222751,17
it's,0.3051067540089403,0.13671086936948695,2.231766613847884,8
Jack,0.5192468681274783,0.3593260551581554,1.445057659119472,1
jammie,0.5192468681274783,0.3593260551581554,1.445057659119472,1
Jim,0.5192468681274783,0.3593260551581554,1.445057659119472,1
juice,0.1031599417088354,0.18064295921496445,0.5710709244198964,4
jump,0.26060252132518164,0.21186010840044475,1.2300688567222244,3
kak,0.5192468681274783,0.3593260551581554,1.445057659119472,1
kangaroo,0.5192468681274783,0.3593260551581554,1.445057659119472,1
kitchen,0.5192468681274783,0.3593260551581554,1.445057659119472,1
Kix,0.5192468681274783,0.3593260551581554,1.445057659119472,1
lady,0.295972713556508,0.1781131188937684,1.6617120366806575,4
Lassie,0.5192468681274783,0.3593260551581554,1.445057659119472,1
let,0.14077338513420828,0.17966489596968416,0.7835330567745508,5
like,0.32463994246712435,0.17868117762931893,1.8168670409180008,9
lion,0.22462349625158826,0.19358045035171226,1.1603625048060098,3
little,0.2456297992166596,0.16342086247261395,1.5030504398287716,6
living+room,0.5192468681274783,0.3593260551581554,1.445057659119472,1
long,0.21130507093798268,0.2553336626987796,0.8275644844654187,2
look,0.1699834132578942,0.1279967277630724,1.3280293662861524,13
lunch,0.5192468681274783,0.3593260551581554,1.445057659119472,1
mailbox,0.5192468681274783,0.3593260551581554,1.445057659119472,1
make,0.4146174585672674,0.17641577119234753,2.3502289832988157,6
making,0.3323065942648181,0.2351279047403023,1.4133013885861367,3
Mama,0.10143343037299364,0.15291071251673943,0.6633507143058374,10
man,0.2609598317301011,0.17854263841195495,1.46161070571828,6
many,0.5192468681274783,0.3593260551581554,1.445057659119472,1
manys,0.5192468681274783,0.3593260551581554,1.445057659119472,1
may,0.5192468681274783,0.3593260551581554,1.445057659119472,1
me,-0.0554667755329132,0.12849661033735202,-0.4316594452358861,13
mhm,0.1576124237115912,0.1794581621978008,0.8782683483511272,5
milk,0.09855397161752842,0.20264296965650083,0.4863429103145636,4
mine,0.12003895858146237,0.1474587234259111,0.8140512530733696,8
minute,0.4045440806283844,0.2463021685997928,1.64247064054768,2
mm,-0.04074503569061589,0.13461035599639765,-0.30268871506220724,13
Mom,-0.11639857762862624,0.2050991058499057,-0.5675235742558931,3
moo,0.13887516334276986,0.21185086952637577,0.6555326567846808,3
more,0.24793149282769447,0.11707529347595647,2.1177097700687098,16
move,0.32694402793063687,0.2357769915913429,1.3866663821773921,2
mustache,0.5192468681274783,0.3593260551581554,1.445057659119472,1
my,-0.04501519431964484,0.15522804881157012,-0.28999394545175505,12
name,0.3265565482843736,0.20209025018642268,1.6158946212552767,4
nap,0.3663748595578575,0.2575212564160494,1.4226975460462379,2
napkin,0.5192468681274783,0.3593260551581554,1.445057659119472,1
napkins,0.5192468681274783,0.3593260551581554,1.445057659119472,1
need,0.2565592951707573,0.20758783114206905,1.235907200143987,5
new,0.5192468681274783,0.3593260551581554,1.445057659119472,1
no,-0.02341038901204631,0.15305571763920317,-0.1529533778491791,28
nose,0.20861677004737494,0.20209154456287307,1.032288463619871,3
not,0.15476685148872033,0.1908090245244056,0.811108656283313,8
now,0.21074111165967238,0.1830885094849532,1.1510340668156007,7
of,0.35823862423745406,0.2162075401215252,1.6569201242292313,6
off,0.1724043806773091,0.17338806926008155,0.9943266651104067,7
oh,0.04840166364344087,0.12323440916453124,0.39276095022145496,28
okay,0.1245712026474099,0.17932638683598517,0.6946618668079492,7
on,0.3343414533954461,0.19306485723155434,1.7317571835170924,14
one,0.08488586017907397,0.2165817698471824,0.3919344653936869,16
open,0.4010173866131505,0.20206014916656043,1.9846436235310676,7
orange,0.2961500758641701,0.14769907656786227,2.0050909101527123,6
other,0.3046046292483161,0.20229619325320103,1.5057358438132458,3
out,0.2846997927923394,0.17645237113453804,1.6134653842382596,10
over,0.10599586892566859,0.21741788121277708,0.48752139582270704,5
paddle,0.5192468681274783,0.3593260551581554,1.445057659119472,1
Pap,0.5192468681274783,0.3593260551581554,1.445057659119472,1
Papa,0.21130507093798268,0.2553336626987796,0.8275644844654187,2
paper,0.2529138828450707,0.21934848117772776,1.1530231779455382,4
party,0.4045440806283844,0.2463021685997928,1.64247064054768,2
peanut+butter,0.5192468681274783,0.3593260551581554,1.445057659119472,1
pee+pee,0.5192468681274783,0.3593260551581554,1.445057659119472,1
peek,0.5192468681274783,0.3593260551581554,1.445057659119472,1
peekaboo,0.5192468681274783,0.3593260551581554,1.445057659119472,1
peel,0.5192468681274783,0.3593260551581554,1.445057659119472,1
pencil,0.5192468681274783,0.3593260551581554,1.445057659119472,1
penny,0.28131049966788735,0.28860154695357526,0.9747366313082835,2
piece,0.1630640498148829,0.24636874217421542,0.6618698799849169,3
pillow,0.38852333553189033,0.23411527077826394,1.6595386291561898,2
pipe,0.5192468681274783,0.3593260551581554,1.445057659119472,1
plate,0.4045440806283844,0.2463021685997928,1.64247064054768,2
play,0.2544610021747825,0.19847694548255182,1.282068310534093,6
playing,0.38852333553189033,0.23411527077826394,1.6595386291561898,2
please,0.12985987792864254,0.1550218006337338,0.8376878438888687,7
pocket,0.21130507093798268,0.2553336626987796,0.8275644844654187,2
poor,0.5192468681274783,0.3593260551581554,1.445057659119472,1
Pop,0.5192468681274783,0.3593260551581554,1.445057659119472,1
pudding,0.5192468681274783,0.3593260551581554,1.445057659119472,1
pull,0.13835484335568646,0.18144197230880194,0.7625294279772041,4
push,0.32694402793063687,0.2357769915913429,1.3866663821773921,2
put,0.22880870976159337,0.18317573787694796,1.2491212668967124,8
putting,0.5192468681274783,0.3593260551581554,1.445057659119472,1
puzzle,0.16748547473520167,0.2629381365374234,0.636976731259993,2
rattle,0.5192468681274783,0.3593260551581554,1.445057659119472,1
read,0.2434200941617483,0.20560076372251965,1.1839454764393285,7
reading,0.5192468681274783,0.3593260551581554,1.445057659119472,1
red,0.19783332201493806,0.16069393530992782,1.2311187826309693,8
reel,0.5192468681274783,0.3593260551581554,1.445057659119472,1
right,0.15934415007407438,0.16918558079933194,0.9418305586163971,9
round,0.20707826689253186,0.16005891317379792,1.2937627951258084,5
running,0.5192468681274783,0.3593260551581554,1.445057659119472,1
sandwich,0.5192468681274783,0.3593260551581554,1.445057659119472,1
Sarah,0.2818720140686976,0.24658189298804556,1.1431172445511355,2
scissors,0.4045440806283844,0.2463021685997928,1.64247064054768,2
see,0.1091786295587886,0.18154880532005443,0.6013734398654751,11
shall,0.5192468681274783,0.3593260551581554,1.445057659119472,1
shoe,0.05449296226522262,0.1990045193965497,0.27382776245717466,4
shoes,0.20861677004737494,0.20209154456287307,1.032288463619871,3
shovel,0.5192468681274783,0.3593260551581554,1.445057659119472,1
show,0.5192468681274783,0.3593260551581554,1.445057659119472,1
silly,0.21130507093798268,0.2553336626987796,0.8275644844654187,2
sing,0.5192468681274783,0.3593260551581554,1.445057659119472,1
sit,0.40256216239843406,0.16120445341627762,2.4972148961598437,9
sitting,0.5192468681274783,0.3593260551581554,1.445057659119472,1
sleeping,0.32694402793063687,0.2357769915913429,1.3866663821773921,2
so,0.3316608117701528,0.25948771649381464,1.278136846905655,3
sock,0.21130507093798268,0.2553336626987796,0.8275644844654187,2
some,0.09588057183175687,0.15411613380463682,0.622131956368037,8
something,0.28131049966788735,0.28860154695357526,0.9747366313082835,2
soup,0.5192468681274783,0.3593260551581554,1.445057659119472,1
sponge,0.5192468681274783,0.3593260551581554,1.445057659119472,1
spoon,0.10657859757348016,0.23824409649951261,0.4473504239535194,3
Stevie,0.5192468681274783,0.3593260551581554,1.445057659119472,1
stool,0.5192468681274783,0.3593260551581554,1.445057659119472,1
string,0.21130507093798268,0.2553336626987796,0.8275644844654187,2
stuck,0.34642257017098876,0.16485749679851475,2.1013455675259882,5
study,0.5192468681274783,0.3593260551581554,1.445057659119472,1
Sue,0.28131049966788735,0.28860154695357526,0.9747366313082835,2
sugar,0.3430051333966811,0.19943074997324384,1.7199209923379397,3
supper,0.5192468681274783,0.3593260551581554,1.445057659119472,1
swimming,0.4045440806283844,0.2463021685997928,1.64247064054768,2
table,0.11322931374705272,0.21072957899850275,0.5373204572665009,4
take,0.3857912813482811,0.1987570950480929,1.9410189168589522,5
tape+recorder,0.28131049966788735,0.28860154695357526,0.9747366313082835,2
tapioca,0.5192468681274783,0.3593260551581554,1.445057659119472,1
tea,0.2556725599961734,0.1447864388486936,1.7658598555860558,8
teeth,0.5192468681274783,0.3593260551581554,1.445057659119472,1
telephone,0.5192468681274783,0.3593260551581554,1.445057659119472,1
thank_you,0.32694402793063687,0.2357769915913429,1.3866663821773921,2
that,0.038426089216479026,0.11607199753301937,0.3310539150973759,19
that's,0.1469410185668335,0.14688593657400972,1.00037499841107,11
the,0.1123694672041324,0.14395202944850752,0.7806035638026737,15
then,0.3316608117701528,0.25948771649381464,1.278136846905655,3
there,0.19331425273759492,0.12644912211512488,1.5287907856061909,21
these,0.4045440806283844,0.2463021685997928,1.64247064054768,2
they,0.23932309436007815,0.19176774675171546,1.2479840766441987,4
thing,0.22544527494485414,0.1893258997851398,1.190778837975708,4
think,0.3316608117701528,0.25948771649381464,1.278136846905655,3
this,0.11386332787056448,0.17109997761081427,0.6654783329636614,12
those,0.32694402793063687,0.2357769915913429,1.3866663821773921,2
three,0.262219111896639,0.15619523046756623,1.6787907742873653,9
tie,0.21130507093798268,0.2553336626987796,0.8275644844654187,2
time,0.3817967285782171,0.21273182190062487,1.7947325659466635,5
tinker+toy,0.5192468681274783,0.3593260551581554,1.445057659119472,1
to,0.17528348995542642,0.18010715168994212,0.9732178223393387,7
too,0.23767544164856674,0.2380158895041928,0.9985696423195307,4
top,0.2516794581794058,0.20335425711637461,1.2376404691413756,3
tower,0.5192468681274783,0.3593260551581554,1.445057659119472,1
toy,0.5192468681274783,0.3593260551581554,1.445057659119472,1
tree,-0.062295944329607784,0.17845491037179087,-0.3490850669215049,5
truck,0.23767544164856674,0.2380158895041928,0.9985696423195307,4
trying,0.5192468681274783,0.3593260551581554,1.445057659119472,1
turn,0.21529898937336436,0.20642358202585775,1.0429960921150705,4
turtle,0.21130507093798268,0.2553336626987796,0.8275644844654187,2
two,0.20176121613736903,0.17237464602930663,1.1704808148123256,11
uhhuh,0.10657859757348016,0.23824409649951261,0.4473504239535194,3
under,0.3663748595578575,0.2575212564160494,1.4226975460462379,2
up,0.16207500665169688,0.14290885777486603,1.1341144920983455,15
use,0.4045440806283844,0.2463021685997928,1.64247064054768,2
Valentine,0.5192468681274783,0.3593260551581554,1.445057659119472,1
wait,0.3643490594697246,0.2100815408375536,1.734322101871192,3
wake,0.3145073128007782,0.20742828024264603,1.5162219560075076,3
walk,0.5192468681274783,0.3593260551581554,1.445057659119472,1
want,0.20243440699946008,0.12302697242599459,1.6454473601000958,17
warm,0.2818720140686976,0.24658189298804556,1.1431172445511355,2
wash,0.32694402793063687,0.2357769915913429,1.3866663821773921,2
wastebasket,0.5192468681274783,0.3593260551581554,1.445057659119472,1
watch,0.3323065942648181,0.2351279047403023,1.4133013885861367,3
water,0.29310651966413137,0.15242160840708047,1.9229984693595166,8
way,0.2686941960678311,0.18182937535313087,1.4777271029282264,4
we,0.3643490594697246,0.2100815408375536,1.734322101871192,3
Wednesday,0.5192468681274783,0.3593260551581554,1.445057659119472,1
week,0.5192468681274783,0.3593260551581554,1.445057659119472,1
what,0.03957136343784117,0.18433879786858803,0.21466649395235243,11
what's,-0.03090216530860979,0.1311414580478077,-0.23563994002067895,10
where,0.005337283004278835,0.16161392864420912,0.03302489487789627,12
while,0.5192468681274783,0.3593260551581554,1.445057659119472,1
why,0.10518915766067685,0.22686798050440002,0.463658015674172,4
window,0.40302204590828455,0.2408706099977736,1.6731889619576656,2
wipe,0.2633065619450431,0.22367437155940348,1.177186997818899,3
with,0.22544527494485414,0.1893258997851398,1.190778837975708,4
words,0.5192468681274783,0.3593260551581554,1.445057659119472,1
write,0.2633065619450431,0.22367437155940348,1.177186997818899,3
writing,0.2633065619450431,0.22367437155940348,1.177186997818899,3
yep,0.17535238555878,0.1991335862412428,0.8805766464043249,3
yes,0.21797584436980796,0.11946260761573697,1.8246365847876713,15
you,0.09820468702513796,0.1486338672681172,0.6607154131836508,14
your,0.3884256067893277,0.22483988093560858,1.7275654353355936,4
yours,0.4045440806283844,0.2463021685997928,1.64247064054768,2
yup,0.5192468681274783,0.3593260551581554,1.445057659119472,1
zip,0.3663748595578575,0.2575212564160494,1.4226975460462379,2
after,0.16407071688123068,0.33651276335722435,0.4875616462340889,1
ah,-0.01382594589082592,0.11740612305569317,-0.11776171064150884,16
ahhah,0.09370619134469613,0.32057538425741233,0.29230625914013686,2
also,0.16407071688123068,0.33651276335722435,0.4875616462340889,1
Andy,0.17677293370372646,0.22005612825449322,0.8033083882094386,3
Annie,0.16407071688123068,0.33651276335722435,0.4875616462340889,1
any,0.16407071688123068,0.33651276335722435,0.4875616462340889,1
bad,0.09370619134469613,0.32057538425741233,0.29230625914013686,2
ball,0.051872360479439585,0.1344215172719767,0.38589328205904416,11
banana,0.2536157960718402,0.1949088141347632,1.3012022939941856,4
bend,0.16407071688123068,0.33651276335722435,0.4875616462340889,1
Betty,0.21292149326510423,0.23621654174803344,0.9013826537695337,2
blanket,0.2380265662398685,0.24499535532127473,0.9715554236843891,2
blankets,0.16407071688123068,0.33651276335722435,0.4875616462340889,1
blue,0.013339970545241,0.16582112503303517,0.08044795584750368,7
bought,0.16407071688123068,0.33651276335722435,0.4875616462340889,1
bow,0.04846974347201749,0.24667126351578872,0.19649529815991348,2
bow+wow,0.04846974347201749,0.24667126351578872,0.19649529815991348,2
broken,0.23443891937582595,0.2004685483947891,1.1694548658782022,4
brought,0.16407071688123068,0.33651276335722435,0.4875616462340889,1
bunny,0.14538816127193016,0.21082011667359357,0.6896313481176479,3
bus,0.04846974347201749,0.24667126351578872,0.19649529815991348,2
but,0.09370619134469613,0.32057538425741233,0.29230625914013686,2
bye,-0.18394883500759723,0.19883650532976824,-0.9251260713042609,7
Caitlin,0.16407071688123068,0.33651276335722435,0.4875616462340889,1
call,0.16407071688123068,0.33651276335722435,0.4875616462340889,1
Carl,0.16407071688123068,0.33651276335722435,0.4875616462340889,1
cheetah,0.16407071688123068,0.33651276335722435,0.4875616462340889,1
clothes,0.16971033778065367,0.2491746657320596,0.6810898583210909,3
comfortable,0.16407071688123068,0.33651276335722435,0.4875616462340889,1
cough,0.16407071688123068,0.33651276335722435,0.4875616462340889,1
could,0.09370619134469613,0.32057538425741233,0.29230625914013686,2
crib,0.16407071688123068,0.33651276335722435,0.4875616462340889,1
cry,0.16407071688123068,0.33651276335722435,0.4875616462340889,1
daddy,0.06124898614764997,0.1387283318279151,0.44150308261203614,7
Daddy,0.01767023073971292,0.1292898949315639,0.13667139840330275,11
Daddy's,0.1652246377708718,0.21377058498571203,0.7729063275095358,3
dah,0.16407071688123068,0.33651276335722435,0.4875616462340889,1
David,0.09370619134469613,0.32057538425741233,0.29230625914013686,2
diaper,0.16407071688123068,0.33651276335722435,0.4875616462340889,1
did,-0.13773460330526682,0.20535565130413766,-0.6707125050153984,5
didn't,0.09370619134469613,0.32057538425741233,0.29230625914013686,2
Doctor,0.16407071688123068,0.33651276335722435,0.4875616462340889,1
eight,-0.01578478292382214,0.19604722438179492,-0.08051520736188462,4
Emily,0.12778115338090432,0.24562662377605496,0.5202251751724039,2
Emmy,0.16407071688123068,0.33651276335722435,0.4875616462340889,1
feel,0.2380265662398685,0.24499535532127473,0.9715554236843891,2
fell,3.145782484530112e-4,0.23992513309110353,0.0013111517097025456,2
from,0.2380265662398685,0.24499535532127473,0.9715554236843891,2
fuss,0.16407071688123068,0.33651276335722435,0.4875616462340889,1
gets,0.16407071688123068,0.33651276335722435,0.4875616462340889,1
getting,0.16407071688123068,0.33651276335722435,0.4875616462340889,1
gonna,0.16407071688123068,0.33651276335722435,0.4875616462340889,1
good_night,0.09370619134469613,0.32057538425741233,0.29230625914013686,2
ha,0.05035104755380354,0.20742579582006895,0.24274245811490314,3
had,0.16407071688123068,0.33651276335722435,0.4875616462340889,1
head,0.21613547931600924,0.21669677597403902,0.9974097599952432,5
her,0.005308799953390404,0.17532372490501377,0.030279986101519267,4
hh,0.16407071688123068,0.33651276335722435,0.4875616462340889,1
hhh,-0.07532135687851296,0.24317853307233625,-0.3097368666834904,2
his,0.09046891207336523,0.23565042175176718,0.38391152199449347,2
home,0.04534903706628724,0.1830585446671854,0.24772969297191397,4
how,0.2287065326222888,0.25896647856814015,0.8831511085405239,3
I'm,0.15501056026510876,0.23823685781570358,0.6506573402887247,4
just,0.2332373908600935,0.18849993449920463,1.2373340684692793,4
kicked,0.16407071688123068,0.33651276335722435,0.4875616462340889,1
kids,0.16407071688123068,0.33651276335722435,0.4875616462340889,1
knock,0.16407071688123068,0.33651276335722435,0.4875616462340889,1
know,-0.034568422518826934,0.18700002959115913,-0.18485784518004825,5
lala,0.16407071688123068,0.33651276335722435,0.4875616462340889,1
Lastname,0.16407071688123068,0.33651276335722435,0.4875616462340889,1
Len,0.16407071688123068,0.33651276335722435,0.4875616462340889,1
lie,0.05825818383149906,0.19550575777097806,0.2979870490553257,5
Ma,-0.13625285226238446,0.19625487142737458,-0.6942648163146652,3
maybe,0.16407071688123068,0.33651276335722435,0.4875616462340889,1
mole,0.16407071688123068,0.33651276335722435,0.4875616462340889,1
mommy,0.01866106037649684,0.2653592861321798,0.07032375104898896,3
Mormor,0.16407071688123068,0.33651276335722435,0.4875616462340889,1
morning,0.18786715763396256,0.2392712136748722,0.7851640602669455,2
night,0.06515504705321004,0.21103995735244982,0.3087332269708388,3
nine,0.20686385842907118,0.21101451763377285,0.9803299827365178,3
or,0.2380265662398685,0.24499535532127473,0.9715554236843891,2
pajamas,0.16407071688123068,0.33651276335722435,0.4875616462340889,1
pants,0.18068965849486573,0.18752594012838042,0.9635448747579425,4
pear,0.3063837883252137,0.18121726737596797,1.6906986445699193,4
pick,0.18786715763396256,0.2392712136748722,0.7851640602669455,2
poo,0.09370619134469613,0.32057538425741233,0.29230625914013686,2
poop,0.16407071688123068,0.33651276335722435,0.4875616462340889,1
probably,0.16407071688123068,0.33651276335722435,0.4875616462340889,1
rabbit,-0.01055353254029322,0.23815593519856726,-0.04431353991448503,2
room,0.16407071688123068,0.33651276335722435,0.4875616462340889,1
run,0.16407071688123068,0.33651276335722435,0.4875616462340889,1
said,0.16407071688123068,0.33651276335722435,0.4875616462340889,1
say,0.2287065326222888,0.25896647856814015,0.8831511085405239,3
sick,0.09370619134469613,0.32057538425741233,0.29230625914013686,2
six,0.2380265662398685,0.24499535532127473,0.9715554236843891,2
sleep,0.20686385842907118,0.21101451763377285,0.9803299827365178,3
somebody,0.16407071688123068,0.33651276335722435,0.4875616462340889,1
Stephen,0.16407071688123068,0.33651276335722435,0.4875616462340889,1
taking,0.16407071688123068,0.33651276335722435,0.4875616462340889,1
Tanta,0.16407071688123068,0.33651276335722435,0.4875616462340889,1
Tanta's,0.16407071688123068,0.33651276335722435,0.4875616462340889,1
tell,0.16407071688123068,0.33651276335722435,0.4875616462340889,1
ten,0.2380265662398685,0.24499535532127473,0.9715554236843891,2
them,0.24756446522168846,0.20542944528614987,1.205107013149197,3
tiger,0.3063837883252137,0.18121726737596797,1.6906986445699193,4
took,0.16407071688123068,0.33651276335722435,0.4875616462340889,1
tow,0.16407071688123068,0.33651276335722435,0.4875616462340889,1
tv,0.16407071688123068,0.33651276335722435,0.4875616462340889,1
uh,-0.026635615449831986,0.10282272565185323,-0.2590440516040913,18
um,0.36854813920748325,0.18344695828948804,2.0090174437555772,7
waited,0.16407071688123068,0.33651276335722435,0.4875616462340889,1
was,0.16407071688123068,0.33651276335722435,0.4875616462340889,1
well,0.16407071688123068,0.33651276335722435,0.4875616462340889,1
went,0.2380265662398685,0.24499535532127473,0.9715554236843891,2
when,0.16407071688123068,0.33651276335722435,0.4875616462340889,1
which,0.16407071688123068,0.33651276335722435,0.4875616462340889,1
who,0.2380265662398685,0.24499535532127473,0.9715554236843891,2
will,0.16407071688123068,0.33651276335722435,0.4875616462340889,1
win,0.16407071688123068,0.33651276335722435,0.4875616462340889,1
witch,0.16407071688123068,0.33651276335722435,0.4875616462340889,1
woof,-0.01946358213672327,0.19929242630227095,-0.09766343105885245,3
achoo,-0.5578660137456979,0.32457984387672506,-1.7187327687469545,1
apple,-0.1982438395591028,0.22976602327150644,-0.862807462724134,4
aw,-0.5578660137456979,0.32457984387672506,-1.7187327687469545,1
balloon,-0.5578660137456979,0.32457984387672506,-1.7187327687469545,1
bear,-0.152747998060184,0.24532445189148677,-0.6226366629272988,2
boo,-0.5578660137456979,0.32457984387672506,-1.7187327687469545,1
candy+cane,-0.5578660137456979,0.32457984387672506,-1.7187327687469545,1
Dada,-0.2245422141996342,0.211461860361249,-1.0618567992168397,4
dinosaur,-0.08447713604207734,0.21321258679012225,-0.39621083029789966,3
egg,-0.040723083284268845,0.20122483362337215,-0.20237603158111833,5
Elmo,-0.34117595087121183,0.24128508464498663,-1.4139951973127516,2
Gigi,-0.5578660137456979,0.32457984387672506,-1.7187327687469545,1
gone,-0.007360171078330519,0.14380309058110388,-0.0511822871719119,9
hey,-0.32844673007094993,0.16504983309568091,-1.9899852299792773,6
moon,-0.5578660137456979,0.32457984387672506,-1.7187327687469545,1
oh_no,-0.5578660137456979,0.32457984387672506,-1.7187327687469545,1
polar,-0.5578660137456979,0.32457984387672506,-1.7187327687469545,1
pop,-0.5578660137456979,0.32457984387672506,-1.7187327687469545,1
purple,-0.14164324661313343,0.21059938767433706,-0.6725719774274235,3
quack,-0.2512917409172702,0.18976702233943551,-1.324211856303387,3
seven,-0.152747998060184,0.24532445189148677,-0.6226366629272988,2
star,-0.16128202680433482,0.20054427309944578,-0.8042215532345737,3
tweet,-0.5578660137456979,0.32457984387672506,-1.7187327687469545,1
twelve,-0.152747998060184,0.24532445189148677,-0.6226366629272988,2
uhoh,-0.22252465342277836,0.20959402599239468,-1.0616936831532253,3
wee,-0.2332306881700862,0.1986538130625092,-1.1740559346660862,3
whoa,-0.2857371921382122,0.1989935403301218,-1.43591189776405,3
wow,-0.34117595087121183,0.24128508464498663,-1.4139951973127516,2
zoo,-0.5578660137456979,0.32457984387672506,-1.7187327687469545,1
ahem,-0.06968513119904401,0.3285142350598058,-0.2121221054130512,1
alphabet,-0.06968513119904401,0.3285142350598058,-0.2121221054130512,1
apman,-0.06968513119904401,0.3285142350598058,-0.2121221054130512,1
awake,-0.06968513119904401,0.3285142350598058,-0.2121221054130512,1
backpack,-0.06968513119904401,0.3285142350598058,-0.2121221054130512,1
bat,-0.06968513119904401,0.3285142350598058,-0.2121221054130512,1
beans,-0.19187441824242685,0.2372843721152217,-0.808626444851815,2
Ben,-0.06968513119904401,0.3285142350598058,-0.2121221054130512,1
black,0.10916258823659883,0.2460785119306739,0.4436087790849146,2
blah,-0.06968513119904401,0.3285142350598058,-0.2121221054130512,1
blankie,-0.06968513119904401,0.3285142350598058,-0.2121221054130512,1
bock,-0.06968513119904401,0.3285142350598058,-0.2121221054130512,1
boo+boo,-0.1273364926688953,0.23594327892327233,-0.5396911208914094,2
boots,-0.06968513119904401,0.3285142350598058,-0.2121221054130512,1
bowl,-0.21635530554343826,0.233587012363469,-0.9262300303185623,3
bubbles,0.12561029196081364,0.17361309469298034,0.723507015314395,4
bumble+bee,-0.06968513119904401,0.3285142350598058,-0.2121221054130512,1
camel,-0.06968513119904401,0.3285142350598058,-0.2121221054130512,1
chicken,-0.06968513119904401,0.3285142350598058,-0.2121221054130512,1
choo,-0.19765303779548213,0.23170253597595936,-0.853046501899271,2
circle,0.06372439044464819,0.19467590347370067,0.3273357889064935,3
clip,0.0890112584425162,0.23121853295455921,0.3849659337645281,2
daddy's,0.0011156853467025225,0.24374773195785102,0.004577213243138802,2
Daisy,-0.06968513119904401,0.3285142350598058,-0.2121221054130512,1
Dipsy,-0.06968513119904401,0.3285142350598058,-0.2121221054130512,1
dirt,-0.06968513119904401,0.3285142350598058,-0.2121221054130512,1
dirty,-0.031096931777517035,0.2158238899132582,-0.1440847525731058,3
doughnut,-0.06968513119904401,0.3285142350598058,-0.2121221054130512,1
dress,0.16843275245369155,0.20797244318906333,0.809880145037162,3
duckie,-0.06968513119904401,0.3285142350598058,-0.2121221054130512,1
elephant,-0.06968513119904401,0.3285142350598058,-0.2121221054130512,1
empty,-0.06968513119904401,0.3285142350598058,-0.2121221054130512,1
eyes,0.07517509929046479,0.22278817838980983,0.33742858276318327,3
feet,0.06500356871017084,0.23762823783345363,0.27355153286003764,2
floppy,-0.06968513119904401,0.3285142350598058,-0.2121221054130512,1
Floppy,-0.06968513119904401,0.3285142350598058,-0.2121221054130512,1
football,-0.06968513119904401,0.3285142350598058,-0.2121221054130512,1
fruit,-0.06968513119904401,0.3285142350598058,-0.2121221054130512,1
funny,0.10916258823659883,0.2460785119306739,0.4436087790849146,2
Gaby,-0.06968513119904401,0.3285142350598058,-0.2121221054130512,1
Goldbug,-0.06968513119904401,0.3285142350598058,-0.2121221054130512,1
gosh,-0.06968513119904401,0.3285142350598058,-0.2121221054130512,1
heart,-0.06968513119904401,0.3285142350598058,-0.2121221054130512,1
hello,0.12333212164898011,0.16731448259248105,0.7371275919334106,6
Hucklecat,-0.06968513119904401,0.3285142350598058,-0.2121221054130512,1
hurts,0.0011156853467025225,0.24374773195785102,0.004577213243138802,2
ice,0.00831203547255444,0.19271835228556566,0.04313048225027296,3
keys,0.0011156853467025225,0.24374773195785102,0.004577213243138802,2
kitty,-0.10234529788437363,0.2946029316128017,-0.3474008127620625,2
knees,-0.06968513119904401,0.3285142350598058,-0.2121221054130512,1
la,0.14587851597228121,0.1672633559059323,0.8721486854199089,4
Laa_Laa,-0.06968513119904401,0.3285142350598058,-0.2121221054130512,1
leaf,0.10916258823659883,0.2460785119306739,0.4436087790849146,2
Lily,-0.06968513119904401,0.3285142350598058,-0.2121221054130512,1
lovely,0.10916258823659883,0.2460785119306739,0.4436087790849146,2
lowly,-0.06968513119904401,0.3285142350598058,-0.2121221054130512,1
mall,-0.06968513119904401,0.3285142350598058,-0.2121221054130512,1
Manuela,-0.06968513119904401,0.3285142350598058,-0.2121221054130512,1
Matt,-0.06968513119904401,0.3285142350598058,-0.2121221054130512,1
microphone,-0.06968513119904401,0.3285142350598058,-0.2121221054130512,1
Moby,-0.06968513119904401,0.3285142350598058,-0.2121221054130512,1
Mommy's,-0.06968513119904401,0.3285142350598058,-0.2121221054130512,1
moose,-0.06968513119904401,0.3285142350598058,-0.2121221054130512,1
mouse,-0.024875030228299844,0.23192403490353677,-0.10725507702832962,2
mwah,-0.06968513119904401,0.3285142350598058,-0.2121221054130512,1
Nancy,-0.06968513119904401,0.3285142350598058,-0.2121221054130512,1
nest,-0.06968513119904401,0.3285142350598058,-0.2121221054130512,1
nice,0.11179396365281144,0.21256855317889353,0.5259195773832446,3
nothing,-0.06968513119904401,0.3285142350598058,-0.2121221054130512,1
ouch,-0.06968513119904401,0.3285142350598058,-0.2121221054130512,1
P,-0.06968513119904401,0.3285142350598058,-0.2121221054130512,1
paint,0.10916258823659883,0.2460785119306739,0.4436087790849146,2
panettone,-0.06968513119904401,0.3285142350598058,-0.2121221054130512,1
Phoebe,-0.06968513119904401,0.3285142350598058,-0.2121221054130512,1
pickle,-0.06968513119904401,0.3285142350598058,-0.2121221054130512,1
pie,0.1253919071859803,0.23898416439775858,0.5246870959085035,2
piggie,-0.06968513119904401,0.3285142350598058,-0.2121221054130512,1
pinch,-0.06968513119904401,0.3285142350598058,-0.2121221054130512,1
pink,0.10916258823659883,0.2460785119306739,0.4436087790849146,2
plane,-0.06968513119904401,0.3285142350598058,-0.2121221054130512,1
Po,0.10916258823659883,0.2460785119306739,0.4436087790849146,2
pockets,-0.06968513119904401,0.3285142350598058,-0.2121221054130512,1
Pooh,0.10916258823659883,0.2460785119306739,0.4436087790849146,2
potty,0.10916258823659883,0.2460785119306739,0.4436087790849146,2
pumpkin,-0.06968513119904401,0.3285142350598058,-0.2121221054130512,1
puppy,-0.06968513119904401,0.3285142350598058,-0.2121221054130512,1
raisins,-0.06968513119904401,0.3285142350598058,-0.2121221054130512,1
Sally,-0.06968513119904401,0.3285142350598058,-0.2121221054130512,1
Shamu,-0.06968513119904401,0.3285142350598058,-0.2121221054130512,1
shirt,0.06500356871017084,0.23762823783345363,0.27355153286003764,2
skunk,-0.06968513119904401,0.3285142350598058,-0.2121221054130512,1
smelly,-0.06968513119904401,0.3285142350598058,-0.2121221054130512,1
snake,0.006982097356198696,0.2041402088121847,0.03420246014650863,3
soda,-0.06968513119904401,0.3285142350598058,-0.2121221054130512,1
square,0.10916258823659883,0.2460785119306739,0.4436087790849146,2
squeak,-0.06968513119904401,0.3285142350598058,-0.2121221054130512,1
stars,0.10916258823659883,0.2460785119306739,0.4436087790849146,2
station,-0.06968513119904401,0.3285142350598058,-0.2121221054130512,1
stick,-0.06968513119904401,0.3285142350598058,-0.2121221054130512,1
stories,-0.06968513119904401,0.3285142350598058,-0.2121221054130512,1
strawberry,-0.06968513119904401,0.3285142350598058,-0.2121221054130512,1
sun,-0.06968513119904401,0.3285142350598058,-0.2121221054130512,1
swim,-0.06968513119904401,0.3285142350598058,-0.2121221054130512,1
Swiper,-0.06968513119904401,0.3285142350598058,-0.2121221054130512,1
Tamar,-0.06968513119904401,0.3285142350598058,-0.2121221054130512,1
there's,-0.007772864498658972,0.21268681887636887,-0.036546056496228864,4
throw,0.061162550035480046,0.21821636274656633,0.28028397717596204,4
tickle,0.10916258823659883,0.2460785119306739,0.4436087790849146,2
tickles,-0.06968513119904401,0.3285142350598058,-0.2121221054130512,1
Tinky_Winky,0.10916258823659883,0.2460785119306739,0.4436087790849146,2
tiny,-0.10234529788437363,0.2946029316128017,-0.3474008127620625,2
toast,0.2210648227761014,0.19174158027777446,1.1529310567684203,4
train,0.1528146810232461,0.17176107550005237,0.8896933171753428,4
treat,-0.06968513119904401,0.3285142350598058,-0.2121221054130512,1
Trevor,-0.06968513119904401,0.3285142350598058,-0.2121221054130512,1
tutu,-0.06968513119904401,0.3285142350598058,-0.2121221054130512,1
vest,-0.06968513119904401,0.3285142350598058,-0.2121221054130512,1
Wella,-0.06968513119904401,0.3285142350598058,-0.2121221054130512,1
whee,-0.00544019592557457,0.19953235716212198,-0.027264730407381286,3
where's,0.08587535257651059,0.16060853942192335,0.5346873390767444,7
white,-0.12805439911629038,0.19990544338067293,-0.6405748485419723,3
wiggle,-0.06968513119904401,0.3285142350598058,-0.2121221054130512,1
woo,-0.06968513119904401,0.3285142350598058,-0.2121221054130512,1
worm,-0.06968513119904401,0.3285142350598058,-0.2121221054130512,1
yay,-0.11089259907598879,0.23905287304729317,-0.4638831471146983,2
yellow,0.2151766712555557,0.21666367636312528,0.993136804781816,3
yucky,-0.06968513119904401,0.3285142350598058,-0.2121221054130512,1
yummy,0.16395164110816582,0.2015268535924946,0.8135473669414339,3
Zoe,-0.06968513119904401,0.3285142350598058,-0.2121221054130512,1
are,0.07166625793867355,0.16390540590951996,0.4372415756575789,6
around,0.019683002017831484,0.3282217346172544,0.05996861250149752,1
hoot,0.019683002017831484,0.3282217346172544,0.05996861250149752,1
mom,0.019683002017831484,0.3282217346172544,0.05996861250149752,1
barn,-0.1432425104046786,0.3330539241391075,-0.43008804287455304,1
candy,-0.1432425104046786,0.3330539241391075,-0.43008804287455304,1
choo+choo,-0.1432425104046786,0.3330539241391075,-0.43008804287455304,1
hum,-0.1432425104046786,0.3330539241391075,-0.43008804287455304,1
hunhunh,-0.17306412143303918,0.197749057817894,-0.875170396980667,3
nope,-0.1553384929442687,0.23774428058183755,-0.6533847736067716,2
numnum,-0.1432425104046786,0.3330539241391075,-0.43008804287455304,1
poo+poo,-0.1432425104046786,0.3330539241391075,-0.43008804287455304,1
ruff,-0.1432425104046786,0.3330539241391075,-0.43008804287455304,1
ssh,-0.21795123969495675,0.26166074414241364,-0.8329535269391912,2
wah,-0.1432425104046786,0.3330539241391075,-0.43008804287455304,1
bath,0.04638411649426146,0.2388168378574018,0.19422464894187044,2
bike,-0.017594719082583383,0.1765774217855414,-0.099643085195528,4
Brittany,-0.1681051186171836,0.32041762533071233,-0.5246437939975288,1
cow,0.035462460177227255,0.2287574589899484,0.1550220934163527,2
ding,-0.1681051186171836,0.32041762533071233,-0.5246437939975288,1
frog,-0.05309142357460757,0.23464191064725085,-0.2262657315914147,2
frogs,-0.1681051186171836,0.32041762533071233,-0.5246437939975288,1
fussing,-0.1681051186171836,0.32041762533071233,-0.5246437939975288,1
pig,-0.1681051186171836,0.32041762533071233,-0.5246437939975288,1
rat,-0.1681051186171836,0.32041762533071233,-0.5246437939975288,1
snowman,-0.1681051186171836,0.32041762533071233,-0.5246437939975288,1
stop,0.04638411649426146,0.2388168378574018,0.19422464894187044,2
talk,-0.15478525917064834,0.26678464055875156,-0.5801880454829309,2
wanna,0.014674546929641964,0.22823741312363188,0.06429509837501111,3
brush,0.01933868710806621,0.23215212198619012,0.08330178911402153,2
cows,-0.15180153631747403,0.32437186573270593,-0.46798613675874084,1
crying,-0.008369086691138434,0.22050126752064655,-0.03795482350392747,3
cute,-0.15180153631747403,0.32437186573270593,-0.46798613675874084,1
give,0.02496064091652894,0.2296387625199118,0.10869524222577458,3
hair,0.20849258385657513,0.15763950135522312,1.3225909880719569,7
hee,-0.15180153631747403,0.32437186573270593,-0.46798613675874084,1
here's,-0.15180153631747403,0.32437186573270593,-0.46798613675874084,1
hotdog,-0.15180153631747403,0.32437186573270593,-0.46798613675874084,1
hungry,0.05799286741673469,0.2401631440575078,0.2414728023499231,2
Kathy,-0.15180153631747403,0.32437186573270593,-0.46798613675874084,1
money,0.0702945170182608,0.2050138903811887,0.34287685038101573,3
pretty,-0.14367532131696995,0.2694213886773865,-0.533273627688896,2
toys,0.12314467642036579,0.17787714273464378,0.6923018580530743,4
Tulip,-0.15180153631747403,0.32437186573270593,-0.46798613675874084,1
uhhum,-0.15180153631747403,0.32437186573270593,-0.46798613675874084,1
unicorn,-0.15180153631747403,0.32437186573270593,-0.46798613675874084,1
night+night,-0.43214010400147257,0.3165399435467558,-1.3651992830966104,1
O,-0.01233256485341952,0.32432628722667983,-0.03802517815893221,1
about,-0.09862824583458224,0.43075835677756297,-0.2289642076184081,1
airplane,-0.09862824583458224,0.43075835677756297,-0.2289642076184081,1
alright,-0.09862824583458224,0.43075835677756297,-0.2289642076184081,1
Andi,-0.09862824583458224,0.43075835677756297,-0.2289642076184081,1
barbeque,-0.09862824583458224,0.43075835677756297,-0.2289642076184081,1
Baura,-0.09862824583458224,0.43075835677756297,-0.2289642076184081,1
beach,-0.09862824583458224,0.43075835677756297,-0.2289642076184081,1
beep,-0.09862824583458224,0.43075835677756297,-0.2289642076184081,1
belly+button,-0.09862824583458224,0.43075835677756297,-0.2289642076184081,1
bigger,-0.09862824583458224,0.43075835677756297,-0.2289642076184081,1
birdie,-0.09862824583458224,0.43075835677756297,-0.2289642076184081,1
bite,0.10004553515253894,0.2809988666717642,0.35603536888781295,2
blanketie,-0.09862824583458224,0.43075835677756297,-0.2289642076184081,1
bosom,-0.09862824583458224,0.43075835677756297,-0.2289642076184081,1
bowwow,-0.09862824583458224,0.43075835677756297,-0.2289642076184081,1
bread,-0.09862824583458224,0.43075835677756297,-0.2289642076184081,1
breakfast,0.16360743097868813,0.2917139936278696,0.5608487578672589,2
bump,0.16751646315173904,0.26892077779310464,0.6229212354897269,2
burping,-0.09862824583458224,0.43075835677756297,-0.2289642076184081,1
busy,-0.09862824583458224,0.43075835677756297,-0.2289642076184081,1
butter,0.10004553515253894,0.2809988666717642,0.35603536888781295,2
caca,-0.09862824583458224,0.43075835677756297,-0.2289642076184081,1
camera,0.16360743097868813,0.2917139936278696,0.5608487578672589,2
carry,0.10004553515253894,0.2809988666717642,0.35603536888781295,2
caught,-0.09862824583458224,0.43075835677756297,-0.2289642076184081,1
cereal,-0.09862824583458224,0.43075835677756297,-0.2289642076184081,1
clean,-0.09862824583458224,0.43075835677756297,-0.2289642076184081,1
close,0.16360743097868813,0.2917139936278696,0.5608487578672589,2
corder,-0.09862824583458224,0.43075835677756297,-0.2289642076184081,1
Dad,0.16360743097868813,0.2917139936278696,0.5608487578672589,2
Debbie,-0.09862824583458224,0.43075835677756297,-0.2289642076184081,1
Deedee,-0.09862824583458224,0.43075835677756297,-0.2289642076184081,1
Devon,-0.09862824583458224,0.43075835677756297,-0.2289642076184081,1
dinner,0.15649251473259002,0.18835423239423663,0.8308415093377984,6
dishes,-0.09862824583458224,0.43075835677756297,-0.2289642076184081,1
does,-0.09862824583458224,0.43075835677756297,-0.2289642076184081,1
doggie,0.011298210731631545,0.2915484529395337,0.03875242903098087,2
drive,0.10004553515253894,0.2809988666717642,0.35603536888781295,2
dumb+dumb,-0.09862824583458224,0.43075835677756297,-0.2289642076184081,1
dump,-0.09862824583458224,0.43075835677756297,-0.2289642076184081,1
Dwww,-0.09862824583458224,0.43075835677756297,-0.2289642076184081,1
eggs,0.14834663702097592,0.26135697107168127,0.5676016079184263,2
Erica,-0.09862824583458224,0.43075835677756297,-0.2289642076184081,1
Eugene,-0.09862824583458224,0.43075835677756297,-0.2289642076184081,1
fill,-0.09862824583458224,0.43075835677756297,-0.2289642076184081,1
fine,-0.09862824583458224,0.43075835677756297,-0.2289642076184081,1
finished,-0.09862824583458224,0.43075835677756297,-0.2289642076184081,1
glasses,-0.09862824583458224,0.43075835677756297,-0.2289642076184081,1
Gluck,-0.09862824583458224,0.43075835677756297,-0.2289642076184081,1
good_gracious,-0.09862824583458224,0.43075835677756297,-0.2289642076184081,1
goody,-0.09862824583458224,0.43075835677756297,-0.2289642076184081,1
gum,-0.09862824583458224,0.43075835677756297,-0.2289642076184081,1
gurl,-0.09862824583458224,0.43075835677756297,-0.2289642076184081,1
hairs,-0.09862824583458224,0.43075835677756297,-0.2289642076184081,1
hear,-0.09862824583458224,0.43075835677756297,-0.2289642076184081,1
hit,-0.09862824583458224,0.43075835677756297,-0.2289642076184081,1
hold,0.1605445820645175,0.24861621633922878,0.6457526561560233,3
honk,-0.09862824583458224,0.43075835677756297,-0.2289642076184081,1
how_come,-0.09862824583458224,0.43075835677756297,-0.2289642076184081,1
hurting,-0.09862824583458224,0.43075835677756297,-0.2289642076184081,1
jacket,0.16360743097868813,0.2917139936278696,0.5608487578672589,2
jam,-0.09862824583458224,0.43075835677756297,-0.2289642076184081,1
Judie,-0.09862824583458224,0.43075835677756297,-0.2289642076184081,1
Jwww,-0.09862824583458224,0.43075835677756297,-0.2289642076184081,1
kaka,-0.09862824583458224,0.43075835677756297,-0.2289642076184081,1
keep,0.16360743097868813,0.2917139936278696,0.5608487578672589,2
knife,0.10004553515253894,0.2809988666717642,0.35603536888781295,2
Laura,-0.09862824583458224,0.43075835677756297,-0.2289642076184081,1
Laura's,-0.09862824583458224,0.43075835677756297,-0.2289642076184081,1
lookit,-0.09862824583458224,0.43075835677756297,-0.2289642076184081,1
loud,-0.09862824583458224,0.43075835677756297,-0.2289642076184081,1
made,0.16360743097868813,0.2917139936278696,0.5608487578672589,2
Mestor,-0.09862824583458224,0.43075835677756297,-0.2289642076184081,1
milky,-0.09862824583458224,0.43075835677756297,-0.2289642076184081,1
Missus_Gluck,-0.09862824583458224,0.43075835677756297,-0.2289642076184081,1
monkey,0.10004553515253894,0.2809988666717642,0.35603536888781295,2
Mum,0.04893790360728684,0.13554284980401557,0.36105116336307846,9
Mummy,0.1416460710282738,0.14555334027506803,0.9731557569245046,9
Mwww,-0.09862824583458224,0.43075835677756297,-0.2289642076184081,1
nah,-0.09862824583458224,0.43075835677756297,-0.2289642076184081,1
Nanny_Mickey,-0.09862824583458224,0.43075835677756297,-0.2289642076184081,1
Nestor,-0.09862824583458224,0.43075835677756297,-0.2289642076184081,1
nini,-0.09862824583458224,0.43075835677756297,-0.2289642076184081,1
noise,0.16360743097868813,0.2917139936278696,0.5608487578672589,2
ooh,0.16360743097868813,0.2917139936278696,0.5608487578672589,2
orange+juice,-0.09862824583458224,0.43075835677756297,-0.2289642076184081,1
outside,0.011298210731631545,0.2915484529395337,0.03875242903098087,2
ow,0.1031413804389392,0.17794532025249998,0.5796240119862897,4
owie,-0.09862824583458224,0.43075835677756297,-0.2289642076184081,1
own,-0.09862824583458224,0.43075835677756297,-0.2289642076184081,1
Peanus,-0.09862824583458224,0.43075835677756297,-0.2289642076184081,1
Peanut,-0.09862824583458224,0.43075835677756297,-0.2289642076184081,1
Peanuts,-0.09862824583458224,0.43075835677756297,-0.2289642076184081,1
pen,0.10004553515253894,0.2809988666717642,0.35603536888781295,2
Pennie,-0.09862824583458224,0.43075835677756297,-0.2289642076184081,1
people,-0.09862824583458224,0.43075835677756297,-0.2289642076184081,1
pepper,-0.09862824583458224,0.43075835677756297,-0.2289642076184081,1
pin,-0.09862824583458224,0.43075835677756297,-0.2289642076184081,1
pipit,-0.09862824583458224,0.43075835677756297,-0.2289642076184081,1
player,-0.09862824583458224,0.43075835677756297,-0.2289642076184081,1
playroom,-0.09862824583458224,0.43075835677756297,-0.2289642076184081,1
poopoo,-0.09862824583458224,0.43075835677756297,-0.2289642076184081,1
pour,-0.09862824583458224,0.43075835677756297,-0.2289642076184081,1
puppet,-0.09862824583458224,0.43075835677756297,-0.2289642076184081,1
purse,-0.09862824583458224,0.43075835677756297,-0.2289642076184081,1
raining,0.16360743097868813,0.2917139936278696,0.5608487578672589,2
ready,-0.09862824583458224,0.43075835677756297,-0.2289642076184081,1
record,-0.09862824583458224,0.43075835677756297,-0.2289642076184081,1
recorder,-0.09862824583458224,0.43075835677756297,-0.2289642076184081,1
ride,0.011298210731631545,0.2915484529395337,0.03875242903098087,2
salt,-0.09862824583458224,0.43075835677756297,-0.2289642076184081,1
save,-0.09862824583458224,0.43075835677756297,-0.2289642076184081,1
seat,-0.09862824583458224,0.43075835677756297,-0.2289642076184081,1
share,-0.09862824583458224,0.43075835677756297,-0.2289642076184081,1
sharp,-0.09862824583458224,0.43075835677756297,-0.2289642076184081,1
shower,-0.09862824583458224,0.43075835677756297,-0.2289642076184081,1
soon,-0.09862824583458224,0.43075835677756297,-0.2289642076184081,1
spill,-0.09862824583458224,0.43075835677756297,-0.2289642076184081,1
stairs,-0.09862824583458224,0.43075835677756297,-0.2289642076184081,1
Swww,0.16360743097868813,0.2917139936278696,0.5608487578672589,2
Tata,-0.09862824583458224,0.43075835677756297,-0.2289642076184081,1
tature,-0.09862824583458224,0.43075835677756297,-0.2289642076184081,1
tend,-0.09862824583458224,0.43075835677756297,-0.2289642076184081,1
tippy,-0.09862824583458224,0.43075835677756297,-0.2289642076184081,1
Toffer,-0.09862824583458224,0.43075835677756297,-0.2289642076184081,1
Tofu,-0.09862824583458224,0.43075835677756297,-0.2289642076184081,1
tooth,-0.09862824583458224,0.43075835677756297,-0.2289642076184081,1
Toto,-0.09862824583458224,0.43075835677756297,-0.2289642076184081,1
trouble,-0.09862824583458224,0.43075835677756297,-0.2289642076184081,1
try,-0.09862824583458224,0.43075835677756297,-0.2289642076184081,1
tummy,0.10004553515253894,0.2809988666717642,0.35603536888781295,2
uhuh,-0.09862824583458224,0.43075835677756297,-0.2289642076184081,1
upstairs,-0.09862824583458224,0.43075835677756297,-0.2289642076184081,1
washing,-0.09862824583458224,0.43075835677756297,-0.2289642076184081,1
wet,0.011298210731631545,0.2915484529395337,0.03875242903098087,2
worry,-0.09862824583458224,0.43075835677756297,-0.2289642076184081,1
wrap,-0.09862824583458224,0.43075835677756297,-0.2289642076184081,1
ya,-0.09862824583458224,0.43075835677756297,-0.2289642076184081,1
yah,-0.09862824583458224,0.43075835677756297,-0.2289642076184081,1
'at,-0.3071224988409173,0.3332595981273553,-0.9215713532834254,1
ay,0.0637165293308649,0.22732041902289096,0.2802939111442017,2
c'umble,-0.3071224988409173,0.3332595981273553,-0.9215713532834254,1
cama,-0.3071224988409173,0.3332595981273553,-0.9215713532834254,1
cole,-0.3071224988409173,0.3332595981273553,-0.9215713532834254,1
dinna,-0.3071224988409173,0.3332595981273553,-0.9215713532834254,1
dub,-0.3071224988409173,0.3332595981273553,-0.9215713532834254,1
eeya,-0.3071224988409173,0.3332595981273553,-0.9215713532834254,1
ella,-0.3071224988409173,0.3332595981273553,-0.9215713532834254,1
Ella,0.006680617857801599,0.24124893053818122,0.027691802997420092,2
hab,-0.3071224988409173,0.3332595981273553,-0.9215713532834254,1
horr'ble,-0.3071224988409173,0.3332595981273553,-0.9215713532834254,1
i,-0.3071224988409173,0.3332595981273553,-0.9215713532834254,1
jim,-0.3071224988409173,0.3332595981273553,-0.9215713532834254,1
Lou,-0.3071224988409173,0.3332595981273553,-0.9215713532834254,1
mummy,-0.11570377283194634,0.23703529833011588,-0.4881288721429466,2
nanny,0.1236243522119802,0.23592760616644037,0.5239927375212151,2
ni,-0.3071224988409173,0.3332595981273553,-0.9215713532834254,1
rosie,-0.3071224988409173,0.3332595981273553,-0.9215713532834254,1
tee,-0.3071224988409173,0.3332595981273553,-0.9215713532834254,1
xxxx,-0.3071224988409173,0.3332595981273553,-0.9215713532834254,1
yea,-0.3071224988409173,0.3332595981273553,-0.9215713532834254,1
birdy,0.2450865678483947,0.3239842978996835,0.7564766855592544,1
bubble,0.2450865678483947,0.3239842978996835,0.7564766855592544,1
Joanne,0.2450865678483947,0.3239842978996835,0.7564766855592544,1
Joanne's,0.2450865678483947,0.3239842978996835,0.7564766855592544,1
milkman,0.2450865678483947,0.3239842978996835,0.7564766855592544,1
Mummie,-0.013407046913024226,0.1577730968564706,-0.08497676207256609,7
peas,0.2450865678483947,0.3239842978996835,0.7564766855592544,1
pottie,0.2450865678483947,0.3239842978996835,0.7564766855592544,1
seesaw,0.29459469851278586,0.23876762158527154,1.2338134314730638,2
sheep,0.2450865678483947,0.3239842978996835,0.7564766855592544,1
tissue,0.2450865678483947,0.3239842978996835,0.7564766855592544,1
wee+wee,0.21856198378543495,0.22851040964823544,0.9564640145798395,2
baba,-0.22018491621830924,0.2380139020060558,-0.9250926704806809,2
Da,-0.21231047544335754,0.32719751037813616,-0.6488755834296973,1
oo,-0.2817976287349089,0.2349594561570349,-1.1993457651969102,2
Rob,-0.21231047544335754,0.32719751037813616,-0.6488755834296973,1
tick,-0.07184594043795137,0.23482326095671122,-0.30595751096053425,2
tock,-0.07184594043795137,0.23482326095671122,-0.30595751096053425,2
cars,0.12692507433437591,0.2288171629947286,0.5547008479311492,2
Dusty,0.42478572835678485,0.32178800506104965,1.3200794363860593,1
er,0.3137232677716407,0.16562298471676473,1.8942012686714065,4
yeh,0.059920042000956276,0.20128898017945202,0.2976816810713468,3
da,-0.09758391206933238,0.20272637664473728,-0.48135774774064477,3
Pam,-0.21626373318013797,0.332669124941375,-0.6500865784230782,1
ta,-0.21626373318013797,0.332669124941375,-0.6500865784230782,1
school,-0.2923392669285643,0.3242925412635374,-0.901467748192808,1
toot,-0.2923392669285643,0.3242925412635374,-0.901467748192808,1
mum,-0.0702323750432656,0.23874484981933036,-0.29417336163026675,2
been,-0.07816481062744829,0.3237521284909493,-0.24143412119569566,1
eee,-0.07816481062744829,0.3237521284909493,-0.24143412119569566,1
dear,0.17208806687871447,0.17647407363283332,0.9751464525987866,4
guy,0.4817701767691753,0.3162986405244391,1.5231496916027714,1
Malcolm,0.4817701767691753,0.3162986405244391,1.5231496916027714,1
mummie,0.3471968848381727,0.18702239640744747,1.8564454926658551,3
Neville,0.4817701767691753,0.3162986405244391,1.5231496916027714,1
Bob,-0.026352244182824065,0.23577914857441493,-0.11176664409112054,2
Sam,0.21911140207168908,0.3479332573990783,0.6297512451371357,1
wants,0.21911140207168908,0.3479332573990783,0.6297512451371357,1
bah,-0.3388284969598771,0.33992651352434594,-0.9967698413604615,1
fook,0.531054951717796,0.3184473887252504,1.667637953771946,1
Alistair,0.189669552049502,0.3238455330318458,0.5856790744458117,1
Anne,0.189669552049502,0.3238455330318458,0.5856790744458117,1
Anne's,0.189669552049502,0.3238455330318458,0.5856790744458117,1
baby's,0.189669552049502,0.3238455330318458,0.5856790744458117,1
babys,0.189669552049502,0.3238455330318458,0.5856790744458117,1
balls,0.189669552049502,0.3238455330318458,0.5856790744458117,1
basket,0.189669552049502,0.3238455330318458,0.5856790744458117,1
beer,0.189669552049502,0.3238455330318458,0.5856790744458117,1
bib,0.2967858956703606,0.2533539956475735,1.171427728667847,2
bin,0.189669552049502,0.3238455330318458,0.5856790744458117,1
biscuit,0.189669552049502,0.3238455330318458,0.5856790744458117,1
bottom,0.189669552049502,0.3238455330318458,0.5856790744458117,1
bridge,0.189669552049502,0.3238455330318458,0.5856790744458117,1
castle,0.189669552049502,0.3238455330318458,0.5856790744458117,1
climb,0.189669552049502,0.3238455330318458,0.5856790744458117,1
cold,0.2564305031058429,0.24297998849629143,1.0553564706821803,2
cover,0.189669552049502,0.3238455330318458,0.5856790744458117,1
cuddle,0.14183704010163076,0.23924099726858591,0.5928626018156755,2
driver,0.189669552049502,0.3238455330318458,0.5856790744458117,1
driving,0.189669552049502,0.3238455330318458,0.5856790744458117,1
fence,0.189669552049502,0.3238455330318458,0.5856790744458117,1
field,0.189669552049502,0.3238455330318458,0.5856790744458117,1
fit,0.189669552049502,0.3238455330318458,0.5856790744458117,1
goes,0.2564305031058429,0.24297998849629143,1.0553564706821803,2
grapes,0.189669552049502,0.3238455330318458,0.5856790744458117,1
hiding,0.189669552049502,0.3238455330318458,0.5856790744458117,1
Jill,0.189669552049502,0.3238455330318458,0.5856790744458117,1
jumps,0.189669552049502,0.3238455330318458,0.5856790744458117,1
kiss,0.2564305031058429,0.24297998849629143,1.0553564706821803,2
leave,0.189669552049502,0.3238455330318458,0.5856790744458117,1
leg,0.189669552049502,0.3238455330318458,0.5856790744458117,1
looking,0.2564305031058429,0.24297998849629143,1.0553564706821803,2
lost,0.14183704010163076,0.23924099726858591,0.5928626018156755,2
lots,0.27165856633549507,0.2389032725045556,1.1371069282038189,2
mannie,0.189669552049502,0.3238455330318458,0.5856790744458117,1
moneys,0.189669552049502,0.3238455330318458,0.5856790744458117,1
mouth,0.189669552049502,0.3238455330318458,0.5856790744458117,1
Mummy's,0.09912114596830576,0.25836670865828115,0.3836451936205316,2
night_night,0.189669552049502,0.3238455330318458,0.5856790744458117,1
nummy,0.189669552049502,0.3238455330318458,0.5856790744458117,1
panda,0.189669552049502,0.3238455330318458,0.5856790744458117,1
parrot,0.189669552049502,0.3238455330318458,0.5856790744458117,1
penguin,0.189669552049502,0.3238455330318458,0.5856790744458117,1
pram,0.189669552049502,0.3238455330318458,0.5856790744458117,1
prams,0.189669552049502,0.3238455330318458,0.5856790744458117,1
pretend,0.189669552049502,0.3238455330318458,0.5856790744458117,1
quiet,0.189669552049502,0.3238455330318458,0.5856790744458117,1
road,0.189669552049502,0.3238455330318458,0.5856790744458117,1
sausage,0.189669552049502,0.3238455330318458,0.5856790744458117,1
she,0.2564305031058429,0.24297998849629143,1.0553564706821803,2
shop,0.189669552049502,0.3238455330318458,0.5856790744458117,1
shopping,0.2967858956703606,0.2533539956475735,1.171427728667847,2
sky,0.189669552049502,0.3238455330318458,0.5856790744458117,1
sleepy,0.189669552049502,0.3238455330318458,0.5856790744458117,1
slide,0.2564305031058429,0.24297998849629143,1.0553564706821803,2
Spot,0.189669552049502,0.3238455330318458,0.5856790744458117,1
stand,0.14183704010163076,0.23924099726858591,0.5928626018156755,2
steps,0.27165856633549507,0.2389032725045556,1.1371069282038189,2
stroke,0.189669552049502,0.3238455330318458,0.5856790744458117,1
super,0.189669552049502,0.3238455330318458,0.5856790744458117,1
swing,0.189669552049502,0.3238455330318458,0.5856790744458117,1
tail,0.2564305031058429,0.24297998849629143,1.0553564706821803,2
teddy,0.41275895861350764,0.18890732212216155,2.1849812594695877,5
tidy,0.189669552049502,0.3238455330318458,0.5856790744458117,1
tissues,0.189669552049502,0.3238455330318458,0.5856790744458117,1
trousers,0.189669552049502,0.3238455330318458,0.5856790744458117,1
whoops,0.189669552049502,0.3238455330318458,0.5856790744458117,1
wing,0.189669552049502,0.3238455330318458,0.5856790744458117,1
yum,0.14183704010163076,0.23924099726858591,0.5928626018156755,2
chin,0.36647966793378933,0.36509239876600313,1.0037997755430546,1
choochoo,0.3714798192674442,0.2631734845086199,1.4115396920060042,2
cloth,0.36647966793378933,0.36509239876600313,1.0037997755430546,1
Daw,0.36647966793378933,0.36509239876600313,1.0037997755430546,1
giraffe,0.36647966793378933,0.36509239876600313,1.0037997755430546,1
hard,0.36647966793378933,0.36509239876600313,1.0037997755430546,1
ladder,0.36647966793378933,0.36509239876600313,1.0037997755430546,1
Margery,0.36647966793378933,0.36509239876600313,1.0037997755430546,1
Pingu,0.41685662866924406,0.26752894194114196,1.558173951739977,2
step,0.36647966793378933,0.36509239876600313,1.0037997755430546,1
Sukie,0.36647966793378933,0.36509239876600313,1.0037997755430546,1
through,0.36647966793378933,0.36509239876600313,1.0037997755430546,1
tin,0.36647966793378933,0.36509239876600313,1.0037997755430546,1
Bethany,0.309915291235753,0.3277357992992161,0.9456253845275129,1
bricks,0.309915291235753,0.3277357992992161,0.9456253845275129,1
cakes,0.309915291235753,0.3277357992992161,0.9456253845275129,1
Caroline,0.309915291235753,0.3277357992992161,0.9456253845275129,1
fox,0.309915291235753,0.3277357992992161,0.9456253845275129,1
Grandpa_Pete,0.309915291235753,0.3277357992992161,0.9456253845275129,1
Joel,0.309915291235753,0.3277357992992161,0.9456253845275129,1
ladybird,0.309915291235753,0.3277357992992161,0.9456253845275129,1
mama,0.06702060352016098,0.2613682552087032,0.2564221254285256,2
Pat,0.309915291235753,0.3277357992992161,0.9456253845275129,1
Percy,0.309915291235753,0.3277357992992161,0.9456253845275129,1
row,0.3309257627808618,0.24554892921098648,1.3476978451676154,2
shops,0.309915291235753,0.3277357992992161,0.9456253845275129,1
stickers,0.309915291235753,0.3277357992992161,0.9456253845275129,1
sweet+corn,0.309915291235753,0.3277357992992161,0.9456253845275129,1
wall,0.309915291235753,0.3277357992992161,0.9456253845275129,1
whale,0.309915291235753,0.3277357992992161,0.9456253845275129,1
Anna,-0.2244861552805053,0.3469451511224597,-0.6470364394897377,1
dada,-0.2244861552805053,0.3469451511224597,-0.6470364394897377,1
knee,0.060788779684745185,0.21977006651567085,0.2766017258333523,3
nana,-0.2244861552805053,0.3469451511224597,-0.6470364394897377,1
ughoh,-0.2244861552805053,0.3469451511224597,-0.6470364394897377,1
ankle,0.27505419885902266,0.33315102314969314,0.8256141501790732,1
arms,0.27505419885902266,0.33315102314969314,0.8256141501790732,1
Awww,0.27505419885902266,0.33315102314969314,0.8256141501790732,1
bare,0.27505419885902266,0.33315102314969314,0.8256141501790732,1
beautiful,0.27505419885902266,0.33315102314969314,0.8256141501790732,1
bedroom,0.27505419885902266,0.33315102314969314,0.8256141501790732,1
bee,0.27505419885902266,0.33315102314969314,0.8256141501790732,1
Bob_builder,0.27505419885902266,0.33315102314969314,0.8256141501790732,1
Bob_Builder,0.27505419885902266,0.33315102314969314,0.8256141501790732,1
Bob_The_Buil,0.27505419885902266,0.33315102314969314,0.8256141501790732,1
Bob_the_builder,0.27505419885902266,0.33315102314969314,0.8256141501790732,1
bobbin,0.27505419885902266,0.33315102314969314,0.8256141501790732,1
Bobby,0.27505419885902266,0.33315102314969314,0.8256141501790732,1
Bobs,0.27505419885902266,0.33315102314969314,0.8256141501790732,1
bounce,0.27505419885902266,0.33315102314969314,0.8256141501790732,1
break,0.27505419885902266,0.33315102314969314,0.8256141501790732,1
butterflies,0.27505419885902266,0.33315102314969314,0.8256141501790732,1
butterfly,0.27505419885902266,0.33315102314969314,0.8256141501790732,1
cards,0.27505419885902266,0.33315102314969314,0.8256141501790732,1
caterpillar,0.27505419885902266,0.33315102314969314,0.8256141501790732,1
clap,0.27505419885902266,0.33315102314969314,0.8256141501790732,1
class,0.27505419885902266,0.33315102314969314,0.8256141501790732,1
cricket,0.27505419885902266,0.33315102314969314,0.8256141501790732,1
Cwww,0.27505419885902266,0.33315102314969314,0.8256141501790732,1
Dadda,0.27505419885902266,0.33315102314969314,0.8256141501790732,1
daisy,0.27505419885902266,0.33315102314969314,0.8256141501790732,1
doodoo,0.27505419885902266,0.33315102314969314,0.8256141501790732,1
doors,0.27505419885902266,0.33315102314969314,0.8256141501790732,1
dragonfly,0.27505419885902266,0.33315102314969314,0.8256141501790732,1
Eleanor,0.27505419885902266,0.33315102314969314,0.8256141501790732,1
Eleanor's,0.27505419885902266,0.33315102314969314,0.8256141501790732,1
eleven,0.27505419885902266,0.33315102314969314,0.8256141501790732,1
err,0.27505419885902266,0.33315102314969314,0.8256141501790732,1
Ewww,0.27505419885902266,0.33315102314969314,0.8256141501790732,1
fifteen,0.27505419885902266,0.33315102314969314,0.8256141501790732,1
finish,0.27505419885902266,0.33315102314969314,0.8256141501790732,1
Fizz,0.27505419885902266,0.33315102314969314,0.8256141501790732,1
foot,0.27505419885902266,0.33315102314969314,0.8256141501790732,1
found,0.27505419885902266,0.33315102314969314,0.8256141501790732,1
fourteen,0.27505419885902266,0.33315102314969314,0.8256141501790732,1
Friday,0.27505419885902266,0.33315102314969314,0.8256141501790732,1
Gwww,0.27505419885902266,0.33315102314969314,0.8256141501790732,1
he's,0.27505419885902266,0.33315102314969314,0.8256141501790732,1
hide,0.1924437968795522,0.24728674879178728,0.7782212262477023,2
Hwww,0.27505419885902266,0.33315102314969314,0.8256141501790732,1
I'll,0.27505419885902266,0.33315102314969314,0.8256141501790732,1
I've,0.27505419885902266,0.33315102314969314,0.8256141501790732,1
inside,0.27505419885902266,0.33315102314969314,0.8256141501790732,1
Islamabad,0.27505419885902266,0.33315102314969314,0.8256141501790732,1
Jeannine,0.27505419885902266,0.33315102314969314,0.8256141501790732,1
latte,0.27505419885902266,0.33315102314969314,0.8256141501790732,1
left,0.27505419885902266,0.33315102314969314,0.8256141501790732,1
lemon,0.27505419885902266,0.33315102314969314,0.8256141501790732,1
let's,0.27505419885902266,0.33315102314969314,0.8256141501790732,1
library,0.27505419885902266,0.33315102314969314,0.8256141501790732,1
lounge,0.27505419885902266,0.33315102314969314,0.8256141501790732,1
love,0.27505419885902266,0.33315102314969314,0.8256141501790732,1
Maisie,0.27505419885902266,0.33315102314969314,0.8256141501790732,1
Mama's,0.27505419885902266,0.33315102314969314,0.8256141501790732,1
matter,0.27505419885902266,0.33315102314969314,0.8256141501790732,1
medicine,0.27505419885902266,0.33315102314969314,0.8256141501790732,1
miaow,0.27505419885902266,0.33315102314969314,0.8256141501790732,1
Mickey_Mouse,0.27505419885902266,0.33315102314969314,0.8256141501790732,1
muck,0.27505419885902266,0.33315102314969314,0.8256141501790732,1
nappie,0.1924437968795522,0.24728674879178728,0.7782212262477023,2
naughty,0.27505419885902266,0.33315102314969314,0.8256141501790732,1
necessity,0.27505419885902266,0.33315102314969314,0.8256141501790732,1
nineteen,0.27505419885902266,0.33315102314969314,0.8256141501790732,1
nudder,0.27505419885902266,0.33315102314969314,0.8256141501790732,1
number,0.27505419885902266,0.33315102314969314,0.8256141501790732,1
old,0.27505419885902266,0.33315102314969314,0.8256141501790732,1
ones,0.27505419885902266,0.33315102314969314,0.8256141501790732,1
oops,0.27505419885902266,0.33315102314969314,0.8256141501790732,1
oval,0.27505419885902266,0.33315102314969314,0.8256141501790732,1
painting,0.27505419885902266,0.33315102314969314,0.8256141501790732,1
passion+fruit,0.27505419885902266,0.33315102314969314,0.8256141501790732,1
picnic,0.27505419885902266,0.33315102314969314,0.8256141501790732,1
Pilchard,0.27505419885902266,0.33315102314969314,0.8256141501790732,1
Play_Doh,0.27505419885902266,0.33315102314969314,0.8256141501790732,1
plus,0.27505419885902266,0.33315102314969314,0.8256141501790732,1
point,0.27505419885902266,0.33315102314969314,0.8256141501790732,1
pot,0.27505419885902266,0.33315102314969314,0.8256141501790732,1
really,0.27505419885902266,0.33315102314969314,0.8256141501790732,1
sad,0.27505419885902266,0.33315102314969314,0.8256141501790732,1
sand,0.27505419885902266,0.33315102314969314,0.8256141501790732,1
scared,0.27505419885902266,0.33315102314969314,0.8256141501790732,1
seen,0.27505419885902266,0.33315102314969314,0.8256141501790732,1
seventeen,0.27505419885902266,0.33315102314969314,0.8256141501790732,1
shorts,0.27505419885902266,0.33315102314969314,0.8256141501790732,1
side,0.1924437968795522,0.24728674879178728,0.7782212262477023,2
simple,0.27505419885902266,0.33315102314969314,0.8256141501790732,1
slippers,0.27505419885902266,0.33315102314969314,0.8256141501790732,1
socks,0.27505419885902266,0.33315102314969314,0.8256141501790732,1
sorry,0.27505419885902266,0.33315102314969314,0.8256141501790732,1
spider,0.27505419885902266,0.33315102314969314,0.8256141501790732,1
stamp,0.27505419885902266,0.33315102314969314,0.8256141501790732,1
stay,0.1924437968795522,0.24728674879178728,0.7782212262477023,2
Sunday,0.27505419885902266,0.33315102314969314,0.8256141501790732,1
sword,0.27505419885902266,0.33315102314969314,0.8256141501790732,1
teddy+bear,0.27505419885902266,0.33315102314969314,0.8256141501790732,1
teddybear,0.27505419885902266,0.33315102314969314,0.8256141501790732,1
thank,0.27505419885902266,0.33315102314969314,0.8256141501790732,1
they're,0.27505419885902266,0.33315102314969314,0.8256141501790732,1
thirteen,0.27505419885902266,0.33315102314969314,0.8256141501790732,1
Tigger,0.1924437968795522,0.24728674879178728,0.7782212262477023,2
toilet,0.27505419885902266,0.33315102314969314,0.8256141501790732,1
towel,0.27505419885902266,0.33315102314969314,0.8256141501790732,1
tray,0.27505419885902266,0.33315102314969314,0.8256141501790732,1
triangle,0.27505419885902266,0.33315102314969314,0.8256141501790732,1
trick,0.27505419885902266,0.33315102314969314,0.8256141501790732,1
umbrella,0.27505419885902266,0.33315102314969314,0.8256141501790732,1
video,0.27505419885902266,0.33315102314969314,0.8256141501790732,1
weewee,0.27505419885902266,0.33315102314969314,0.8256141501790732,1
wind,0.1924437968795522,0.24728674879178728,0.7782212262477023,2
work,0.1924437968795522,0.24728674879178728,0.7782212262477023,2
Abi,0.07152400502384604,0.32806944546460715,0.21801483195899207,1
animals,0.07152400502384604,0.32806944546460715,0.21801483195899207,1
ask,0.07152400502384604,0.32806944546460715,0.21801483195899207,1
Babygro,0.07152400502384604,0.32806944546460715,0.21801483195899207,1
bathtime,0.07152400502384604,0.32806944546460715,0.21801483195899207,1
block,0.07152400502384604,0.32806944546460715,0.21801483195899207,1
boring,0.07152400502384604,0.32806944546460715,0.21801483195899207,1
bouncy,0.07152400502384604,0.32806944546460715,0.21801483195899207,1
boys,0.07152400502384604,0.32806944546460715,0.21801483195899207,1
careful,0.07152400502384604,0.32806944546460715,0.21801483195899207,1
chocky,0.07152400502384604,0.32806944546460715,0.21801483195899207,1
Dadaw,0.07152400502384604,0.32806944546460715,0.21801483195899207,1
dummy,0.07152400502384604,0.32806944546460715,0.21801483195899207,1
Eeyore,0.07152400502384604,0.32806944546460715,0.21801483195899207,1
everybody,0.07152400502384604,0.32806944546460715,0.21801483195899207,1
farmer,0.07152400502384604,0.32806944546460715,0.21801483195899207,1
Floyd,0.07152400502384604,0.32806944546460715,0.21801483195899207,1
fork,0.07152400502384604,0.32806944546460715,0.21801483195899207,1
Georgie,0.07152400502384604,0.32806944546460715,0.21801483195899207,1
girls,0.07152400502384604,0.32806944546460715,0.21801483195899207,1
grandad,0.07152400502384604,0.32806944546460715,0.21801483195899207,1
hands,0.07152400502384604,0.32806944546460715,0.21801483195899207,1
hen,0.07152400502384604,0.32806944546460715,0.21801483195899207,1
hooray,0.07152400502384604,0.32806944546460715,0.21801483195899207,1
Humpty,0.07152400502384604,0.32806944546460715,0.21801483195899207,1
jigsaw,0.07152400502384604,0.32806944546460715,0.21801483195899207,1
juice_juice,0.07152400502384604,0.32806944546460715,0.21801483195899207,1
key,0.07152400502384604,0.32806944546460715,0.21801483195899207,1
Lara,0.07152400502384604,0.32806944546460715,0.21801483195899207,1
Lara's,0.07152400502384604,0.32806944546460715,0.21801483195899207,1
lawnmower,0.07152400502384604,0.32806944546460715,0.21801483195899207,1
lorry,0.07152400502384604,0.32806944546460715,0.21801483195899207,1
meow,0.07152400502384604,0.32806944546460715,0.21801483195899207,1
More_Dadaw,0.07152400502384604,0.32806944546460715,0.21801483195899207,1
mummy's,0.07152400502384604,0.32806944546460715,0.21801483195899207,1
neenaw,0.07152400502384604,0.32806944546460715,0.21801483195899207,1
oy,0.07152400502384604,0.32806944546460715,0.21801483195899207,1
Pebbles,0.07152400502384604,0.32806944546460715,0.21801483195899207,1
peepbo,0.07152400502384604,0.32806944546460715,0.21801483195899207,1
picture,0.07152400502384604,0.32806944546460715,0.21801483195899207,1
Po_Pat,0.07152400502384604,0.32806944546460715,0.21801483195899207,1
poorly,0.07152400502384604,0.32806944546460715,0.21801483195899207,1
scratch,0.07152400502384604,0.32806944546460715,0.21801483195899207,1
shut,0.07152400502384604,0.32806944546460715,0.21801483195899207,1
tractor,0.07152400502384604,0.32806944546460715,0.21801483195899207,1
van,0.07152400502384604,0.32806944546460715,0.21801483195899207,1
Winnie_Pooh,0.07152400502384604,0.32806944546460715,0.21801483195899207,1
yoghurt,0.07152400502384604,0.32806944546460715,0.21801483195899207,1
Jenny,-0.04648540831948755,0.38446529825364884,-0.12090924338461118,1
