word,mean_dist
you,0.37643848182488576
the,0.37642072570598545
a,0.3764441792862362
it,0.3764216859503202
and,0.37643651648404663
to,0.3763800892365096
that,0.376465932920886
what,0.3764599153443789
is,0.3764526079779656
oh,0.37644659053529367
do,0.37647162257063777
in,0.3764444490640189
on,0.37641505645200374
your,0.37641605646490706
that's,0.37641212267161495
we,0.37645928321019295
no,0.3764747334178689
are,0.3763687881482381
there,0.37644600691177205
this,0.3764599453347783
don't,0.37647206079754963
one,0.3764477382305995
it's,0.37643467662561303
go,0.37644284738842304
he,0.37640594187282617
can,0.3764471432802002
okay,0.37613277865235667
have,0.3764207350445156
of,0.37645577362092875
like,0.37641132764203217
right,0.3764478570250914
yeah,0.3764655417774441
see,0.3764313874335452
here,0.37647665913888867
not,0.3764654382399731
want,0.37644223797144394
put,0.37642269753064594
with,0.3764317143192481
look,0.37643028426581365
for,0.3764542359668815
now,0.3764558521399077
did,0.3764617925230764
up,0.37644287103960916
get,0.37644751149814787
me,0.3764327647783805
what's,0.3764709554979093
well,0.37646782863612355
think,0.3764551660875252
you're,0.37645525627582216
know,0.37645930658018983
they,0.3764096122966084
was,0.3764601738332892
yes,0.376439356121048
all,0.3764467215550847
going,0.37632238338098944
at,0.3764536211712849
got,0.3763694311920847
just,0.376438450504928
some,0.3764041087293493
come,0.3763980397265749
she,0.37642160997526125
then,0.3764411585110833
be,0.3764257585691808
good,0.37643734081082875
little,0.3764472795676796
so,0.3764540352264518
NA,0.3764294147582752
them,0.3764517758172012
gonna,-0.008778114309978918
out,0.3764604345405807
where,0.37645098404797855
but,0.3764563120871866
because,0.37646577890512783
down,0.3764430674731802
how,0.37644810709337173
say,0.37640618947773946
her,0.37646488385213517
when,0.37646051220284116
very,0.3764398106559605
there's,0.3764474729125981
my,0.3764409085266395
let's,0.37642233887083365
about,0.37647801128926267
isn't,0.37645546327702445
back,0.3764544795100416
big,0.3764679680202593
he's,0.3764783611960415
his,0.3764556628892772
does,0.3764733296486925
doing,0.3764682544326826
has,0.37540596970459034
why,0.37645590933533507
didn't,0.3764689781172852
more,0.37643665424735856
him,0.3764419610770323
over,0.3764569808179382
off,0.37644890296005773
or,0.37646453823209625
nice,0.37642832290093453
too,0.3764318795276349
who,0.37644950610077194
two,0.3764399345104347
make,0.3763855902327092
hm,0.37641733549864614
can't,0.3764681147310443
eat,0.3764399516329329
take,0.3764536690146777
mhm,0.3763661706459921
play,0.37641933645809206
wanna,0.006364520802038152
where's,0.3764565855606884
were,0.3764726538861751
had,0.3764556414809918
those,0.3764359562846776
baby,0.3764772782566471
huh,-0.012220477325169662
these,0.37646289951894446
they're,0.37646883487981037
have_to,0.37640424040464776
said,0.37641345814015714
alright,0.3764436838578112
shall,0.37644857179156116
tell,0.3763148968202634
we'll,0.3764520938258711
other,0.3764469742538431
need,0.37642763434569326
again,0.37646367454479374
book,0.37644588595452644
will,0.37645287242162234
please,0.3764478944481012
bit,0.3764414554298009
time,0.3764369407798197
sit,0.37643619679087637
something,0.37641358135050507
really,0.3764716338666472
let,0.3764451898719442
boy,0.3764543507536062
an,0.37645483824873754
else,0.37635315830674904
who's,0.37644149981026176
she's,0.3764592549635381
from,0.3764774688226413
way,0.37644613708190594
could,0.3764118886402135
another,0.37644520812527255
give,0.37644979323618627
car,0.3764358737060618
done,0.376419282863986
girl,-0.018296845570302006
away,0.3764179552184011
today,0.37645299909348395
house,0.37619083847161916
any,0.3764224678514101
mm,0.37645591226630637
went,0.37643118627717964
darling,0.376451221335347
ah,0.37646594391562266
goes,0.37646266715698573
find,0.37644809969372817
better,0.37645943628249
um,0.003415235605595819
things,0.376458967717007
three,0.3764445640424176
read,0.3764356958479976
red,0.3764374469708415
uh,-0.028670094200999023
says,0.37641040504746603
gone,0.376361165118394
water,0.3764615889450541
turn,0.37645172819582273
dear,0.37633433691426205
which,0.3763772640011456
box,0.3764600628679413
called,0.37640023854176335
should,0.37642706570413537
blue,0.3764104052399274
here's,0.3763430588151522
thank,0.37643554291221215
been,0.37645020053170525
hey,0.3756288575121735
help,0.37638951401557247
into,0.37643701212849323
first,0.3764076641936004
hello,0.3764454313628564
try,0.3762103053449174
day,0.3764587825143886
still,0.37642408357439766
green,0.3764475597548212
much,0.37643313338606565
bed,0.3764380167193556
looks,0.37644537809356043
mean,0.3764454955572252
maybe,0.017190471701122843
might,0.3764573978444399
wait,-0.005637284674967386
color,0.3763998456829285
train,0.37645494732138707
ready,0.3764686921213094
watch,0.3764602768574861
home,0.3763534581248233
through,0.3764126603328773
ball,0.3763369405566396
coming,0.37647884720337443
round,0.3764506687811606
head,0.3764302112457502
honey,-0.015357391881447026
show,0.3758519282449572
around,0.3764443729669506
name,0.37556663740679264
minute,0.37643183918066797
getting,0.37646889195814637
open,0.3758115132051333
uhhuh,0.0011563707552714848
thing,0.3761787869383582
thank_you,0.37622340892083533
hold,-0.004408076218439395
man,0.37642491486076757
ya,-4.6428532436812236e-4
careful,0.37642802664364616
happened,0.37642934710187315
many,0.37647656486980846
school,-0.03461431268791857
wow,0.37642705930787035
chair,0.37644097877376387
door,0.37645163890278616
by,0.3763209940354749
yellow,0.3764632728315268
next,0.3763850376787714
cat,0.3764693003685422
hair,0.37643022694562517
morning,0.37643663062275223
work,0.3764367835341311
funny,0.376346749406708
pretty,-0.008900556582549403
after,0.37641939378514205
drink,0.37648149568758077
four,0.37643823009598487
hear,0.37644436145391436
stop,0.3764375588741203
milk,0.37646443378867367
looking,0.3764382851494143
keep,0.3763070122492268
piece,0.37639562130555226
long,-0.06991129601079143
table,0.3764562911714378
playing,0.37643076951588544
people,0.37636932580847265
hand,0.3763802019795303
top,0.37641967163458484
juice,0.3764552473033748
bear,0.3764615742948607
night,0.3763887097205131
made,0.37642168301564316
silly,0.3763826895426423
use,0.3762466783459194
mouth,0.3764134944198588
love,0.3764215158248452
eating,0.3764820690305693
their,0.04118954545923415
floor,0.37645398125444224
nose,0.37643397449245947
having,0.37644908095953705
five,0.3764160984696985
sleep,0.37643630989320237
hi,0.009229525257368903
outside,0.37642610884757605
leave,0.376415243039165
sorry,0.3764168732910407
tea,0.3764719674043985
picture,0.3764570351304134
room,0.02044705102460839
talk,-0.010594190134054545
dog,0.3763593635005432
came,0.3763904673100901
food,0.3764261236332901
hat,0.3764677437036924
new,0.3759674916499716
making,0.3764371668204907
orange,0.3764486583177122
story,-0.003236566615393644
toys,-0.041865504507474005
bring,0.37643339978101686
ones,0.3757754598437328
hands,0.37640432972544574
pick,0.376416682467455
hurt,0.37629039773174067
throw,0.3764514669004389
comes,0.37636547868218706
hot,0.376411681336915
push,0.3763549099977827
yet,0.3764420959457959
actually,0.37642554180924614
birthday,0.37629432035917515
bye,0.031203848478797775
must,0.3764048392206688
while,0.3763938833694245
truck,0.37647214489587866
move,0.37575175245880166
cup,0.3764426747964821
pull,0.37631605838161836
enough,0.37597988971315427
saw,0.37646287910560755
daddy,-0.012686878652324129
face,0.3764635401590455
stay,0.3763671458833291
finished,0.37646597279979954
matter,0.3764619903211166
wants,0.3763450436628328
fall,-0.013714758495943023
draw,-0.023034997772982038
cold,0.3759106646051564
paper,0.376390502076548
never,0.3760465615187867
old,0.37646415454189885
under,0.3763843965760062
fish,0.3761792897521612
ooh,0.3764832834370217
hard,0.3757704487199527
hungry,0.3758077167970137
inside,0.3764106443250251
feet,0.3764607323059761
apple,0.37644904362537845
whoops,0.3764442789518156
clean,0.3764185849138275
talking,0.3764174756380822
cheese,0.3763701197815629
call,0.3762921800760422
bus,0.37643964965284404
am,0.015219158302980056
wash,0.37644478545726756
shoes,0.3764824361479092
mommy,0.021991014498140754
tired,0.3764442749660514
bag,0.3763886407866029
putting,0.376467102997239
sing,0.03880034116304687
white,0.37645615851112946
animals,0.37639543197028014
different,0.3760909453412172
cut,0.3764170115062917
noise,0.37642804155397613
eyes,0.3764059652318367
found,0.37631427435610537
buy,0.37642409355564505
number,0.019116767547295486
probably,0.37641890622616897
trying,0.3764542325926581
cake,-0.04355697668164526
sitting,0.3764558289297932
tree,0.3759739146525101
breakfast,0.37644980868523786
side,0.37626599933200783
uhoh,0.01720337230982455
kiss,0.3764493982544287
fit,0.04391975606461926
walk,0.37643801328577076
stand,0.37642540252397566
left,0.3761593986020929
happy,0.007452607233886163
fire,0.3763610180778623
foot,0.3762039048020008
egg,0.016120637655642107
cow,-0.009869887756426025
six,0.3764285423961745
stuck,0.37643259530797096
money,0.37624815172253206
oops,0.3764522317675496
feel,0.37636495410242227
kitty,0.047982783413412645
horse,0.3764767625933378
seen,0.3763008159883057
end,0.3764057805583086
yep,-0.016400139603853465
finish,0.3763895226251364
dirty,0.37645516541528934
listen,0.3764543525538505
fun,4.498568525485307e-4
books,0.37629542670158234
write,-0.00809366166174926
wee,-0.016817234952133393
lovely,0.37646205181525516
touch,0.3764309926068524
dinner,0.376443195508734
wrong,-0.016750694745994558
bath,-0.038554743639094925
fell,0.3763954194198517
yours,0.37644901604447395
lunch,0.3764473545434376
close,-0.0705396856079845
elephant,0.3764216548475921
break,0.37632783378824725
small,0.3760587690314598
page,-0.02111007784895706
ask,0.376313706911647
real,-0.010162823381936852
light,-0.006017201942083488
lots_of,0.3763836552040902
tape,-0.006675406919079581
pieces,0.3763976216513997
took,-0.03852844892904573
bad,-0.011245492493941979
poor,0.37642700223065795
wanted,0.3764219695646023
somebody,0.37638721593868224
duck,0.3761202595757066
chocolate,0.3764600906133141
stick,0.37608890614287527
pink,0.37641472923289526
bird,0.37628904488625525
clothes,0.37639335971916515
mess,0.37643843369316016
teeth,0.3763204235946334
naughty,0.376438532853045
fix,0.005423911076410876
chicken,0.3763727423320953
party,0.3762688836384949
black,0.37641279800507127
window,0.3764170522061092
bread,0.3764567872021989
spoon,0.3764612864233307
bunny,-0.013847696851420092
bite,0.3763541851381871
wet,0.37635318631546916
pop,0.37644835500437873
build,-0.018297376923823896
beautiful,0.37637687340557596
front,0.3762972946854855
mind,0.3763068838573908
upstairs,0.37644707181639264
brush,0.37641032869462826
ride,0.37644690039531264
nothing,0.37598672687229656
broken,0.3758420896446588
seven,0.37642653687722943
shop,0.3764551125347952
letter,0.0148708483454476
bang,0.37594300832336947
week,0.37560705321413823
coffee,0.37645040567838267
quick,0.3762316553940048
ten,0.3763382619528746
whoa,0.01607085342242318
toy,0.3759463997910221
run,0.3763197214894106
behind,0.3764455735805082
jump,-0.012397227089600853
lady,0.3764737955149599
likes,0.37633050110032956
taking,0.3764333768070006
song,0.011446797006660684
bottom,0.37644307936937627
gave,0.3764604596032034
place,0.37622908190925447
pig,0.3764006577074231
phone,0.02949092673650661
bottle,0.37634589324416107
eggs,0.37642758500931245
toast,0.3764351793385944
flowers,0.37636683160239837
soon,0.37584977466052977
sun,0.3764120542842977
pretend,-0.03697314819109453
byebye,0.37645622922562333
eight,0.376349115363446
nine,0.3758537505494003
bought,0.37604815570561206
teddy,0.37644780216608337
kitchen,0.04315930890536263
monkey,-0.00977368271106748
moon,0.37645042272976575
almost,-0.023644903043899934
tickle,0.37641017995394876
cream,-0.020329826565078046
cars,0.3764501074348949
plate,0.37644090408126124
yay,0.04345877601151242
sweetheart,0.3764455326891925
blow,0.37629765871262805
word,0.3758487185412215
bowl,0.37647304102552565
rabbit,0.03875513257850254
lost,0.375751843214468
count,0.37568796775300567
finger,0.033803979299767854
boat,0.37594974797316666
roll,0.376382002992079
own,0.37640625590860455
hiding,0.3760189043520466
friend,0.37600208407661634
cookie,-0.01918824436243286
purple,-5.317191885513014e-4
wipe,0.3764396656989412
gets,0.37591818971305385
fingers,0.37597080605941585
shirt,0.376453484768759
legs,0.3764172661010012
game,0.04720061041335474
second,0.3764302298719145
hit,0.37645880766949624
colors,0.37633073495788794
ice,-0.0017860960411223501
letters,0.05278375896900884
downstairs,0.3762199640854343
catch,0.37613136083899346
mother,-0.03373181046003071
crying,0.37636688257654355
warm,0.3763932834166691
mine,0.3761841992274053
engine,0.37644752975875106
pictures,0.3764177072619883
blocks,0.020745861818264953
tail,0.04436421251841272
lots,0.37588862780273324
change,0.37625833258606506
rest,0.37583730297268736
socks,0.3764630075767737
pants,1.5396682385466402e-4
bridge,0.035988135348532034
sound,0.3763400623207611
dress,0.3763052541024142
hole,0.08573015692670706
tummy,0.37494261675304147
garden,0.3760680292442876
caterpillar,-0.0019497912861306185
shut,0.3760839859333565
as_well,-0.06339338033377963
brown,0.3764466608386617
dry,0.3763283511081646
doggie,-0.030079227573393715
ring,0.37630487529825735
eh,0.010271603325077714
dolly,-0.0010802933843233815
park,0.3759919666646597
lion,0.37640815794012433
somewhere,0.37621666125434905
puzzle,-0.0032546429937450787
friends,0.013873422999342279
gosh,0.3763291481515241
er,-0.013233504481425533
yum,0.021060139975201193
fast,0.37609281992559257
sheep,0.02544174861141607
store,0.03701752390113567
busy,0.3763585739521789
full,0.37622520379993524
fine,0.009811480914694255
mouse,0.37643478142269726
tiny,0.37645109977131125
running,0.3764104371693508
shopping,0.37644985886727056
leg,-0.014149764229560702
may,0.3760864821900584
sleeping,0.3763367499528081
drive,0.3763914724697638
trees,2.94191442259964e-4
bigger,-0.06831699777193438
watching,0.37645604539128985
everybody,0.0627080066061144
high,0.3763111773430293
basket,0.37646238958923334
its,0.376132883463834
tiger,0.011198803209711571
yummy,0.013828102626341068
snow,0.3764027421314265
banana,0.37646394532627586
swimming,0.036596071227563025
road,0.3764337930414977
snake,-0.002733385460636472
ta,0.01657397559076926
ears,0.3761814910369003
ow,0.05563074077923351
wonder,0.039021294474553325
eye,0.002608868820790681
tractor,-0.047493736403097786
microphone,-0.029688393309540942
kids,0.04315686672865409
press,0.37638973118846847
grass,0.37637469766222675
washing,0.37644573348314514
peekaboo,-0.006643752678638332
dinosaur,-0.0059441810006725234
guy,-0.0016774488442069665
uhuh,0.02885691694741079
bin,0.3764577433379471
brought,0.37605036791284585
shoe,0.3764624733650593
dropped,0.37645595138173477
wheels,0.3764248901072878
driver,0.3764530728094054
slide,0.37586939714948797
walking,0.37644207714766703
dark,0.3761490970246603
ha,-0.013433281785629995
boo,0.37602269049231324
boys,0.00892244311856862
card,0.3759300107582581
balloon,0.37645337536185514
cute,-0.032134331730552
circle,0.02493096784209175
guys,-0.0027693475923405314
tower,-0.04533611027607099
button,0.3764363623294863
cry,0.03842473738588698
bricks,0.02690973093122522
arm,-0.02081963807915448
sugar,0.03877522845738294
building,-0.034612401524032936
lorry,0.37644702212057946
cross,0.013112370042288504
cookies,0.016516655585386855
zoo,-0.008423945501198267
sad,0.3762118824170126
giving,0.3764172153731287
o,0.01519272319142447
shh,0.027068660925345017
dressed,0.37640721697441754
knock,0.37639169674443984
rain,0.37622455670631527
wall,0.37591673396901304
music,-0.04262668879894994
pot,0.3764237603531263
reading,0.3759543452213958
lie,0.37642927214163147
lid,0.37645013855876147
asleep,0.3764501764274862
sandwich,0.37560967631438846
present,-0.01464660013830236
toes,0.37607491738371074
telephone,0.3763711476426067
driving,0.37643902937303
quiet,0.37640759807316954
animal,0.3761381243543328
holding,0.37644682725324113
sky,0.3758593557406433
drawing,0.37608075728523593
flower,-0.030259287037580577
bubbles,0.3764273796138788
also,-0.0047554189207146685
straight,0.3759598181452045
diaper,0.039504118043559244
fly,-0.002905144478488883
boom,-0.0032995707097234084
nope,0.03499134320546176
butter,0.3764112008978581
butterfly,0.06610650765890481
hide,0.37643263052159814
fruit,0.3764575657486294
trousers,0.3764569596019355
paint,0.006473393405956517
quack,0.03150959987287525
missing,-0.006506388103360918
aw,0.0072408978126457585
doctor,-0.00928159527782507
doll,-0.006453120924426176
words,-0.02186144621031085
whee,-0.0655819126848832
heavy,0.37559464064893533
air,0.3761004620470044
pie,0.010599598098672126
grapes,0.37646280221730893
mummy,0.022787139915994042
sick,-0.009794274918140698
knee,0.376446214184801
singing,-0.0246250169155426
falling,0.37624580104538174
horsie,0.03470216867080841
broke,-0.025178035972571344
sticky,0.3760421034375129
poorly,0.3764385098483815
check,0.3760990433677224
cool,0.3758512339724526
forgot,0.04114115912808933
ear,0.37635823614431074
birds,-0.02253731873136102
ahhah,0.3759381688871289
stairs,0.37640498121046073
baby's,0.37601897393618805
crayons,0.045702108619302476
yup,-0.033358349517231274
owl,-0.0062916861336409806
wake,-0.006805221322291803
drop,0.3762940762887572
arms,8.706657328122239e-5
frog,-0.02645099897894537
trains,0.37644165077147757
carry,0.007967293212800527
track,0.0037312504378291932
post,0.035918037320721574
cereal,0.3758208262939644
moo,0.030649439106074223
bump,0.37567107903826014
sausage,0.006964290268504848
pen,0.37638579159574415
spider,-0.019144768523766585
beep,0.3764459648994937
picnic,0.3761977013737899
daddy's,0.03398892953297411
bits,0.37582915616676543
chips,0.0026822652405037502
blanket,0.003960091305213071
space,0.02090691197905293
cards,-0.002796877034201016
standing,0.003099647514731746
feed,0.37567188242555966
oop,0.37620212762964284
em,0.0050021088928405896
lights,0.3763578059693557
knew,0.01248631846387791
reach,0.3761094984184054
oink,0.01991506106425386
empty,0.3764495683538012
cook,0.014146701843753866
soup,0.030005487277775966
meow,-0.02229868820259816
loud,0.3763074871788988
happen,0.3762627618522136
pour,0.3763147846223494
garage,-0.00768996036283786
climb,-0.06691836412371704
all_gone,0.06737452364620027
giraffe,0.37636737821186883
meat,0.3761286935182127
square,-0.01957332041892556
puppy,-0.011587908326230639
trouble,-0.001566517149757423
clock,-0.018427258038358603
nap,0.028194627039200806
towel,0.3759480807634197
airplane,0.019429804811634678
van,0.37643364131629536
beach,0.01319259635487643
neck,0.3763682730747625
girls,-0.03732145357904872
leaf,0.040544550881107415
ice+cream,-0.02587985624797889
person,0.013448099322710683
coat,0.3763499246352339
bike,-0.041230739262211144
nappie,0.3759683166881369
leaves,0.023982428392952844
beans,-0.025510646906419975
star,0.07606298252414843
jigsaw,0.37633954041863726
raining,0.3761009365493358
scared,-0.045995913742469564
doggy,0.37614174925666016
bears,0.015521854003617877
hug,-0.0010490972015972642
i,0.03692217851258624
corner,0.37603943721217276
care,0.042273856480282354
piggy,0.017073066229859223
recorder,0.03548655899492015
camera,-0.0200242574907397
throwing,0.37645195200255127
chew,0.01601713581711398
where'd,-0.02137836803873588
happening,0.37633949855889137
drinking,0.376458653381059
medicine,0.37606716414249364
hooray,-0.05810742493322278
sand,-0.003201593817480355
pocket,-0.01066803561804929
supper,0.03484134638303584
ouch,-0.06409247041755706
wind,0.3762525396415803
thanks,0.021953718816378517
tissue,-0.025746067270514726
police,-0.007856550271840502
station,-0.029108009616181922
choo,0.3763782196145585
kick,0.376110236221876
block,-0.03818295419042223
apples,0.37599392685982863
potty,-0.012855760795866908
tv,0.02246518790260323
jumping,-0.011124464858639214
mummie,0.0014293770805331694
biscuits,0.3764047285514711
years,-0.06263176107415196
cover,0.059111884863781015
swing,-0.07068310498504701
dancing,0.03604125391910536
uhhum,-0.0024026323400998745
street,0.022951388263599676
digger,0.3764336794231303
sleepy,-0.02107079890568935
share,0.03347787901672417
pencil,0.03571838450249555
wheel,0.3761807385590838
ducks,0.3764184762984534
crash,-0.01595858169972501
strawberry,0.37643101331069223
yeh,0.009189338645991444
dance,-0.01867262420096278
rock,-0.03318492884691656
seat,0.375984777921441
writing,0.3763107856365282
woo,-0.006684404515298744
fork,-0.014175883520837438
welcome,-0.03173009716058981
mommy's,-0.026464016545135464
biscuit,0.3764249442195333
noisy,0.3763403449188441
p,-0.05041323335731267
summer,-0.026664556894399418
twelve,0.028408270872093154
buttons,0.37645930310409803
jelly,0.0318580316578973
football,0.3764190260099039
glasses,-0.0011839161432088548
flying,-0.007412967170234864
cats,-0.0062214586868797155
lay,-0.014586641784832653
clap,0.3764156064530091
tunnel,0.3759606071898704
balls,-0.02263368425763563
carrots,-0.002036011008143827
mirror,-0.020787026547460098
closed,0.3759265179844163
monster,0.05827463063049658
boots,0.004721458858438045
pajamas,0.04200247677440162
caught,0.05455922838673684
rice,0.001992965707358352
bee,0.01098829499249034
sock,0.3764029583995986
moving,-0.02965163466394665
toilet,0.0011103467858295296
peas,0.37639972418180406
dogs,0.016916884889730307
w,-0.017001274247585952
crayon,0.035392291841887365
holiday,0.013221923458353546
cows,-0.009502032896928676
hop,0.008078060941690182
plane,0.010459927050928814
woof,0.04047420910424615
trucks,0.37633348053157345
painting,0.058439066560161276
corn,-0.019624804740638338
pool,-0.021562432917608787
hammer,-0.00342692902560651
knife,0.3764093499805897
eleven,0.37635003369655384
shapes,-0.024453868625505516
lying,0.3758836749350848
roof,0.021906597595402772
swim,0.026243607112139616
grandma,-0.030780081843072897
panda,0.014467193017531797
tip,0.3759403813584826
turtle,-0.007423385962557716
mama,-0.0016029031066712844
spill,0.37627826564570815
tidy,0.3763939765674787
stars,0.37634622592119926
triangle,0.028819098825244374
tongue,-0.013245484198176194
jam,0.019401463654444763
yucky,-0.0026880336339650695
shops,-0.02224811398189551
pear,0.3764527024824044
chairs,0.3757791738319296
ambulance,0.011701400136999437
spell,0.059403239227110154
pretending,0.37639310174080015
chimney,0.03664020192642625
class,0.012646396824037506
point,0.046545369163107184
fits,-0.06594814243462609
splash,0.0066490319486082845
teacher,-0.030939734746248143
worry,0.37591453850924694
bib,0.3764288553504103
dragon,-0.009071114068208961
la,-9.214694417373116e-4
cutting,0.001646379303730348
fence,-0.021814308322177792
comb,0.02005199525425933
pillow,-0.006522338453711104
horses,0.045457551970521856
clown,-0.0011828464818690277
cuddle,0.3762478480638883
tomato,0.3753012593991355
laughing,0.3763622700010739
oy,0.03598939105519618
slippers,0.3764709737233756
cooking,-0.010011289522406094
rolling,0.3763345046999236
bedroom,0.3755844021031382
pumpkin,-0.01666420689092371
lap,0.037869239145961756
hurts,0.37611672868908996
coloring,-0.012808780524036724
wood,-0.0069426538191691345
body,0.027738244326967837
scissors,0.025367528775901385
bath+room,-0.0161540146264394
living,0.029424489296791406
oo,0.008388695082554826
key,0.025266394482931682
tin,0.37643090552566555
hippo,-0.047016719288475894
helicopter,-0.005260498688720368
yogurt,0.0034315838631174067
bug,-0.020453468464471554
pizza,-0.028893937127847144
crocodile,0.019999862000878603
steps,0.3763974087085919
y,0.042312131898387055
eats,0.02846234580481367
wish,0.3762909314938828
carrot,0.007467342175621801
poo,0.37638089350728193
bounce,-0.01062133945951587
backpack,0.03950202532268987
lose,-0.019141758610210446
smile,-0.0454015346420781
jacket,0.010644723759150826
cleaning,0.37603235946607727
mud,0.37578447550689953
video,0.37618289526771054
walked,0.06544986185230368
sore,0.001653495721990007
dump,0.02074581369140842
balloons,0.3763818367227849
bicycle,-0.006151827806454181
lucky,0.3760873362920651
string,0.028329619190438513
pasta,5.176249056412771e-4
glue,-0.02282110471520442
mail,-0.010338821000513518
cough,0.3764557478760976
hafta,-0.02130061060974791
candy,0.03922477363067714
field,-0.006730476453693896
fox,8.08976633077015e-4
penguin,0.017170873755467022
step,-0.030326960026676154
potato,0.01980981500110487
pushing,0.37624708781854466
ladder,0.02453317340644622
climbing,0.02898738671545985
save,0.010380000776798114
barn,0.016942338859796496
aah,0.3764493987937408
fresh,0.37637188309065467
sharp,0.3762675127673063
fixed,-0.00985759679491596
rub,-0.030235492508162688
whale,-0.004390486238547224
choose,0.37605174479590087
tray,0.3763955360532869
scary,-0.015100340311898375
yuck,0.022486936894036146
snowman,-0.004991319482461635
doo,-0.025648756802126704
refrigerator,0.04389615518673876
umbrella,-0.024392701369843395
tie,0.37594199543938456
mat,-0.027104308649124022
goat,0.053661150605501425
pottie,0.011764148994636198
aeroplane,0.3763356865309857
keys,0.006892646331356494
meet,-0.03867369547910821
kangaroo,0.3758077195681149
heart,0.3760890849084724
lamb,-0.006360063604119285
potatoes,-0.028469346067968384
kid,-0.04999193619320004
somebody's,0.3758911414497744
gate,-0.01473791202566685
cakes,0.0056189543040249266
ssh,0.3759293449211006
cloth,0.3762860741568564
doors,-0.002748252153917302
pushed,-0.001775429806971876
shower,0.3764302016648977
turning,0.3759286365288691
castle,-0.0028441838296401137
sink,0.04505564467825196
farmer,-0.016777470989136838
salt,0.004114987179873101
hee,0.03468702113928465
dishes,0.027421223233311136
dolly's,-0.0313868786462919
row,-0.043431919872351364
donkey,0.05555998469598803
baba,0.002622892445158771
hum,-0.01122792676298964
scratch,-0.013080760661569449
trailer,0.013896719363637507
baa,0.03474042778219977
sauce,0.0036104865831796023
lemon,0.3763247742724641
birdie,0.0042014718513071385
mice,0.3764220771999357
jumper,0.37643669887012576
library,-0.06431019428128767
seeds,-0.010793604975341337
lego,-0.012362672180342567
belong,0.06533715229253505
edge,0.020759938404423094
mummy's,0.009064207925132238
stickers,-0.014804311862025975
raisins,-0.008824996505549762
belongs,0.014247561307987452
giant,-0.0193240347538748
sticker,-0.03812867417616381
trunk,-0.01092782395437492
pat,0.01608955163572189
carrying,-0.03271420318165332
dad,-1.5098511125658502e-4
banging,0.04176598171641966
nurse,0.027146120783876335
monkeys,-0.054694125229303524
turkey,0.009356792378940885
fifteen,0.004702581953975385
squeak,-0.011512207083393457
spot,-0.05892769908188258
rocks,-0.00537422561687829
napkin,0.030918160587498408
bees,0.008445413687247954
teddy+bear,0.3764727632021542
rug,0.012186901587114806
chin,5.123729538733107e-4
chip,-0.0066492602248485215
god,-0.037249092080354616
safe,0.007362948477822431
mom,0.0013501423794949196
clip,-0.005532841295836424
bumped,0.376352426724178
beads,0.3763765351010122
cracker,0.01726030901203818
pond,0.025841383919060507
night_night,-0.0011915071026549983
good_night,0.037292837068741626
drum,0.02644183496013852
hats,-0.02275576451178954
fill,0.37608117341875413
cat's,-0.0359635306498713
wrap,-0.006807153316808779
cone,0.004871849837735602
bubble,0.0018449443100577202
rough,0.376134643423651
hen,-0.017319232313713483
shed,-0.00809179299781527
knees,-0.003460937915726369
hurting,0.0862052987073992
shorts,-0.009228826573550635
yoghurt,0.376471915169584
dead,-0.06485120993823622
dirt,0.045766006653940226
wee+wee,-0.03857846202509414
bow,-0.04003153052423584
brick,-0.016285703486945823
oil,0.02377992688491486
colored,0.3764222824995295
spots,0.37586843275241366
stones,0.37611276777685404
icing,0.02607754572220483
purse,0.014783275024587351
bone,-0.03026203543104553
worm,0.028144736776577882
racing,-0.09696815154508844
dig,-0.0019629418627655605
river,0.02173639774337293
nest,-0.009259067376629085
chickens,0.0037324316558306095
stories,-0.028955749083705268
ladybird,0.022309874621009407
peel,0.3763632758621058
vegetables,-0.033767598587191715
chick,-0.006039505593761198
zip,0.37562440145478404
kite,-0.00893488231744008
record,0.04676289460378912
dish,0.03920109930755675
penny,0.001967810739236527
zebra,-0.02915981760386418
fishing,-0.0389551933316013
ding,-0.01621550110412235
motorcycle,-0.018725922544191132
jigsaw+puzzle,0.017337462077293062
screw,-0.010294299155080667
kitty+cat,0.026425951381578883
puzzles,0.032932651529905446
crab,-0.006807960866871692
biggest,-0.033642478345415006
piggie,-0.0587621453538127
shelf,-0.04347312418236775
shark,0.032490341091891826
rabbits,-0.029685696116444452
duckie,0.028368962271827464
oatmeal,-0.020018426812763706
sweeties,0.03176870255294731
pepper,-0.006687488196372805
pickle,-0.0010345844314830848
whistle,-0.0039793642805716475
suit,0.3763781214518672
nuts,-0.031544284743623835
spoons,0.020676634780580173
ham,-0.009210264254486483
pipe,0.00909382845346479
tooth,0.006495082989692215
wagon,0.03861834022666336
mum,-0.03980241881397206
trick,0.03461228433157496
babys,-0.02030630215561848
smoke,0.0012586846957648038
boring,-0.05055640282156895
pram,-1.5463542956673194e-5
goose,0.011812378020136323
crawl,0.0025345556860699773
rattle,0.37634256760864204
hhh,-0.012369757028538163
radio,0.3762741994082296
flour,0.018861276710639488
daisy,-0.026197642462642057
stool,0.01537956197763304
gold,-0.020238509675790155
ribbon,0.37643196890258457
powder,0.3764428323344425
thirteen,0.0070762685516563275
tweet,0.37642700897297915
switch,-0.005218675550658325
bat,0.06365876475175608
bouncy,-0.01188804774530312
nut,0.014480160724370012
win,-0.023624163869070087
octopus,-0.049726293591338566
super,-0.02724589511365625
fixing,0.010289373755544395
whoo,0.01601101401799486
awake,0.03606891873808179
noises,0.375858160828713
stone,0.03804587973009061
peach,-0.007796258318064519
twinkle,0.026507706818280585
toothbrush,0.0046693398207879955
penguins,-0.015713194623458698
race,0.018889260937861575
rooster,0.04252126630822533
da,-0.015107977645024978
pudding,0.008711524601264406
tick,-0.01471066491394411
bear's,-0.037750072811189896
zoom,0.019034317912490398
treat,0.00111631670344821
gum,0.004716495856610136
teapot,-0.016659221221352057
puppet,0.0285592261459374
peek,-0.04009757105209299
parrot,0.005999505094148979
frogs,-0.007959622001036159
piano,-0.019487742057983287
grandpa,0.029117712931855094
squash,-0.03620315373583708
ship,0.012269308033070643
pin,0.007630470326066393
choo+choo,0.3763943013928556
stamp,0.03802484352072466
alligator,-0.007982291708701806
stripes,0.37641261375927787
swish,0.029367466032222
witch,0.004155686147227391
alphabet,0.03780289347764439
belt,-0.017453253844554213
gas,-0.0021982748597986607
fourteen,0.06868066890347448
candle,0.37581973269625213
comfortable,-0.018427583433560643
fire+engine,0.022550611676447996
beat,0.0013001947475432389
dolls,-0.0022662433537220163
airport,0.37595962238426706
tigers,0.04097874171203603
nineteen,4.909814143310132e-4
trash,-0.03594916306279129
vest,0.3764382522083595
snail,-0.022110462763573348
macaroni,0.0060135381006258285
shoot,0.031726543206352036
rope,-0.027080062485671404
poop,-0.0388417681327107
mend,0.03374775947561951
grape,0.37642798242252196
higher,-0.070014589850932
camel,-0.044227878566158126
slipper,0.37641703594427245
beef,0.03357667978354224
cushion,0.3760077946461114
dada,-0.038621211742452
tape+recorder,-0.006227921865527126
bend,0.026518857953395456
crib,-0.005433489021985279
girl's,-0.0392148209961481
gun,0.04222224779990113
whoosh,0.3764152915956541
q,0.03987599174471259
jumps,-0.042095158156724016
shovel,-0.009527875048565558
crack,0.030830180396960675
ruff,-0.022241394704689214
sponge,4.5268168703605904e-4
wheat,0.010292827628147712
bacon,-0.034185294014014406
peanut+butter,-0.054314195890577247
car's,-0.02410477904796619
peanut,0.007694462607294257
cloud,0.020967268374913646
faces,-0.001183023023613679
choke,-0.010966174245110604
boats,0.3760501158591041
zipper,0.0024406240891846555
wool,-0.001795012861379169
eighteen,-0.020934307021845778
shell,-0.026783384352022765
baseball,0.0028997855987526098
wiggle,0.04067614814649842
suitcase,-0.03341996361204242
beer,-0.04852889675341944
roar,-0.005286812020538031
blankie,0.013704294432446135
alive,0.017525412884875913
sweep,-0.02611714208795737
doggies,0.001775048110190813
pinch,0.00979217965347196
cannot,0.021857016063344642
ghost,0.011999529824469711
scoop,0.013912560633448205
chase,0.0064557839502180575
tent,-0.0023857777352622816
screwdriver,-0.002626829544080801
shot,-0.028616651380784505
porridge,-0.00185700230838756
botbot,0.013686080541748366
pony,-0.035672372818781
bash,0.3763883610556748
wah,0.014376370881643166
pennies,-0.03509158962821457
highchair,0.3755745924251971
drives,0.37621227758994774
seventeen,0.0025969171346245045
spells,-0.013529376823279765
noodles,-0.06075330989995956
uncle,0.02841809205052575
night+night,0.0016232951467518193
parcel,0.37638125412927614
awoh,0.012578538094727256
butterflies,-0.018480939966056747
flag,-0.03290523664025104
rolls,0.011214577480654887
christmas,0.0021026261190227025
dat,0.011021806836046477
bark,0.37582675030253176
plus,0.006930217269560664
lolly,-0.050976723112088944
tool,-0.026399865826165998
hoo,0.009426697950724377
tank,0.009701929824135171
secret,0.043046853652264065
roller,0.011352188370567786
measure,0.007713059065346643
neigh,0.3763089990860222
soda,0.03380462178795317
diamond,0.011713567398334438
bush,-0.037220924263116455
hamburger,-0.010737575108196194
pennys,-0.035785000356439355
barking,0.37627061387572097
peep,0.015128287971152192
pee+pee,-0.0020571650181453235
toaster,0.3763553939739892
nah,0.06788094926162037
rake,0.03496820378914427
blueberries,-6.281023102992108e-4
gorilla,0.026681760480294754
frozen,-0.052378174375884816
seesaw,-0.03141918638839345
cricket,0.07289380718611929
spade,-0.027980408530641706
blah,0.028976252295245263
boot,-0.009098399248274894
click,-0.0011032975960440755
froggie,0.007424204240746642
smelly,0.3757233200644905
bracelet,-0.03209171230465924
wrapping,-0.009243603911429192
curly,-0.014510125677911363
fan,0.3763456893280018
thunder,-0.0026472637428307166
gobble,-0.016588426961837172
ant,-0.002835448754420351
elbow,-0.056584802041576565
choochoo,-8.467221408700407e-4
neenaw,-0.027670454610941
raisin,-0.03286165861116973
plug,0.003796568795317585
reindeer,-0.005921428450768791
study,0.0314520451654349
stroke,0.3762829899415337
paints,-0.03479186006964189
pirate,0.0142784269133922
dots,0.027813991359899353
curtain,0.37637354682293195
piggies,0.04091727834524329
pockets,-0.06592511861294477
burger,0.02523420140404059
shadow,0.03854492127346964
ramp,0.37612714037923145
spout,-0.018549072038264017
delivery,-0.025882741241840215
hedgehog,0.02098707007650951
koala,0.012242892541325738
tissues,-0.05067786177486739
waking,-0.0021466253225254205
toot,0.036787411284059414
lobster,-0.020957387108520256
achoo,-0.023756323978743457
dumper,-0.05384292955290816
grr,0.045956482246672745
gross,0.03841474280491151
tow,0.003024121840231149
starfish,0.019959010204556833
kitty's,0.014842268119944258
hunhunh,-0.005267548866576425
cock_a_doodle_doo,0.0831113739439453
celery,0.005030963922617445
tortoise,0.0070814309609912186
nono,-0.04576425744800842
badge,0.019195777744746793
polar,0.37604760039294927
player,0.011667620091536641
dungarees,0.3762104692381064
lookit,0.06414350796935045
de,-0.010620338052624387
opposite,0.016642221168961958
wa,-0.02173890555639521
honk,-0.06326287103642288
easter,-0.013098159668554328
legos,-0.022979206202148203
buzz,0.004813055322080267
scarecrow,-0.009443234643677339
boo+boo,-0.05607047916727053
fuss,0.001869879292012275
di,0.010956683945375287
robot,0.00690981396250509
bah,0.01656630618700088
wrench,0.03914367437230952
xxxx,0.0198912410564656
bunny's,-0.014934295406750862
doughnut,-0.03471948495373642
ribbit,-0.006829588730571044
pail,-0.047235594688410265
high+chair,0.37638043984862707
puddle,-0.026072170949224212
chain,0.0022799612239372082
choc_choc,0.37645907960289543
auntie,-0.06384147537588332
towels,-0.030971500285832097
panda's,0.01684093941592525
geese,0.03199500628159194
ba,-0.012662346828850734
marks,0.010347858650074569
stew,-0.01171569708164234
crashing,0.03136121911997457
err,-0.028526605897528146
jeans,0.04257928113872775
grandad,0.030486161389557273
branches,0.003078836902051167
builder,0.007953149369361368
cocoa,0.038525548824371474
sword,-0.022539016776449525
napkins,0.03132122944278756
blind,0.37624284827713855
wing,-0.05003880016784724
lizard,0.05411029833547162
blankets,0.025091734933953783
dummy,-0.049684882951978204
tock,0.02590323768644378
oval,-0.013539826869819924
pliers,-0.010558080005287665
papa,-0.01761611645680288
photographs,0.3764551657655658
raccoon,-0.007882607316028098
siren,0.3758331209728587
moose,0.020688545587265895
package,-0.027454111671786068
brumm,-0.03606408839815581
catching,-0.0031231744108955275
tee,0.014346654538020327
controller,0.3761222715841647
snuggle,0.0222357432086671
ripe,-0.002674394148850858
peanuts,0.06469975360679633
basement,0.02162490939061322
dis,0.010670726275867912
mustache,-0.04003748350527159
muddy,0.01672617218602465
lawnmower,-0.03647046711496383
loo,-0.013822598176268568
mall,-0.045567089477740165
elevator,-0.02553747733839854
lion's,-0.05792436938153011
hummus,-0.017749826035728673
tickles,0.017689288975672894
rat,-0.007218024956863532
patch,-0.053055503458198296
dum,0.0025959408864945073
waited,-0.04287185663322588
ninight,-0.030194495368049586
blueberry,-0.03922305059582991
scales,0.025379052385943845
fussing,-0.028543428363075444
fishie,0.07115132632838927
weasel,0.02162061968166099
hurray,0.020069576556314986
cube,0.014045414483876936
base,0.060644008701297526
how_come,-0.04434431315748666
yo,-0.019165991801664953
bare,-4.2034251521807733e-4
poo+poo,0.008894639209591467
carrier,0.3757291228142433
grrr,0.3764105634443269
cradle,0.021324237019017093
bleep,-0.003277682406506903
floppy,0.006320900249778678
robin,-0.004471408877643706
kicked,0.02847444215787408
sweet+corn,0.017776491651897815
nursing,-0.04452716462969542
dee,0.04333652597418409
bunny+rabbit,-0.00841509902808576
bead,0.3764481479267783
pocketbook,0.03194729294550887
lounge,-0.015056089482012354
wiggily,-0.022833171432814305
wan,0.014379547551398678
orange+juice,0.3764511267269623
stink,0.011188291656888737
bay,0.016698155466142617
oh_dear,0.02287146471170294
jack,0.020440384865895108
cinnamon,-0.008705532986367817
cozy,0.006503329934962093
po,-0.02442213698599893
bolt,-0.026910383653906713
pans,0.025979287494197093
beepbeep,-0.04216101844216081
belly+button,0.04414497151503385
amen,-0.012665541625888002
nursie,0.01434634881296542
panties,0.04449460031614289
muck,-0.05907931007990206
wobble,0.01908070182311045
oh_no,0.019019842174654474
nana,-0.023227764049006273
skunk,-0.06118060159127713
toybox,0.005948523761813604
airplanes,-0.06434628204769693
coin,-0.0053897543758054285
bandaid,-0.002670432073147111
mama's,-0.014707356674625563
c_d,0.03446581556191932
un,-0.016572120610170687
latte,-0.06728143119715183
hurrah,0.008086116062085848
mole,-0.04037301177967321
sunday,-0.05765861352807119
owie,-0.025451962840811828
puddles,0.012869374835584438
leopard,-0.020398984624694055
straws,0.027798760570597342
pebbles,0.03977928753531795
ay,0.017291351830925103
pushes,0.3762810703173839
pretzels,0.02614690958462803
living+room,-0.003621719568735636
muffins,0.02303705418604246
jellyfish,-0.08404590416413035
valentine,0.028844718668208556
skipped,-0.014287653009429843
dere,0.009344383344722996
splinter,0.023463200495531446
bumble+bee,-0.023852097690008
unicorn,-0.029491728586960458
dragonfly,0.015968881640111083
mothers,-0.04366599570786237
didldow,0.00712711673224845
mailbox,0.04073059983879426
milkman,0.0013257701037761717
mending,-0.023123658019898696
jigsaw+puzzles,0.031133835158967116
mattress,0.04177768194980468
barrette,-0.0025459216429846664
simple,-0.04404802922505008
tapioca,-0.011855737532523388
nursies,-0.02068784818636352
yea,-0.014466651355949427
iguana,-0.01723181302582607
acorn,0.03799461085433449
bot_bot,-0.04978149843741579
mousie,0.0066213001774791894
prayers,0.009705186074392953
piglet,0.026017191050825537
ankle,-0.01697456414767752
playroom,-0.002469025827059117
damp,-0.043446252466533386
ss,0.015722753627389327
paddle,-0.0500859760549837
hedge,-0.0357361673769922
stamping,0.01730319496149638
friday,0.012855970084482077
fiddle,0.007719642251570688
yah,-0.051279336925570684
blues,0.010369168561852753
dub,0.005573808064730718
quilt,-0.026218351589724496
passion+fruit,-0.0031750957428575027
bop,0.005759259330812975
llama,-0.006773665156919204
hoot,0.013737392812479819
tick+tock,0.022630152740600488
dumptruck,0.03907872540306617
pretzel,-0.0022071922780370107
nurses,0.004356704510357982
trampoline,0.01960777807935905
birdy,0.014679997195522066
tend,-0.028719350879755117
turkeys,0.024446689546120386
nanny,0.006019122730088173
oof,-0.02363553520533328
granny,0.004913769038798369
eraser,-0.020974570819374806
nummy,-3.461341695153655e-4
peeppeep,-0.03613017512188708
diesel,-0.003033927759044513
ma,-0.011616794412421852
hairs,0.012192172107351303
willie,-0.004748716307752791
hotdog,-0.017192923594823595
flamingo,0.025912897789702127
bobbin,-0.011957373139898092
briefcase,-0.030778161314969545
ball's,0.057971402107470905
dusty,0.028399367369364346
sesame,0.02869125956305582
bock,-0.02746489887051338
grandpa's,0.009377403809783129
bow+wow,-0.011632041368795722
moneys,0.006069557789263801
mammals,-0.021855538364088337
bashing,0.37602773331229356
school+bus,-0.006949739269134462
glitter,0.023353290347418548
dodie,0.028609428707202723
bathtime,0.016494110340474495
fingernail,-0.01615581304317728
notebook,-0.04149981611832926
fi,0.0260912076825754
rosy,5.610634296101714e-4
pentagon,-0.026077585707654394
armadillo,-0.03320438996282771
ooaa,-0.055155217575008623
clam,0.026722101508797415
peepbo,-0.02299535833351939
rosie,-0.018972345324797413
na,-0.002974245475145436
apricot,-0.007791127990214362
john,0.0349705831891779
frisbee,0.00981321300053932
dah,0.027568060639423787
lily,0.03683607467345118
fee,0.015055927307141734
telescope,-0.04247203683607083
eee,0.011898793934501946
rumble,0.008186322969677412
cheerios,-0.002484312749035721
hee_haw,-0.027718467300395833
wednesday,-0.047503465335166015
coo,0.004868375047393071
nee_na,0.0163825758897605
mowing,-0.016915874915722103
miaow,-0.04868877448779097
arch,-0.002573679506248011
score,-0.022488063227434744
ju,-0.024566948759960083
fum,0.0074115985262951265
lunchbox,0.028752783952760784
tow+truck,0.04848332929639636
weewee,-0.014993455746789678
roots,-0.0022027338001011786
blub,0.011287441197386915
hankie,-0.005932935435855628
raking,0.011247257961660111
tofu,0.06192070903753104
shoelace,-0.0049271540372812185
tugboat,0.008266390931836119
cemetery,-0.04357382474234814
cream+cheese,0.027349852562935678
eve,0.026583838172630866
voom,-0.084706756366455
chalks,0.006389393951427562
bowwow,0.0018917122326703472
scuse,0.02091415148293511
crumb,-5.457666003516041e-4
tata,-0.025147950300897125
dino,0.019881020514953118
doodoo,-0.005227996181437062
rob,-0.008553282134069641
cheetah,0.007099775458610937
oblong,0.016675506156113254
hops,-0.032470796317469845
checkers,0.022454956939971342
reel,-0.030987409902930727
stair,-0.008302131340187438
ga,-0.013946401141028771
pop+up,-0.007444875228987865
didja,-0.019369551737828453
trapezoid,-0.026205793052183936
milky,-0.004634378275479456
chipmunk,0.021055072765830737
nan,-0.005157062708961137
din,-0.016467860674260364
peeppo,0.007460443773888016
tutu,-0.004813378104288492
oooo,0.019383057468704133
sandy,0.001748190521276876
mans,0.02568983066322627
knockknock,-0.023752034267257426
armbands,-0.020519005540637878
octagon,0.03659715223615439
sleeper,-0.009277772363228772
parsley,0.016131911661666706
pau,0.026395455088862645
shishi,-0.038238338583395114
nuuw,0.007114950435265682
tea+bag,-0.013198944961455305
ahem,-0.02812611396949194
wastebasket,0.00313474251062018
granddad,0.0030063324890186767
tippy,-5.961790262149488e-4
peter,0.0016011983021981958
nanas,0.005001805744286583
quack+quack,0.008442416880131387
pooed,-0.05665406736950128
ribena,-0.005952158582024145
happiness,0.013673889224130013
knobs,-0.060521192400032675
moomilk,-0.052799892067007956
yellows,0.03388986068131234
brum,-0.0159294626487845
sheeps,0.008394766088150804
ribbet,0.057597178871225285
choosing,0.011579651865706973
bob,0.012516886996745483
figh,-0.014240973881919356
tut,0.015407029900192623
chowder,-0.029015974618457584
don,0.02862750728850547
bobby,-0.04524315062091478
olie,-0.008411231541888393
stump,0.017424696433859112
bobs,-0.018397277580508898
hh,0.024719690702687844
thankyou,0.025113453913782214
lalala,0.025763036687463235
woosh,-0.014079444859205374
grampa,-0.050595528209060374
brm,0.015069339950348475
mimi,5.037857398916596e-4
gonegone,0.055121530816969515
hallo,0.020708139720896808
ringring,-0.04353893200724599
passy,-0.03708832051284103
mwah,0.0728002872909303
mill,0.027462764697128654
sergeant,0.03810561551192379
poppop,0.0031138137530433477
bobbing,0.008393015471812818
koalas,0.019534761070834433
gal,7.937724417645743e-6
tinker+toy,0.011805170926707537
poopoo,0.04009793006585037
lulu,0.0015108921949124514
rarr,-0.0451169626908767
throwed,-0.023048436136322185
din+dins,0.02455928118618082
ice+cube,-0.009747706774045944
dust+men,0.03118276563359509
caca,0.04011132950587164
dadda,0.015258542826945568
ni,-0.020550044837019662
scallop,-0.005266616324232018
baa+baa,0.031993789793516005
prams,7.01366227116817e-4
barbeque,-0.025331608293307373
tulip,-0.03056861400173615
jim,-0.043930683695533254
pooh,-0.00913838222838006
falled,0.05446256070002112
walruses,-0.02559018192949668
burping,-0.042698742625717975
co,-0.018048604701015165
chimneys,-0.0336672181680414
rolie,0.04320917209887743
trombone,-0.012165083404742387
gonga,0.031063379709346032
kaka,-0.0010417805269727393
ella,0.004257303589028519
hair+dryer,-0.05219071129684152
hup,-0.04184150588977625
bouillon,-0.007691714625215099
frank,-0.05024005446019862
billy+goat,0.02865361640397203
numnum,-0.004402334721867731
ehe,-0.012937842804665351
hanabata,0.01005192700198994
mickey,-0.021545485862125197
goody,0.0029615581254206617
tom,0.3759058325960213
giya,-0.033192321184981666
dang,-0.022881199663538233
matzo,-6.830860276372811e-4
chih,0.035053772233788326
flan,0.05554257688373315
brumbrum,0.0057585341205559915
et,0.03284505140229808
lassie,-0.04346437591915232
terrapin,0.026869151231701468
nana's,0.04058964450344522
candy+cane,0.03814895840724225
fire+chief,-0.00849991916643947
brummbrumm,-0.0028299157685767653
lala,0.0020809122231659183
foo,0.02156335435063543
juice_juice,-5.694586709202159e-5
flip+flop,-0.01220167903836376
mummum,-0.04257919021084874
eggie,-0.027807366544468633
chocky,-0.0011370845931650915
teddybear,0.007113498118284917
dingdong,0.011482773324726704
rosemary,-0.013409749210443696
guava,0.010847654436695579
dustmen,-0.010259973531475907
ad,0.01676283949509124
nanana,0.0541292085034932
gobble+gobble,0.018437502215785908
sue,0.010370525613337482
eeyore,-0.037456931626688464
toto,-0.03371457802485038
rockrock,-0.02028297313379461
kokowk,0.020526535682852155
grabby,0.008381931560538302
panettone,-0.03229233364974278
ere,0.018516659829086467
grizzly+bear,0.005015046804040141
thero,0.043522412922842924
sup,-7.581879616536504e-4
dustman,0.003606718130923302
jammie,-0.020735284008776153
dipper,0.00993118300362336
treetop,-0.007001349497431508
smurf,-3.599269414516056e-4
gribbet,0.019725602114061297
chick+chick,0.002346383536311808
tentagon,0.003798492317546736
nancy,0.02928601708362586
horr'ble,0.04253237850613425
vrap,0.029969411296320317
eeya,0.010476582695997648
pap,-0.014262357005966753
tii,-0.006397541081541354
gopher,0.02227366695022792
corduroy,0.06011271663542033
babaa,0.017589041838569765
bosom,-0.012529519960124937
roo,0.0270881436126115
sweepie,-0.04623285410312568
fizz,-0.012461932014104886
biup,-0.036492345270986964
lizard's,-0.026455246321792514
koala's,-0.039165244054758554
accessorizing,-0.003093921675400411
shoe+shoes,-0.014486255548403895
jimmy,0.04094770024628867
station+cat,-0.0354004259147963
lowly,-0.05151366822731019
boog,0.014102220124486451
pengams,0.005435768375741135
walkwalk,-0.013325061873111374
lalalight,0.017391888429037765
skunk's,0.014536191100458899
tato,0.013325225010892087
keewee,0.02574314869003709
eeayeeay,-0.033182328730731375
ruby,0.007215146937304244
lou,0.049649238011979735
doodledoo,-0.04742660924823963
jackolantern,0.043107091017391394
jelly+bean,0.046045260404963206
pee+pees,-0.014027191248933228
'at,0.013843372907534342
dadda's,-0.007377352972051351
brrmm,0.007543564773414964
dan,0.013929549847096184
