Betty,Bates,4848,608.75,7.646586345381526
Betty,Bates,4848,852.25,10.98213576816197
Chuck,Bates,4850,608.75,4.27027027027027
Chuck,Bates,4850,852.25,10.266666666666667
Doug,Bates,4852,608.75,4.307692307692308
Doug,Bates,4852,852.25,11.889322454771195
Ed,Bates,4854,608.75,6.580335731414867
Ed,Bates,4854,852.25,37.95392242636337
Frank,Bates,4856,608.75,4.524236983842011
Frank,Bates,4856,852.25,9.75
Gloria,Bates,4858,669.625,7.6
Gloria,Bates,4858,852.25,11.550913838120104
Hank,Bates,4860,608.75,4.86710459828196
Hank,Bates,4860,852.25,29.973013493253376
Ivy,Bates,4862,608.75,2.75
Ivy,Bates,4862,852.25,18.89329073482428
Jane,Bates,4864,608.75,Inf
Jane,Bates,4864,852.25,24.527099463966646
Jim,Bates,4866,608.75,7.323312380431812
Jim,Bates,4866,852.25,23.6620507650338
Kathy,Bates,4868,608.75,4.363636363636363
Kathy,Bates,4868,852.25,11.52346570397112
Keith,Bates,4870,608.75,7.477361654555618
Keith,Bates,4870,852.25,14.491107847936043
Kent,Bates,4872,608.75,4.6
Kent,Bates,4872,852.25,8.725
Linda,Bates,4874,608.75,5.96321393998064
Linda,Bates,4874,852.25,17.391304347826086
Mandy,Bates,4876,608.75,5.333333333333333
Mandy,Bates,4876,852.25,21.876993166287015
Nan,Bates,4878,608.75,5.416666666666667
Nan,Bates,4878,852.25,14.362515413070284
Olivia,Bates,4880,608.75,8.782608695652174
Olivia,Bates,4880,852.25,18.37948717948718
Paula,Bates,4883,608.75,3.4885245901639346
Paula,Bates,4883,852.25,8.355353075170843
Pete,Bates,4885,608.75,Inf
Pete,Bates,4885,852.25,13.744473737578584
Ruth,Bates,4887,608.75,4.454545454545454
Ruth,Bates,4887,852.25,11.513513513513514
Steve,Bates,4889,608.75,3.096774193548387
Steve,Bates,4889,852.25,12.631171345595355
Sue,Bates,4892,608.75,8.091525423728813
Sue,Bates,4892,852.25,27.688118811881186
Tom,Bates,4894,608.75,5.133333333333334
Tom,Bates,4894,852.25,10.156039896564463
Vicki,Bates,4896,608.75,3.6666666666666665
Vicki,Bates,4896,852.25,19.555555555555557
Wanda,Bates,4898,608.75,7.5
Wanda,Bates,4898,852.25,15.21951219512195
Will,Bates,4900,608.75,12.041152263374487
Will,Bates,4900,852.25,13.235394862036156
Zeke,Bates,4902,608.75,4.242424242424243
Zeke,Bates,4902,852.25,13.055921052631579
Anne,Bernstein,4676,517.4375,Inf
Anne,Bernstein,4676,608.75,Inf
Anne,Bernstein,4676,669.625,7.839999999999999
Cindy,Bernstein,4678,NA,NA
Dale,Bernstein,4681,517.4375,4.226415094339623
Dale,Bernstein,4681,578.3125,Inf
Dale,Bernstein,4681,639.1875,12
Gail,Bernstein,4684,639.1875,6.571428571428571
Gail,Bernstein,4684,700.0625,Inf
Gail,Bernstein,4684,760.9375,Inf
Lena,Bernstein,4689,578.3125,Inf
Lena,Bernstein,4689,669.625,Inf
Lena,Bernstein,4689,730.5,12.886363636363635
Marie,Bernstein,4691,547.875,Inf
Marie,Bernstein,4691,608.75,NA
Marie,Bernstein,4691,669.625,NA
Eric,Bloom70,5234,653.1875,3.6534508076358296
Eric,Bloom70,5234,696.625,4.161832441180133
Peter,Bloom70,5241,647.1875,4.192109777015437
Peter,Bloom70,5241,664.1875,NA
Peter,Bloom70,5241,680.625,4.801255230125523
Peter,Bloom70,5241,705.0625,4.761739633001011
Peter,Bloom70,5241,717.0625,5.431832452997451
Peter,Bloom70,5241,740.5,10.447444506621899
Peter,Bloom70,5241,760.9375,9.284210526315789
Peter,Bloom70,5241,778.9375,9.838559905567578
Peter,Bloom70,5241,804.375,NA
Peter,Bloom70,5241,824.8125,13.102034484579638
Peter,Bloom70,5241,845.8125,11.594654788418708
Peter,Bloom70,5241,867.25,13.862371220306484
Peter,Bloom70,5241,885.6875,13.635772357723578
Peter,Bloom70,5241,904.6875,12.904789450463257
Peter,Bloom70,5241,929.125,15.966674380930339
Peter,Bloom70,5241,956.5625,17.888616462346757
Peter,Bloom70,5241,986,15.794054183649004
Peter,Bloom70,5241,1019.4375,18.040462427745666
Peter,Bloom70,5241,1053.875,NA
Peter,Bloom70,5241,1146.1875,17.13582778062532
Laura,Braunwald,5193,527.4375,8.820512820512821
Laura,Braunwald,5193,528.4375,13.680781758957657
Laura,Braunwald,5193,529.4375,5.666666666666667
Laura,Braunwald,5193,530.4375,NA
Laura,Braunwald,5193,531.4375,4.660691421254802
Laura,Braunwald,5193,536.4375,4.7960848287112565
Laura,Braunwald,5193,539.4375,6.703968770331816
Laura,Braunwald,5193,545.4375,5.0476190476190474
Laura,Braunwald,5193,547.875,NA
Laura,Braunwald,5193,549.875,NA
Laura,Braunwald,5193,550.875,4.446746072846539
Laura,Braunwald,5193,551.875,NA
Laura,Braunwald,5193,552.875,13.044185675546338
Laura,Braunwald,5193,554.875,8.17142857142857
Laura,Braunwald,5193,561.875,8.279024861211681
Laura,Braunwald,5193,562.875,14.471910112359549
Laura,Braunwald,5193,563.875,9.625
Laura,Braunwald,5193,566.875,4.995398230088496
Laura,Braunwald,5193,568.875,7.165798525798526
Laura,Braunwald,5193,574.875,7.666666666666667
Laura,Braunwald,5193,575.875,NA
Laura,Braunwald,5193,576.875,NA
Laura,Braunwald,5193,583.3125,6.556301267710665
Laura,Braunwald,5193,584.3125,20.160000000000007
Laura,Braunwald,5193,585.3125,8.453389830508474
Laura,Braunwald,5193,586.3125,NA
Laura,Braunwald,5193,595.3125,9.660907127429805
Laura,Braunwald,5193,597.3125,10.88888888888889
Laura,Braunwald,5193,598.3125,14.928909952606634
Laura,Braunwald,5193,599.3125,11.196132596685084
Laura,Braunwald,5193,603.3125,NA
Laura,Braunwald,5193,627.75,15.29447266081561
Laura,Braunwald,5193,632.75,34.333333333333336
Laura,Braunwald,5193,641.1875,10.79641385831026
Laura,Braunwald,5193,644.1875,16.826415094339623
Laura,Braunwald,5193,645.1875,24.2505327965901
Laura,Braunwald,5193,655.1875,NA
Laura,Braunwald,5193,669.625,16.510344827586206
Laura,Braunwald,5193,677.625,15.740932642487046
Laura,Braunwald,5193,678.625,34.46808510638298
Laura,Braunwald,5193,679.625,19.271966527196653
Laura,Braunwald,5193,683.625,NA
Laura,Braunwald,5193,688.625,7.50561797752809
Laura,Braunwald,5193,689.625,11.777360263034288
Laura,Braunwald,5193,692.625,NA
Laura,Braunwald,5193,693.625,9.11111111111111
Laura,Braunwald,5193,696.625,NA
Laura,Braunwald,5193,703.0625,9.772291369108345
Laura,Braunwald,5193,709.0625,21.31882935614588
Laura,Braunwald,5193,713.0625,14.253237410071941
Laura,Braunwald,5193,716.0625,16.10244470314319
Laura,Braunwald,5193,718.0625,9.856392294220665
Laura,Braunwald,5193,724.0625,10.420631391729659
Laura,Braunwald,5193,725.0625,12.000658461226765
Laura,Braunwald,5193,726.0625,10.830188679245284
Laura,Braunwald,5193,730.0625,11.857507987220446
Laura,Braunwald,5193,730.5,NA
Laura,Braunwald,5193,740.5,10.057142857142857
Laura,Braunwald,5193,747.5,14.358514724711908
Laura,Braunwald,5193,753.5,10.777668952007835
Laura,Braunwald,5193,754.5,16.255085211654755
Laura,Braunwald,5193,770.9375,10.605558840922532
Laura,Braunwald,5193,773.9375,15.75
Laura,Braunwald,5193,775.9375,33.85870469399881
Laura,Braunwald,5193,779.9375,29.21376433785193
Laura,Braunwald,5193,780.9375,12.105993690851735
Laura,Braunwald,5193,781.9375,NA
Laura,Braunwald,5193,782.9375,13.333333333333334
Laura,Braunwald,5193,784.9375,11.5
Laura,Braunwald,5193,786.9375,NA
Laura,Braunwald,5193,788.9375,13.957762822000463
Laura,Braunwald,5193,789.9375,35.38304592794947
Laura,Braunwald,5193,791.375,12.443247402847248
Laura,Braunwald,5193,794.375,23.17241379310345
Laura,Braunwald,5193,803.375,18.894331700489854
Laura,Braunwald,5193,806.375,25.98036253776435
Laura,Braunwald,5193,808.375,95.57333333333334
Laura,Braunwald,5193,809.375,25.791342817135785
Laura,Braunwald,5193,812.375,10.658008658008658
Laura,Braunwald,5193,814.375,16.363636363636363
Laura,Braunwald,5193,815.375,15.0711743772242
Laura,Braunwald,5193,816.375,60.231111111111105
Laura,Braunwald,5193,817.375,11.58372591006424
Laura,Braunwald,5193,818.375,13.916666666666666
Laura,Braunwald,5193,819.375,NA
Laura,Braunwald,5193,821.8125,15.007241181531404
Laura,Braunwald,5193,826.8125,NA
Laura,Braunwald,5193,827.8125,NA
Laura,Braunwald,5193,829.8125,62.44106463878327
Laura,Braunwald,5193,832.8125,NA
Laura,Braunwald,5193,833.8125,NA
Laura,Braunwald,5193,834.8125,14.1852140077821
Laura,Braunwald,5193,844.8125,NA
Laura,Braunwald,5193,851.8125,NA
Laura,Braunwald,5193,857.25,6.819260468328206
Laura,Braunwald,5193,858.25,16.92501924557352
Laura,Braunwald,5193,863.25,16.976377952755904
Laura,Braunwald,5193,868.25,22.74368231046931
Laura,Braunwald,5193,875.25,NA
Laura,Braunwald,5193,876.25,16.246888119614056
Laura,Braunwald,5193,878.25,13.130097087378639
Laura,Braunwald,5193,883.6875,17.227272727272727
Laura,Braunwald,5193,884.6875,14.069404171733234
Laura,Braunwald,5193,908.6875,13.702127659574469
Laura,Braunwald,5193,912.6875,13.92
Laura,Braunwald,5193,916.125,10.852538275584207
Laura,Braunwald,5193,917.125,24.911270983213427
Laura,Braunwald,5193,919.125,19.002247191011236
Laura,Braunwald,5193,920.125,22.855813953488376
Laura,Braunwald,5193,923.125,17.010154525386316
Laura,Braunwald,5193,928.125,NA
Laura,Braunwald,5193,929.125,18.062194505309286
Laura,Braunwald,5193,934.125,NA
Laura,Braunwald,5193,936.125,19.783994795055303
Laura,Braunwald,5193,937.125,19.580370555833753
Laura,Braunwald,5193,951.5625,16.070169631774927
Laura,Braunwald,5193,953.5625,32.80005839842324
Laura,Braunwald,5193,985,26.098646478550126
Laura,Braunwald,5193,988,22.002610656224043
Laura,Braunwald,5193,993,29.03052781740371
Laura,Braunwald,5193,1095.75,32.68619246861925
Laura,Braunwald,5193,1096.75,20.50027266868276
Laura,Braunwald,5193,1101.75,NA
Laura,Braunwald,5193,1102.75,NA
Laura,Braunwald,5193,1103.75,NA
Laura,Braunwald,5193,1104.75,NA
Laura,Braunwald,5193,1105.75,4.5
Laura,Braunwald,5193,1113.75,32.71636165478407
Laura,Braunwald,5193,1114.75,NA
Laura,Braunwald,5193,1117.75,24.777279521674142
Laura,Braunwald,5193,1139.1875,20.877445932028834
Laura,Braunwald,5193,1151.1875,32.10984948508054
Laura,Braunwald,5193,1154.1875,35.534308211473565
Laura,Braunwald,5193,1198.0625,25.634293457823162
Laura,Braunwald,5193,1203.0625,38.99706170421155
Laura,Braunwald,5193,1211.0625,32.70147939415287
Laura,Braunwald,5193,1239.5,29.892413793103447
Laura,Braunwald,5193,1240.5,34.46153846153846
Laura,Braunwald,5193,1275.9375,40.76151390788874
Laura,Braunwald,5193,1294.375,NA
Laura,Braunwald,5193,1295.375,26.561446773530623
Laura,Braunwald,5193,1296.375,30.778420038535646
Laura,Braunwald,5193,1297.375,36.43541398290198
Laura,Braunwald,5193,1299.375,18.578883495145632
Laura,Braunwald,5193,1300.375,28.275431861804222
Laura,Braunwald,5193,1301.375,34.29968311453146
Laura,Braunwald,5193,1305.375,26.149768653699297
Laura,Braunwald,5193,1306.375,12.384615384615385
Laura,Braunwald,5193,1308.8125,28.942703186137503
Laura,Braunwald,5193,1310.8125,32.50887478917356
Laura,Braunwald,5193,1447.5625,30.17707728065078
Laura,Braunwald,5193,1532.875,25.744938672971774
Laura,Braunwald,5193,1535.875,NA
Laura,Braunwald,5193,1538.875,NA
Laura,Braunwald,5193,1550.875,NA
Laura,Braunwald,5193,1553.3125,61.07371975239167
Laura,Braunwald,5193,1559.3125,34.35180586106578
Laura,Braunwald,5193,1563.3125,39.99235181644359
Laura,Braunwald,5193,1685.0625,43.99799412806203
Laura,Braunwald,5193,1692.0625,32.82025103597382
Laura,Braunwald,5193,1765.375,29.1516452074392
Laura,Braunwald,5193,2143.625,32.9041525624312
Laura,Braunwald,5193,2330.25,NA
Laura,Braunwald,5193,2346.6875,NA
Laura,Braunwald,5193,2570.75,26.303821062441752
Adam,Brown,3073,825.8125,7.081530782029949
Adam,Brown,3073,839.8125,7.1996464073654005
Adam,Brown,3073,855.25,9.21368954913941
Adam,Brown,3073,867.25,9.033846153846154
Adam,Brown,3073,882.25,9.33341999847717
Adam,Brown,3073,894.6875,9.294325477185575
Adam,Brown,3073,916.125,9.55984106323217
Adam,Brown,3073,930.125,14.487331452677346
Adam,Brown,3073,944.5625,13.493207738118407
Adam,Brown,3073,957.5625,11.529411764705882
Adam,Brown,3073,975,10.956115180739761
Adam,Brown,3073,990,13.302322186412765
Adam,Brown,3073,1008.4375,15.506024096385541
Adam,Brown,3073,1022.4375,13.79975825946817
Adam,Brown,3073,1036.875,13.567058703182232
Adam,Brown,3073,1050.875,13.429718875502008
Adam,Brown,3073,1064.875,NA
Adam,Brown,3073,1078.3125,15.980263157894736
Adam,Brown,3073,1093.3125,15.599645704162976
Adam,Brown,3073,1106.75,15.35047357255968
Adam,Brown,3073,1120.75,17.196518245731504
Adam,Brown,3073,1135.1875,18.109345597924452
Adam,Brown,3073,1152.1875,19.935723114956737
Adam,Brown,3073,1165.625,21.59444885225179
Adam,Brown,3073,1177.625,18.84320207557434
Adam,Brown,3073,1191.0625,19.09448011654886
Adam,Brown,3073,1205.0625,NA
Adam,Brown,3073,1218.5,23.612796373779638
Adam,Brown,3073,1235.5,22.093599298553265
Adam,Brown,3073,1248.9375,25.655341358854123
Adam,Brown,3073,1262.9375,28.54417446215999
Adam,Brown,3073,1276.9375,27.56631734577406
Adam,Brown,3073,1287.375,26.233942165745216
Adam,Brown,3073,1315.8125,23.487412751941022
Adam,Brown,3073,1340.25,23.439645963680757
Adam,Brown,3073,1353.25,26.894352419460024
Adam,Brown,3073,1365.25,21.289901664145233
Adam,Brown,3073,1385.6875,25.976
Adam,Brown,3073,1415.125,30.255598222612317
Adam,Brown,3073,1431.5625,26.18979557919229
Adam,Brown,3073,1444.5625,27.405856988860943
Adam,Brown,3073,1475,27.165857302951064
Adam,Brown,3073,1506.4375,23.84377087242772
Adam,Brown,3073,1538.875,28.690682096742012
Adam,Brown,3073,1561.3125,31.450004183750313
Adam,Brown,3073,1583.75,29.200415443778315
Adam,Brown,3073,1595.75,27.713363490717185
Adam,Brown,3073,1624.1875,30.262616357663674
Adam,Brown,3073,1667.625,29.65790315943487
Adam,Brown,3073,1675.0625,25.469196958068792
Adam,Brown,3073,1703.0625,35.45596269781461
Adam,Brown,3073,1736.9375,28.98434311388541
Adam,Brown,3073,1767.375,40.06013874958207
Adam,Brown,3073,1788.375,34.47696964482648
Adam,Brown,3073,1899.125,27.297587131367294
Eve,Brown,3088,547.875,7.143801652892562
Eve,Brown,3088,578.3125,11.253588516746412
Eve,Brown,3088,608.75,8.832816006876461
Eve,Brown,3088,639.1875,14.667446366507422
Eve,Brown,3088,669.625,17.5406162464986
Eve,Brown,3088,700.0625,20.404418609461946
Eve,Brown,3088,730.5,16.755105187733687
Eve,Brown,3088,760.9375,22.437420007738783
Eve,Brown,3088,791.375,21.752474487838565
Eve,Brown,3088,821.8125,26.832612129953976
Sarah,Brown,3095,826.8125,NA
Sarah,Brown,3095,828.8125,NA
Sarah,Brown,3095,840.8125,11.447027939246203
Sarah,Brown,3095,843.8125,14.542224935144208
Sarah,Brown,3095,847.8125,NA
Sarah,Brown,3095,849.8125,9.505078673641785
Sarah,Brown,3095,862.25,8.511111111111111
Sarah,Brown,3095,864.25,NA
Sarah,Brown,3095,869.25,10.038359398052522
Sarah,Brown,3095,871.25,NA
Sarah,Brown,3095,878.25,NA
Sarah,Brown,3095,889.6875,8.11398212992031
Sarah,Brown,3095,897.6875,NA
Sarah,Brown,3095,907.6875,7.6216456634544105
Sarah,Brown,3095,912.6875,NA
Sarah,Brown,3095,917.125,18.9
Sarah,Brown,3095,926.125,12.416068580542264
Sarah,Brown,3095,933.125,10.222222222222221
Sarah,Brown,3095,943.125,7.488372093023256
Sarah,Brown,3095,948.5625,NA
Sarah,Brown,3095,955.5625,12.364117841774247
Sarah,Brown,3095,961.5625,11.906264219626877
Sarah,Brown,3095,971.5625,11.048780487804878
Sarah,Brown,3095,976,13.694902406670458
Sarah,Brown,3095,999,11.780209545983702
Sarah,Brown,3095,1004.4375,NA
Sarah,Brown,3095,1010.4375,10.355900086132644
Sarah,Brown,3095,1018.4375,NA
Sarah,Brown,3095,1024.4375,11.927461139896373
Sarah,Brown,3095,1033.4375,17.849601215343714
Sarah,Brown,3095,1039.875,11.654135338345865
Sarah,Brown,3095,1045.875,15.018134715025907
Sarah,Brown,3095,1054.875,NA
Sarah,Brown,3095,1058.875,10.988586479367866
Sarah,Brown,3095,1067.3125,13.326315789473684
Sarah,Brown,3095,1082.3125,11.166759995520215
Sarah,Brown,3095,1088.3125,14.865556076959173
Sarah,Brown,3095,1095.3125,10.915476469210956
Sarah,Brown,3095,1113.75,20.291704649042842
Sarah,Brown,3095,1122.75,18.549668176551144
Sarah,Brown,3095,1129.1875,19.26100911541918
Sarah,Brown,3095,1136.1875,16.193480546792852
Sarah,Brown,3095,1143.1875,NA
Sarah,Brown,3095,1150.1875,15.655835716142448
Sarah,Brown,3095,1158.625,NA
Sarah,Brown,3095,1166.625,20.874279905116907
Sarah,Brown,3095,1172.625,17.642151481888035
Sarah,Brown,3095,1179.625,23.984703632887186
Sarah,Brown,3095,1194.0625,28.70806209313971
Sarah,Brown,3095,1200.0625,12.088458685130885
Sarah,Brown,3095,1207.0625,16.252703022650145
Sarah,Brown,3095,1215.0625,16.646305598684812
Sarah,Brown,3095,1218.5,19.20551386731017
Sarah,Brown,3095,1226.5,16.502967359050448
Sarah,Brown,3095,1233.5,18.17622612728999
Sarah,Brown,3095,1243.5,19.571252566735115
Sarah,Brown,3095,1248.9375,24.217391304347824
Sarah,Brown,3095,1254.9375,23.392101430651934
Sarah,Brown,3095,1260.9375,NA
Sarah,Brown,3095,1267.9375,38.429758738110266
Sarah,Brown,3095,1284.375,18.820966304733478
Sarah,Brown,3095,1294.375,24.408163265306122
Sarah,Brown,3095,1301.375,21.000738578412406
Sarah,Brown,3095,1308.375,18.626055173614134
Sarah,Brown,3095,1317.8125,24.298076923076923
Sarah,Brown,3095,1324.8125,25.963251950667
Sarah,Brown,3095,1331.8125,21.894736842105264
Sarah,Brown,3095,1338.8125,17.93451581290603
Sarah,Brown,3095,1345.25,23.269887513150444
Sarah,Brown,3095,1351.25,19.793528786267657
Sarah,Brown,3095,1359.25,21.225872992485634
Sarah,Brown,3095,1366.25,17.77007874015748
Sarah,Brown,3095,1372.6875,18.74058769513315
Sarah,Brown,3095,1387.6875,14.17729700123237
Sarah,Brown,3095,1395.6875,24.342493682663804
Sarah,Brown,3095,1401.125,20.398815399802565
Sarah,Brown,3095,1409.125,22.501999111506
Sarah,Brown,3095,1416.125,22.342588637334472
Sarah,Brown,3095,1430.125,16.28486646884273
Sarah,Brown,3095,1439.5625,20.946564885496183
Sarah,Brown,3095,1446.5625,29.01732811626607
Sarah,Brown,3095,1459.5625,15.465214761040533
Sarah,Brown,3095,1466,18.318926974664677
Sarah,Brown,3095,1475,23.489720104543938
Sarah,Brown,3095,1489,NA
Sarah,Brown,3095,1495.4375,16.808823529411764
Sarah,Brown,3095,1502.4375,24.79111896608859
Sarah,Brown,3095,1509.4375,33.21310199953319
Sarah,Brown,3095,1519.4375,24.09520426287744
Sarah,Brown,3095,1522.875,24.28312078019505
Sarah,Brown,3095,1530.875,25.09366875974883
Sarah,Brown,3095,1537.875,NA
Sarah,Brown,3095,1544.875,26.63597049096922
Sarah,Brown,3095,1549.875,17.564924114671165
Sarah,Brown,3095,1559.3125,24.01292008349845
Sarah,Brown,3095,1565.3125,21.925406718572653
Sarah,Brown,3095,1571.3125,13.89535504538174
Sarah,Brown,3095,1578.3125,25.65210608424337
Sarah,Brown,3095,1583.75,26.590033720494567
Sarah,Brown,3095,1593.75,21.016930932545012
Sarah,Brown,3095,1600.75,25.137093076570384
Sarah,Brown,3095,1607.75,18.82561307901907
Sarah,Brown,3095,1617.1875,28.662538904854575
Sarah,Brown,3095,1621.1875,24.781003531177973
Sarah,Brown,3095,1627.1875,NA
Sarah,Brown,3095,1635.1875,23.97333026784688
Sarah,Brown,3095,1642.1875,21.310946076848566
Sarah,Brown,3095,1648.625,25.979695431472084
Sarah,Brown,3095,1653.625,22.425140824192113
Sarah,Brown,3095,1660.625,26.777984807223735
Sarah,Brown,3095,1667.625,23.506302258829404
Sarah,Brown,3095,1674.0625,21.45924353114766
Sarah,Brown,3095,1685.0625,30.973770961731404
Sarah,Brown,3095,1691.0625,33.7434725848564
Sarah,Brown,3095,1698.0625,31.84973888620705
Sarah,Brown,3095,1711.5,37.861951588502265
Sarah,Brown,3095,1717.5,24.17283950617284
Sarah,Brown,3095,1724.5,30.25648213034338
Sarah,Brown,3095,1738.9375,29.83495694077772
Sarah,Brown,3095,1746.9375,40.03065539112051
Sarah,Brown,3095,1753.9375,NA
Sarah,Brown,3095,1760.9375,29.26240634640811
Sarah,Brown,3095,1771.375,25.935441078929916
Sarah,Brown,3095,1786.375,27.454144770300047
Sarah,Brown,3095,1792.375,25.33194356910845
Sarah,Brown,3095,1799.8125,38.56490337692758
Sarah,Brown,3095,1808.8125,24.234705680649217
Sarah,Brown,3095,1814.8125,26.76648292953895
Sarah,Brown,3095,1821.8125,26.28196981731533
Sarah,Brown,3095,1828.25,25.639344262295083
Sarah,Brown,3095,1836.25,25.693057273931657
Sarah,Brown,3095,1842.25,28.756258841333025
Sarah,Brown,3095,1851.25,28.7268464759976
Sarah,Brown,3095,1856.25,26.252951096121414
Sarah,Brown,3095,1862.6875,29.317483540599852
Shem,Clark,2563,807.375,11.464435146443515
Shem,Clark,2563,814.375,13.71175769950655
Shem,Clark,2563,823.8125,14.15215366189061
Shem,Clark,2563,837.8125,14.8370666893791
Shem,Clark,2563,842.8125,12.715626010999676
Shem,Clark,2563,849.8125,17.475245067626258
Shem,Clark,2563,856.25,13.683393550113744
Shem,Clark,2563,872.25,11.72740501212611
Shem,Clark,2563,877.25,NA
Shem,Clark,2563,884.6875,14.108384121232088
Shem,Clark,2563,891.6875,14.705882352941176
Shem,Clark,2563,898.6875,18.764219904995528
Shem,Clark,2563,905.6875,17.796238538250453
Shem,Clark,2563,912.6875,18.46899326173229
Shem,Clark,2563,919.125,18.35164524784635
Shem,Clark,2563,940.125,13.606638720164257
Shem,Clark,2563,953.5625,12.823747938279407
Shem,Clark,2563,961.5625,17.75625
Shem,Clark,2563,969.5625,14.452375817698224
Shem,Clark,2563,977,12.895238095238096
Shem,Clark,2563,989,19.453849132923104
Shem,Clark,2563,994,NA
Shem,Clark,2563,1003,19.895465787304204
Shem,Clark,2563,1005.4375,18.675469045843137
Shem,Clark,2563,1014.4375,19.624843423799582
Shem,Clark,2563,1023.4375,15.125
Shem,Clark,2563,1031.4375,29.270468528159014
Shem,Clark,2563,1036.875,26.238316811652844
Shem,Clark,2563,1048.875,20.9009088405398
Shem,Clark,2563,1059.875,21.27509150452707
Shem,Clark,2563,1066.3125,22.01682990757346
Shem,Clark,2563,1075.3125,23.51822503961965
Shem,Clark,2563,1093.3125,19.053055835446997
Shem,Clark,2563,1100.75,17.693452852301164
Shem,Clark,2563,1108.75,20.20591471684594
Shem,Clark,2563,1115.75,NA
Shem,Clark,2563,1131.1875,21.22417778873717
Shem,Clark,2563,1139.1875,20.568359868587315
Shem,Clark,2563,1153.1875,22.50373599003736
Shem,Clark,2563,1158.625,19.84863560982964
Geraldine,Cornell,3972,547.875,21.3933970996606
Geraldine,Cornell,3972,578.3125,12.777777777777779
Geraldine,Cornell,3972,623.75,21.70189701897019
Geraldine,Cornell,3972,715.0625,19.83259227153501
Geraldine,Cornell,3972,791.375,25.904891406987723
Geraldine,Cornell,3972,852.25,25.86126100178739
Geraldine,Cornell,3972,885.6875,21.033333333333335
Geraldine,Cornell,3972,6939.75,25.99495071376859
Trevor,Demetras1,3141,757.5,17.199421442777076
Trevor,Demetras1,3141,758.5,13.415956501485573
Trevor,Demetras1,3141,759.5,14.771958991410363
Trevor,Demetras1,3141,765.9375,22.129468599033817
Trevor,Demetras1,3141,917.125,17.112069724447576
Trevor,Demetras1,3141,918.125,15.906082571698708
Trevor,Demetras1,3141,920.125,24.112676056338028
Trevor,Demetras1,3141,925.125,22.94898586355255
Trevor,Demetras1,3141,977,21.4580814717477
Trevor,Demetras1,3141,979,17.201425277719554
Trevor,Demetras1,3141,981,17.66616435194613
Trevor,Demetras1,3141,984,18.2644697929869
Trevor,Demetras1,3141,1038.875,26.854938271604937
Trevor,Demetras1,3141,1076.3125,22.00820173550536
Trevor,Demetras1,3141,1079.3125,NA
Trevor,Demetras1,3141,1102.75,21.00589449138035
Trevor,Demetras1,3141,1103.75,24.496635693687917
Trevor,Demetras1,3141,1104.75,22.96
Trevor,Demetras1,3141,1143.1875,19.94783993629305
Trevor,Demetras1,3141,1191.0625,23.42222222222222
Trevor,Demetras1,3141,1199.0625,25.986468790920995
Trevor,Demetras1,3141,1422.125,26.216262295081965
Trevor,Demetras1,3141,1423.125,28.613402061855666
Trevor,Demetras1,3141,1424.125,28.799125670964525
Trevor,Demetras1,3141,1457.5625,27.836228451546077
Jimmy,Demetras2,3371,806.375,19.25748502994012
Jimmy,Demetras2,3371,811.375,16.95279683273882
Jimmy,Demetras2,3371,815.375,17.304923558444685
Jimmy,Demetras2,3371,878.25,19.3080443914979
Jimmy,Demetras2,3371,880.25,18.715532761758322
Jimmy,Demetras2,3371,881.25,17.79287022685642
Jimmy,Demetras2,3371,882.25,20.21263974446726
Jimmy,Demetras2,3371,942.125,26.148834238262538
Jimmy,Demetras2,3371,945.5625,28.636308322307105
Jimmy,Demetras2,3371,947.5625,29.07865101144151
Jimmy,Demetras2,3371,948.5625,23.76853452659412
Jimmy,Demetras2,3371,1018.4375,22.84442945095724
Jimmy,Demetras2,3371,1020.4375,26.015860833972887
Jimmy,Demetras2,3371,1026.4375,24.09685555742391
Jimmy,Demetras2,3371,1027.4375,30.13133900215142
Michael,Demetras2,3376,790.9375,21.241958713394144
Michael,Demetras2,3376,809.375,13.07865168539326
Michael,Demetras2,3376,811.375,NA
Michael,Demetras2,3376,813.375,25.19073550699662
Tim,Demetras2,3379,790.9375,18.393939393939394
Tim,Demetras2,3379,792.375,15.504273504273504
Tim,Demetras2,3379,797.375,16.400614408631693
Steven,Feldman,3825,427.125,8.461538461538462
Steven,Feldman,3825,436.125,6.7019818938096405
Steven,Feldman,3825,446.125,3.52
Steven,Feldman,3825,456.125,NA
Steven,Feldman,3825,461.5625,9.538461538461538
Steven,Feldman,3825,471.5625,6.038054968287526
Steven,Feldman,3825,503,NA
Steven,Feldman,3825,700.0625,11.884615384615385
Steven,Feldman,3825,783.9375,15.015623107666224
Steven,Feldman,3825,804.375,13.941215989250924
Steven,Feldman,3825,811.375,16.65573770491803
Steven,Feldman,3825,832.8125,15.483870967741936
Steven,Feldman,3825,847.8125,17.426320122309775
Charlie,Gleason,4739,1082.3125,26.451293616987364
Charlie,Gleason,4739,1096.75,17.240796221626532
Charlie,Gleason,4739,1103.75,27.074219243899353
Guy,Gleason,4752,1100.75,22.64705882352941
Guy,Gleason,4752,1115.75,21.699160167966404
Guy,Gleason,4752,1130.1875,24.41037979034198
Isadora,Gleason,4760,1285.375,31.926891991182952
Isadora,Gleason,4760,1299.375,32.04140067238318
Isadora,Gleason,4760,1309.8125,29.839590443686003
Katie,Gleason,4768,1158.625,29.546289401836685
Katie,Gleason,4768,1177.625,18.434647504369778
Katie,Gleason,4768,1186.625,12.300636635186919
Laurel,Gleason,4772,1071.3125,NA
Laurel,Gleason,4772,1115.75,21.314102564102566
Laurel,Gleason,4772,1118.75,17.313318428617055
Martin,Gleason,4775,908.6875,14.388059701492537
Martin,Gleason,4775,925.125,20.81358727017891
Martin,Gleason,4775,936.125,15.781230207518348
Nanette,Gleason,4778,764.9375,17.135101789019124
Nanette,Gleason,4778,780.9375,15.85372616984402
Nanette,Gleason,4778,797.375,15.200482072913529
Olivia,Gleason,4782,1168.625,21.824515974025108
Olivia,Gleason,4782,1185.625,10.57777777777778
Olivia,Gleason,4782,1203.0625,21.600293497202603
Patricia,Gleason,4786,891.6875,18.634789640657722
Patricia,Gleason,4786,912.6875,16.334156494743524
Patricia,Gleason,4786,913.125,24.37854889589905
Richard,Gleason,4827,992,15.360983606557378
Richard,Gleason,4827,1024.4375,NA
Susan,Gleason,4790,1159.625,19.871794871794872
Susan,Gleason,4790,1177.625,19.67884961054524
Susan,Gleason,4790,1339.25,25.21627164995442
Ursula,Gleason,4832,1308.8125,24.286699885013416
Ursula,Gleason,4832,1333.8125,28.78157531091663
Victor,Gleason,4796,843.8125,16.684197089609395
Victor,Gleason,4796,867.25,18.92613544528851
Victor,Gleason,4796,885.6875,15.150882098943127
William,Gleason,4804,807.375,13.534883720930232
William,Gleason,4804,842.8125,12.702406480819633
William,Gleason,4804,1452.5625,18.324374332819357
April,Higginson,2727,669.625,8.08130081300813
April,Higginson,2727,760.9375,16.369098712446352
April,Higginson,2727,1004.4375,20.023853211009172
April,Higginson,2727,1034.875,24.288659793814432
April,Higginson,2727,1065.3125,27.143617021276594
June,Higginson,2732,456.5625,NA
June,Higginson,2732,487,5.280916759509788
June,Higginson,2732,517.4375,5.5018587360594795
June,Higginson,2732,547.875,4
June,Higginson,2732,578.3125,6.873646209386282
June,Higginson,2732,608.75,7.684848484848485
June,Higginson,2732,639.1875,6.571428571428571
Abe,Kuczaj,3143,876.25,20.274927395934174
Abe,Kuczaj,3143,882.6875,29.32794457274827
Abe,Kuczaj,3143,889.6875,17.37760314341847
Abe,Kuczaj,3143,892.6875,12.625
Abe,Kuczaj,3143,896.6875,13.760690741496997
Abe,Kuczaj,3143,898.6875,12.881761006289306
Abe,Kuczaj,3143,902.6875,17.21951219512195
Abe,Kuczaj,3143,904.6875,14.356875979269615
Abe,Kuczaj,3143,905.6875,21.733333333333334
Abe,Kuczaj,3143,908.6875,34.321365752715984
Abe,Kuczaj,3143,911.6875,16.327868852459016
Abe,Kuczaj,3143,917.125,14.129488574537541
Abe,Kuczaj,3143,919.125,14.454545454545455
Abe,Kuczaj,3143,923.125,17.08779443254818
Abe,Kuczaj,3143,927.125,21.789754219721647
Abe,Kuczaj,3143,931.125,14.970090179122916
Abe,Kuczaj,3143,943.5625,16.172295643661283
Abe,Kuczaj,3143,947.5625,17.867403314917127
Abe,Kuczaj,3143,950.5625,14.779441567214594
Abe,Kuczaj,3143,954.5625,16.042758902430723
Abe,Kuczaj,3143,957.5625,14.946704051400225
Abe,Kuczaj,3143,958.5625,13.774386138169412
Abe,Kuczaj,3143,961.5625,20.206666666666663
Abe,Kuczaj,3143,969.5625,15.571051860533256
Abe,Kuczaj,3143,975,13.832258064516129
Abe,Kuczaj,3143,980,13.575757575757576
Abe,Kuczaj,3143,982,15.395677106307897
Abe,Kuczaj,3143,988,15.93174000094591
Abe,Kuczaj,3143,992,15.298999787188762
Abe,Kuczaj,3143,996,18.80827113666952
Abe,Kuczaj,3143,999,14.81253879577902
Abe,Kuczaj,3143,1003,19.77901085645356
Abe,Kuczaj,3143,1005.4375,14.690489913544669
Abe,Kuczaj,3143,1009.4375,19.53684210526316
Abe,Kuczaj,3143,1012.4375,18.394354329049925
Abe,Kuczaj,3143,1015.4375,13.740560574473013
Abe,Kuczaj,3143,1020.4375,16.906285361588314
Abe,Kuczaj,3143,1023.4375,16.6
Abe,Kuczaj,3143,1027.4375,19.88172484599589
Abe,Kuczaj,3143,1031.4375,20.569092657903177
Abe,Kuczaj,3143,1034.4375,18.049586776859503
Abe,Kuczaj,3143,1037.875,20.439560439560438
Abe,Kuczaj,3143,1040.875,18.1611027177115
Abe,Kuczaj,3143,1041.875,16.770642201834864
Abe,Kuczaj,3143,1046.875,15.15518482957273
Abe,Kuczaj,3143,1049.875,18.266548200799644
Abe,Kuczaj,3143,1054.875,17.318307157415177
Abe,Kuczaj,3143,1056.875,15.553963683095741
Abe,Kuczaj,3143,1061.875,18.017094017094017
Abe,Kuczaj,3143,1064.875,16.548780487804876
Abe,Kuczaj,3143,1067.3125,15.93984962406015
Abe,Kuczaj,3143,1071.3125,30.770268582136165
Abe,Kuczaj,3143,1075.3125,20.06834764939503
Abe,Kuczaj,3143,1078.3125,19.475364889928233
Abe,Kuczaj,3143,1083.3125,21.547284412741014
Abe,Kuczaj,3143,1086.3125,23.548667298661787
Abe,Kuczaj,3143,1090.3125,20.11186619373427
Abe,Kuczaj,3143,1095.3125,23.70967741935484
Abe,Kuczaj,3143,1102.75,22.79826693437599
Abe,Kuczaj,3143,1111.75,30.427244582043343
Abe,Kuczaj,3143,1120.75,27.534136822083205
Abe,Kuczaj,3143,1124.75,23.46766355140187
Abe,Kuczaj,3143,1127.1875,19.617021276595743
Abe,Kuczaj,3143,1131.1875,20.58287636177524
Abe,Kuczaj,3143,1134.1875,17.670338201756515
Abe,Kuczaj,3143,1137.1875,21.428571428571427
Abe,Kuczaj,3143,1141.1875,27.90967404436584
Abe,Kuczaj,3143,1144.1875,20.56574252696173
Abe,Kuczaj,3143,1148.1875,31.11938809444629
Abe,Kuczaj,3143,1152.1875,22.926437183295473
Abe,Kuczaj,3143,1154.1875,23.68831168831169
Abe,Kuczaj,3143,1157.625,25.587195902688862
Abe,Kuczaj,3143,1161.625,26.923479887745557
Abe,Kuczaj,3143,1163.625,33.180780461906025
Abe,Kuczaj,3143,1165.625,24.78490106544901
Abe,Kuczaj,3143,1174.625,20.47854902134052
Abe,Kuczaj,3143,1177.625,29.125516295453483
Abe,Kuczaj,3143,1182.625,23.620205032618827
Abe,Kuczaj,3143,1185.625,22.50420168067227
Abe,Kuczaj,3143,1188.0625,24.21847639309385
Abe,Kuczaj,3143,1191.0625,20.451014991325497
Abe,Kuczaj,3143,1195.0625,26.8650268804415
Abe,Kuczaj,3143,1198.0625,33.516129032258064
Abe,Kuczaj,3143,1202.0625,23.42184525529985
Abe,Kuczaj,3143,1205.0625,22.584269662921347
Abe,Kuczaj,3143,1212.0625,28.042158338877414
Abe,Kuczaj,3143,1215.0625,30.98701298701299
Abe,Kuczaj,3143,1218.5,26.37443915703603
Abe,Kuczaj,3143,1221.5,29.229993041057757
Abe,Kuczaj,3143,1225.5,24.695652173913043
Abe,Kuczaj,3143,1229.5,24.48015699956389
Abe,Kuczaj,3143,1232.5,33.419553542542864
Abe,Kuczaj,3143,1236.5,32.84531976100907
Abe,Kuczaj,3143,1243.5,28.107870115575125
Abe,Kuczaj,3143,1247.5,34.70516008703761
Abe,Kuczaj,3143,1250.9375,26.312675739067377
Abe,Kuczaj,3143,1253.9375,29.35578947368421
Abe,Kuczaj,3143,1260.9375,33.09831265891055
Abe,Kuczaj,3143,1264.9375,26.08935546875
Abe,Kuczaj,3143,1270.9375,19.80392156862745
Abe,Kuczaj,3143,1271.9375,30.50985786336543
Abe,Kuczaj,3143,1276.9375,29.39658179281479
Abe,Kuczaj,3143,1281.375,26.821895830819138
Abe,Kuczaj,3143,1282.375,26.607526881720432
Abe,Kuczaj,3143,1288.375,18.509734513274335
Abe,Kuczaj,3143,1291.375,25.955352798053532
Abe,Kuczaj,3143,1294.375,23.504932735426014
Abe,Kuczaj,3143,1297.375,34.40342846011493
Abe,Kuczaj,3143,1300.375,24.602150537634408
Abe,Kuczaj,3143,1304.375,28.576544315129816
Abe,Kuczaj,3143,1307.375,31.23076923076923
Abe,Kuczaj,3143,1312.8125,22.032383160756407
Abe,Kuczaj,3143,1313.8125,27.014287048277147
Abe,Kuczaj,3143,1323.8125,38.03296482762833
Abe,Kuczaj,3143,1329.8125,25.717302052785925
Abe,Kuczaj,3143,1330.8125,19.900892414476942
Abe,Kuczaj,3143,1336.8125,27.09373507457595
Abe,Kuczaj,3143,1340.25,25.02685821361649
Abe,Kuczaj,3143,1344.25,25.671232876712327
Abe,Kuczaj,3143,1347.25,33.58845316736034
Abe,Kuczaj,3143,1350.25,30.75649717514124
Abe,Kuczaj,3143,1355.25,20.817313812858053
Abe,Kuczaj,3143,1356.25,23.116514801710363
Abe,Kuczaj,3143,1360.25,32.763995609220636
Abe,Kuczaj,3143,1362.25,31.06120326946268
Abe,Kuczaj,3143,1367.25,26.91979695431472
Abe,Kuczaj,3143,1369.6875,26.26923076923077
Abe,Kuczaj,3143,1374.6875,27.839761134610598
Abe,Kuczaj,3143,1375.6875,26.6207409676784
Abe,Kuczaj,3143,1381.6875,33.2001974008883
Abe,Kuczaj,3143,1383.6875,31.453335631852937
Abe,Kuczaj,3143,1388.6875,36.47946882908379
Abe,Kuczaj,3143,1392.6875,28.046511627906977
Abe,Kuczaj,3143,1394.6875,33.55555555555556
Abe,Kuczaj,3143,1396.6875,34.25447690857682
Abe,Kuczaj,3143,1403.125,34.31818181818182
Abe,Kuczaj,3143,1407.125,36.72727272727273
Abe,Kuczaj,3143,1409.125,38.00127226463104
Abe,Kuczaj,3143,1414.125,32.23027087854674
Abe,Kuczaj,3143,1415.125,31.933240611961054
Abe,Kuczaj,3143,1418.125,30.713438170121517
Abe,Kuczaj,3143,1425.125,37.244232299124896
Abe,Kuczaj,3143,1430.5625,31.482758620689655
Abe,Kuczaj,3143,1432.5625,35.78988326848249
Abe,Kuczaj,3143,1436.5625,39.482694079284066
Abe,Kuczaj,3143,1441.5625,41.5
Abe,Kuczaj,3143,1442.5625,24.74040217825315
Abe,Kuczaj,3143,1446.5625,30.974358974358974
Abe,Kuczaj,3143,1455.5625,19.124880953402375
Abe,Kuczaj,3143,1464,21.627132090440302
Abe,Kuczaj,3143,1476,40.44549125168237
Abe,Kuczaj,3143,1477,31.102686524620538
Abe,Kuczaj,3143,1486,32.75751366120219
Abe,Kuczaj,3143,1491.4375,28.473758690703253
Abe,Kuczaj,3143,1496.4375,28.973807005537232
Abe,Kuczaj,3143,1500.4375,36.80952380952381
Abe,Kuczaj,3143,1506.4375,38.23172905525847
Abe,Kuczaj,3143,1511.4375,39.085911973861236
Abe,Kuczaj,3143,1515.4375,28.036082474226806
Abe,Kuczaj,3143,1520.4375,43.96234309623431
Abe,Kuczaj,3143,1523.875,30.891879131255898
Abe,Kuczaj,3143,1530.875,28.307692307692307
Abe,Kuczaj,3143,1534.875,48.332609912234
Abe,Kuczaj,3143,1540.875,37.281309876328166
Abe,Kuczaj,3143,1545.875,42.59940565726235
Abe,Kuczaj,3143,1553.3125,41.40909090909091
Abe,Kuczaj,3143,1559.3125,41.78835978835979
Abe,Kuczaj,3143,1563.3125,24.804441702652685
Abe,Kuczaj,3143,1567.3125,37.588099208606046
Abe,Kuczaj,3143,1573.3125,43.33211344922233
Abe,Kuczaj,3143,1583.75,31.771435716295205
Abe,Kuczaj,3143,1586.75,29.583979974968713
Abe,Kuczaj,3143,1603.75,35.09307657038056
Abe,Kuczaj,3143,1616.1875,26.394837744318714
Abe,Kuczaj,3143,1627.1875,36.98356651121474
Abe,Kuczaj,3143,1633.1875,42.08962868117798
Abe,Kuczaj,3143,1641.1875,38.677828115491245
Abe,Kuczaj,3143,1644.625,31.157169459962756
Abe,Kuczaj,3143,1648.625,40.34648139847602
Abe,Kuczaj,3143,1655.625,35.10263929618768
Abe,Kuczaj,3143,1657.625,36.663677130044846
Abe,Kuczaj,3143,1662.625,33.58029325513196
Abe,Kuczaj,3143,1670.625,45.54334365325078
Abe,Kuczaj,3143,1677.0625,38.34638633377135
Abe,Kuczaj,3143,1679.0625,33.74938251276141
Abe,Kuczaj,3143,1685.0625,38.38302624232272
Abe,Kuczaj,3143,1704.5,37.71215572582315
Abe,Kuczaj,3143,1706.5,35.77020447906524
Abe,Kuczaj,3143,1711.5,47.16459681651216
Abe,Kuczaj,3143,1718.5,35.597458354799926
Abe,Kuczaj,3143,1724.5,39.944919351719335
Abe,Kuczaj,3143,1731.5,43.52378392905133
Abe,Kuczaj,3143,1734.9375,45.23196621095921
Abe,Kuczaj,3143,1746.9375,33.73796192609183
Abe,Kuczaj,3143,1753.9375,36.38860630722279
Abe,Kuczaj,3143,1758.9375,27.209039548022602
Abe,Kuczaj,3143,1766.375,36.059123891427035
Abe,Kuczaj,3143,1774.375,29.057485211588045
Abe,Kuczaj,3143,1780.375,33.437222446507874
Abe,Kuczaj,3143,1787.375,29.348037672808267
Abe,Kuczaj,3143,1794.375,29.64864864864865
Abe,Kuczaj,3143,1800.8125,41.93017647237493
Abe,Kuczaj,3143,1808.8125,45.86666666666667
Abe,Kuczaj,3143,1816.8125,36.333676622039135
Abe,Kuczaj,3143,1822.8125,26.44755409219191
Abe,Kuczaj,3143,1830.25,34.890134529147986
Abe,Kuczaj,3143,1837.25,42.729715206878026
Ross,MacWhinney,4041,30.4375,NA
Ross,MacWhinney,4041,498,16.08460538722255
Ross,MacWhinney,4041,512,13.083185840707966
Ross,MacWhinney,4041,540.4375,18.763328233494175
Ross,MacWhinney,4041,556.875,9.632155232155231
Ross,MacWhinney,4041,861.25,11.507246376811594
Ross,MacWhinney,4041,896.6875,16.974865456265892
Ross,MacWhinney,4041,921.125,16.3054892601432
Ross,MacWhinney,4041,930.125,18.6318082788671
Ross,MacWhinney,4041,940.125,20.306921041637658
Ross,MacWhinney,4041,953.5625,13.401709401709402
Ross,MacWhinney,4041,961.5625,30.102564102564102
Ross,MacWhinney,4041,979,37
Ross,MacWhinney,4041,991,25.026036990483032
Ross,MacWhinney,4041,1001,50.8
Ross,MacWhinney,4041,1013.4375,41.762996254681646
Ross,MacWhinney,4041,1014.4375,60.984000000000016
Ross,MacWhinney,4041,1019.4375,26.303030303030305
Ross,MacWhinney,4041,1025.4375,18.475256171401956
Ross,MacWhinney,4041,1027.4375,31.066865888254974
Ross,MacWhinney,4041,1029.4375,17.675877440795826
Ross,MacWhinney,4041,1032.4375,14.57129843620844
Ross,MacWhinney,4041,1035.875,25.527912749153817
Ross,MacWhinney,4041,1051.875,19.733252927282777
Ross,MacWhinney,4041,1056.875,28.347394540942933
Ross,MacWhinney,4041,1065.3125,23.01760935408889
Ross,MacWhinney,4041,1066.3125,25.282672571289055
Ross,MacWhinney,4041,1072.3125,18.527080581241744
Ross,MacWhinney,4041,1074.3125,14.140794583291845
Ross,MacWhinney,4041,1079.3125,29.546543049803415
Ross,MacWhinney,4041,1096.75,27.498099722048895
Ross,MacWhinney,4041,1112.75,26.90180496259035
Ross,MacWhinney,4041,1113.75,23.22916391493858
Ross,MacWhinney,4041,1127.1875,30.465422655681614
Ross,MacWhinney,4041,1131.1875,NA
Ross,MacWhinney,4041,1158.625,29.406990014265336
Ross,MacWhinney,4041,1169.625,28.13700411879471
Ross,MacWhinney,4041,1177.625,23.514563106796118
Ross,MacWhinney,4041,1202.0625,38.4047917865007
Ross,MacWhinney,4041,1210.0625,NA
Ross,MacWhinney,4041,1214.0625,25.58841978287093
Ross,MacWhinney,4041,1215.0625,20.39764243614931
Ross,MacWhinney,4041,1216.0625,23.750197628458498
Ross,MacWhinney,4041,1218.5,27.716276124129195
Ross,MacWhinney,4041,1220.5,28.52092112395307
Ross,MacWhinney,4041,1243.5,27.36453870102648
Ross,MacWhinney,4041,1245.5,19.261950589289953
Ross,MacWhinney,4041,1246.5,26.881657885334135
Ross,MacWhinney,4041,1259.9375,19.937964684014872
Ross,MacWhinney,4041,1263.9375,23.719809470439902
Ross,MacWhinney,4041,1269.9375,25.99828846027253
Ross,MacWhinney,4041,1273.9375,40.540848155355
Ross,MacWhinney,4041,1280.375,23.507056798623065
Ross,MacWhinney,4041,1285.375,26.55066079295154
Ross,MacWhinney,4041,1294.375,27.074393102113664
Ross,MacWhinney,4041,1303.375,27.507174287354122
Ross,MacWhinney,4041,1306.375,21.607843137254903
Ross,MacWhinney,4041,1312.8125,36.41479212923972
Ross,MacWhinney,4041,1328.8125,28.015847697453047
Ross,MacWhinney,4041,1334.8125,21.384248210023866
Ross,MacWhinney,4041,1342.25,36.58598504607894
Ross,MacWhinney,4041,1343.25,21.160472386245225
Ross,MacWhinney,4041,1344.25,29.428296438883542
Ross,MacWhinney,4041,1357.25,33.63433236790674
Ross,MacWhinney,4041,1370.6875,34.39080459770115
Ross,MacWhinney,4041,1401.125,27.75078927923692
Ross,MacWhinney,4041,1421.125,32.08011049723757
Ross,MacWhinney,4041,1427.125,28.162129461585
Ross,MacWhinney,4041,1439.5625,34.16423173803527
Ross,MacWhinney,4041,1444.5625,40.271449925261585
Ross,MacWhinney,4041,1458.5625,45.0481904393265
Ross,MacWhinney,4041,1460.5625,34.766171792152704
Ross,MacWhinney,4041,1469,30.196805947545947
Ross,MacWhinney,4041,1480,24.326273241713825
Ross,MacWhinney,4041,1492.4375,57.81647755303404
Ross,MacWhinney,4041,1508.4375,34.278459418673314
Ross,MacWhinney,4041,1522.875,27.674280250717093
Ross,MacWhinney,4041,1525.875,40.791435581344295
Ross,MacWhinney,4041,1544.875,36.61856003380698
Ross,MacWhinney,4041,1557.3125,36.096760967609676
Ross,MacWhinney,4041,1567.3125,28.482544449373787
Ross,MacWhinney,4041,1568.3125,42.197635433209804
Ross,MacWhinney,4041,1586.75,40.32635253054101
Ross,MacWhinney,4041,1621.1875,45.91390134529148
Ross,MacWhinney,4041,1644.625,NA
Ross,MacWhinney,4041,1704.5,42.14165568200806
Ross,MacWhinney,4041,1754.9375,39.140748398648576
Ross,MacWhinney,4041,1792.375,36.59622567328484
Ross,MacWhinney,4041,1820.8125,37.78249141736145
Ross,MacWhinney,4041,1876.6875,41.985031007199375
Ross,MacWhinney,4041,1926.5625,44.392300641613204
Ross,MacWhinney,4041,1990.4375,37.809417040358746
Ross,MacWhinney,4041,2771.8125,27.871826883062838
Ross,MacWhinney,4041,2781.8125,36.018677042801556
Ross,MacWhinney,4041,2791.8125,34.583127650148725
Ross,MacWhinney,4041,2802.25,NA
Alice,McCune,3384,430.125,NA
Alice,McCune,3384,456.5625,7.507805325987145
Alice,McCune,3384,487,6.896551724137931
Alice,McCune,3384,515,8.188795765328628
Alice,McCune,3384,547.875,13.096062992125983
Alice,McCune,3384,578.3125,NA
Alice,McCune,3384,639.1875,14.785622957806506
Alice,McCune,3384,669.625,17.687396221686143
Alice,McCune,3384,700.0625,27.23112544581563
Alice,McCune,3384,730.5,25.65654659981476
Rick,McCune,3395,578.3125,6.232297160812479
Rick,McCune,3395,608.75,NA
Rick,McCune,3395,639.1875,NA
Rick,McCune,3395,669.625,NA
Rick,McCune,3395,700.0625,NA
Rick,McCune,3395,730.5,NA
Emily,Nelson,3136,597.3125,23.008695652173913
Emily,Nelson,3136,628.75,15.480589022757696
Emily,Nelson,3136,642.1875,NA
Emily,Nelson,3136,652.1875,NA
Emily,Nelson,3136,663.1875,NA
Emily,Nelson,3136,664.1875,NA
Emily,Nelson,3136,674.625,7.666666666666667
Emily,Nelson,3136,675.625,15.609846568875401
Emily,Nelson,3136,680.625,16.371605669553887
Emily,Nelson,3136,681.625,NA
Emily,Nelson,3136,682.625,15.486033519553072
Emily,Nelson,3136,685.625,23.971883786316777
Emily,Nelson,3136,688.625,22.679999999999993
Emily,Nelson,3136,690.625,3.3333333333333335
Emily,Nelson,3136,691.625,Inf
Emily,Nelson,3136,692.625,NA
Emily,Nelson,3136,693.625,33.879999999999995
Emily,Nelson,3136,715.0625,NA
Emily,Nelson,3136,720.0625,NA
Emily,Nelson,3136,723.0625,NA
Emily,Nelson,3136,728.0625,19.140154772141017
Emily,Nelson,3136,733.5,NA
Emily,Nelson,3136,737.5,20.189655172413794
Emily,Nelson,3136,743.5,20.243081312410844
Emily,Nelson,3136,745.5,17.681224673570465
Emily,Nelson,3136,753.5,NA
Emily,Nelson,3136,762.9375,22.82603964244073
Emily,Nelson,3136,782.9375,17.93104652177708
Emily,Nelson,3136,787.9375,16.31121281464531
Emily,Nelson,3136,795.375,15.628571428571428
Emily,Nelson,3136,796.375,22.50869379537551
Emily,Nelson,3136,809.375,18.333333333333332
Emily,Nelson,3136,811.375,45.7284057034084
Emily,Nelson,3136,869.25,12.943396226415095
Emily,Nelson,3136,872.25,11.746111244883215
Emily,Nelson,3136,894.6875,16.021490933512425
Emily,Nelson,3136,916.125,18.60319337670018
Emily,Nelson,3136,928.125,15.523809523809524
Emily,Nelson,3136,943.5625,26.38866634098681
Emily,Nelson,3136,946.5625,17.617118142499432
Emily,Nelson,3136,974,24.78685627734769
Abigail,NewEngland,2697,442.125,NA
Abigail,NewEngland,2697,615.75,NA
Abigail,NewEngland,2697,881.25,25.970805426755966
Andrew,NewEngland,2585,427.125,NA
Andrew,NewEngland,2585,432.125,NA
Andrew,NewEngland,2585,441.125,NA
Andrew,NewEngland,2585,597.3125,5.723821443471005
Andrew,NewEngland,2585,609.75,NA
Andrew,NewEngland,2585,974,NA
Andrew,NewEngland,2585,981,29.61849710982659
Anne,NewEngland,2627,435.125,NA
Anne,NewEngland,2627,591.3125,NA
Anne,NewEngland,2627,971.5625,NA
Bryce,NewEngland,2685,420.6875,NA
Bryce,NewEngland,2685,601.3125,NA
Bryce,NewEngland,2685,839.8125,NA
Christina,NewEngland,2591,437.125,NA
Christina,NewEngland,2591,443.125,NA
Christina,NewEngland,2591,585.3125,6.2727272727272725
Christina,NewEngland,2591,611.75,5.266262626262627
Christina,NewEngland,2591,960.5625,NA
Christina,NewEngland,2591,989,42.708730741012474
Christopher,NewEngland,2579,409.6875,4.5177304964539005
Christopher,NewEngland,2579,573.875,NA
Christopher,NewEngland,2579,975,NA
Colin,NewEngland,2676,442.125,NA
Colin,NewEngland,2676,630.75,5.625
Colin,NewEngland,2676,891.6875,13.56313079299691
Daniel,NewEngland,2606,429.125,NA
Daniel,NewEngland,2606,431.125,3.7777777777777777
Daniel,NewEngland,2606,597.3125,NA
Daniel,NewEngland,2606,599.3125,NA
Daniel,NewEngland,2606,920.125,21.48045272478639
David,NewEngland,2618,439.125,NA
David,NewEngland,2618,592.3125,NA
David,NewEngland,2618,1005.4375,22.72916405564607
Elizabeth,NewEngland,2648,436.125,NA
Elizabeth,NewEngland,2648,626.75,NA
Elizabeth,NewEngland,2648,974,24.721417269088764
Erica,NewEngland,2700,427.125,NA
Erica,NewEngland,2700,637.75,NA
Erica,NewEngland,2700,834.8125,8.516580692704496
Erin,NewEngland,2588,421.6875,NA
Erin,NewEngland,2588,594.3125,NA
Erin,NewEngland,2588,906.6875,NA
James,NewEngland,2655,435.125,NA
James,NewEngland,2655,596.3125,NA
James,NewEngland,2655,923.125,15.639157595086848
Jamie,NewEngland,2664,432.125,NA
Jamie,NewEngland,2664,620.75,NA
Jamie,NewEngland,2664,974,24.628642624766385
Jenessa,NewEngland,2694,428.125,NA
Jenessa,NewEngland,2694,601.3125,NA
Jenessa,NewEngland,2694,856.25,18.32894736842105
John,NewEngland,2636,428.125,NA
John,NewEngland,2636,439.125,NA
John,NewEngland,2636,609.75,22.462799223635972
John,NewEngland,2636,965.5625,14.259050683829445
Kate,NewEngland,2645,432.125,NA
Kate,NewEngland,2645,630.75,NA
Kate,NewEngland,2645,937.125,NA
Kristen,NewEngland,2621,435.125,NA
Kristen,NewEngland,2621,614.75,NA
Kristen,NewEngland,2621,955.5625,20.34122179416621
Laura,NewEngland,2679,441.125,NA
Laura,NewEngland,2679,624.75,NA
Laura,NewEngland,2679,974,25.566110397946087
Liam,NewEngland,2709,433.125,NA
Liam,NewEngland,2709,603.3125,NA
Liam,NewEngland,2709,836.8125,12.617454977241241
Lindsay,NewEngland,2597,430.125,NA
Lindsay,NewEngland,2597,597.3125,12.788087336672339
Lindsay,NewEngland,2597,940.125,21.593220338983052
Margaret,NewEngland,2582,414.6875,NA
Margaret,NewEngland,2582,601.3125,NA
Margaret,NewEngland,2582,975,27.21536351165981
Matthew,NewEngland,2630,430.125,NA
Matthew,NewEngland,2630,432.125,NA
Matthew,NewEngland,2630,435.125,NA
Matthew,NewEngland,2630,436.125,NA
Matthew,NewEngland,2630,607.3125,NA
Matthew,NewEngland,2630,615.75,NA
Matthew,NewEngland,2630,621.75,NA
Matthew,NewEngland,2630,887.6875,NA
Matthew,NewEngland,2630,974,17.846153846153847
Max,NewEngland,2652,438.125,NA
Max,NewEngland,2652,594.3125,NA
Max,NewEngland,2652,929.125,NA
Michael,NewEngland,2600,427.125,NA
Michael,NewEngland,2600,435.125,NA
Michael,NewEngland,2600,593.3125,NA
Michael,NewEngland,2600,975,15.012812931204415
Nathan,NewEngland,2658,436.125,NA
Nathan,NewEngland,2658,646.1875,NA
Nathan,NewEngland,2658,944.5625,NA
Sara,NewEngland,2688,432.125,NA
Sara,NewEngland,2688,612.75,NA
Sara,NewEngland,2688,974,NA
Sarah,NewEngland,2670,435.125,NA
Sarah,NewEngland,2670,607.3125,NA
Sarah,NewEngland,2670,923.125,14.863551401869161
Seth,Peters,3291,483.5625,3.9574468085106385
Seth,Peters,3291,489,NA
Seth,Peters,3291,497,4.9743589743589745
Seth,Peters,3291,499,3.2332563510392607
Seth,Peters,3291,504,3.0285714285714285
Seth,Peters,3291,511,3.466666666666667
Seth,Peters,3291,519.4375,3.9902257843808036
Seth,Peters,3291,523.4375,5
Seth,Peters,3291,526.4375,3.474285714285714
Seth,Peters,3291,531.4375,NA
Seth,Peters,3291,533.4375,5.261626067700095
Seth,Peters,3291,540.4375,5.8452554744525544
Seth,Peters,3291,541.4375,3.857142857142857
Seth,Peters,3291,545.4375,4.537634408602151
Seth,Peters,3291,547.875,NA
Seth,Peters,3291,554.875,NA
Seth,Peters,3291,561.875,5.631460674157303
Seth,Peters,3291,568.875,6.221323057161208
Seth,Peters,3291,573.875,3.4527363184079602
Seth,Peters,3291,574.875,4.425196850393701
Seth,Peters,3291,610.75,6.3196683555965
Seth,Peters,3291,618.75,4.47457627118644
Seth,Peters,3291,624.75,5.041254244635503
Seth,Peters,3291,625.75,NA
Seth,Peters,3291,630.75,NA
Seth,Peters,3291,640.1875,5.623287671232877
Seth,Peters,3291,648.1875,7.370558375634518
Seth,Peters,3291,655.1875,4.957943925233645
Seth,Peters,3291,661.1875,6.331081081081081
Seth,Peters,3291,669.625,5.546448087431694
Seth,Peters,3291,674.625,6.702144525444122
Seth,Peters,3291,675.625,6.594277329420396
Seth,Peters,3291,680.625,9.508287292817679
Seth,Peters,3291,685.625,5.780530411306971
Seth,Peters,3291,695.625,6.867457244699613
Seth,Peters,3291,706.0625,NA
Seth,Peters,3291,712.0625,10.186915887850468
Seth,Peters,3291,714.0625,8.231790508325387
Seth,Peters,3291,719.0625,NA
Seth,Peters,3291,720.0625,5.095652173913043
Seth,Peters,3291,725.0625,9.01834862385321
Seth,Peters,3291,730.5,12.770577547761935
Seth,Peters,3291,739.5,13.937578598376586
Seth,Peters,3291,746.5,11.148752055314304
Seth,Peters,3291,747.5,8.43432574430823
Seth,Peters,3291,754.5,12.629383039470744
Seth,Peters,3291,760.5,12.11564878006236
Seth,Peters,3291,763.9375,10.656084656084657
Lew,Post,4717,689.625,7.016683690840995
Lew,Post,4717,720.0625,5.619718309859155
Lew,Post,4717,753.5,4.944277108433735
Lew,Post,4717,782.9375,9.07417268923545
Lew,Post,4717,819.375,4.787307330990571
Lew,Post,4717,846.8125,10.1838839029979
Lew,Post,4717,888.6875,10.83093322400451
Lew,Post,4717,917.125,13.863533182000268
Lew,Post,4717,950.5625,16.026013000273952
Lew,Post,4717,981,12.3285595145659
She,Post,4722,596.3125,5.86006135369754
She,Post,4722,624.75,7.846171145845046
She,Post,4722,659.1875,12.490196078431373
She,Post,4722,693.625,11.53349875930521
She,Post,4722,720.0625,15.418265273031155
She,Post,4722,751.5,11.457208471548864
She,Post,4722,785.9375,14.450583879236683
She,Post,4722,816.375,11.196821137372279
She,Post,4722,853.25,12.699083575478024
She,Post,4722,890.6875,17.757784376067477
Tow,Post,4726,583.3125,7.634334307733191
Tow,Post,4726,612.75,6.630476000399161
Tow,Post,4726,648.1875,6.919660157996722
Tow,Post,4726,684.625,18.76595744680851
Tow,Post,4726,721.0625,11.486605357856858
Tow,Post,4726,754.5,NA
Tow,Post,4726,782.9375,10.812378531918075
Tow,Post,4726,818.375,13.491228070175438
Tow,Post,4726,845.8125,15.640624999999998
Tow,Post,4726,885.6875,16.795321637426902
Alex,Providence,3748,514,4.794044665012407
Alex,Providence,3748,529.4375,3.436823104693141
Alex,Providence,3748,543.4375,NA
Alex,Providence,3748,561.875,5.5
Alex,Providence,3748,585.3125,2.3142857142857145
Alex,Providence,3748,604.3125,4.635219326128417
Alex,Providence,3748,619.75,NA
Alex,Providence,3748,633.75,NA
Alex,Providence,3748,647.1875,4.449434518931323
Alex,Providence,3748,661.1875,NA
Alex,Providence,3748,675.625,NA
Alex,Providence,3748,693.625,NA
Alex,Providence,3748,703.0625,NA
Alex,Providence,3748,717.0625,NA
Alex,Providence,3748,727.0625,NA
Alex,Providence,3748,742.5,NA
Alex,Providence,3748,762.9375,4.508875739644971
Alex,Providence,3748,777.9375,6.041666666666667
Alex,Providence,3748,791.375,4.665216039788623
Alex,Providence,3748,808.375,5.0777777777777775
Alex,Providence,3748,821.8125,5.626086956521739
Alex,Providence,3748,835.8125,6.191088873004527
Alex,Providence,3748,847.8125,6.007448789571694
Alex,Providence,3748,863.25,5.48936170212766
Alex,Providence,3748,877.25,6.661616161616162
Alex,Providence,3748,891.6875,NA
Alex,Providence,3748,905.6875,8.283553875236295
Alex,Providence,3748,919.125,8.68446158530397
Alex,Providence,3748,933.125,10.123570121546058
Alex,Providence,3748,948.5625,8.605263157894736
Alex,Providence,3748,967.5625,NA
Alex,Providence,3748,984,11.307692307692308
Alex,Providence,3748,990,NA
Alex,Providence,3748,1002,NA
Alex,Providence,3748,1017.4375,NA
Alex,Providence,3748,1030.4375,13.437347188264058
Alex,Providence,3748,1045.875,12.52858696966034
Alex,Providence,3748,1059.875,15.7625
Alex,Providence,3748,1073.3125,NA
Alex,Providence,3748,1087.3125,12.6997542997543
Alex,Providence,3748,1101.75,15.970290964777949
Alex,Providence,3748,1129.1875,NA
Alex,Providence,3748,1145.1875,13.64274322169059
Alex,Providence,3748,1156.625,16.216075104171896
Alex,Providence,3748,1170.625,NA
Alex,Providence,3748,1188.0625,NA
Alex,Providence,3748,1200.0625,14.829725317623678
Alex,Providence,3748,1214.0625,NA
Alex,Providence,3748,1227.5,NA
Alex,Providence,3748,1241.5,17.096450972042437
Alex,Providence,3748,1263.9375,13.914893617021276
Ethan,Providence,3764,338.8125,NA
Ethan,Providence,3764,355.8125,NA
Ethan,Providence,3764,371.25,NA
Ethan,Providence,3764,386.25,3.221476510067114
Ethan,Providence,3764,400.6875,3.9022254651587014
Ethan,Providence,3764,412.6875,NA
Ethan,Providence,3764,427.125,NA
Ethan,Providence,3764,444.125,NA
Ethan,Providence,3764,454.125,NA
Ethan,Providence,3764,471.5625,6.661679568073896
Ethan,Providence,3764,487,NA
Ethan,Providence,3764,498,5.333333333333333
Ethan,Providence,3764,513,7.176007270524084
Ethan,Providence,3764,534.4375,6.384823390231536
Ethan,Providence,3764,549.875,NA
Ethan,Providence,3764,567.875,8.140584859251161
Ethan,Providence,3764,578.3125,7.545153001635131
Ethan,Providence,3764,592.3125,7.413043478260869
Ethan,Providence,3764,604.3125,7.8728033472803345
Ethan,Providence,3764,612.75,7.184893229013471
Ethan,Providence,3764,628.75,NA
Ethan,Providence,3764,643.1875,17.18654322119351
Ethan,Providence,3764,657.1875,NA
Ethan,Providence,3764,665.1875,NA
Ethan,Providence,3764,680.625,NA
Ethan,Providence,3764,692.625,NA
Ethan,Providence,3764,710.0625,18.03174603174603
Ethan,Providence,3764,721.0625,16.07592836299136
Ethan,Providence,3764,737.5,NA
Ethan,Providence,3764,755.5,NA
Ethan,Providence,3764,782.9375,14.342776895835879
Ethan,Providence,3764,799.375,15.689655172413794
Ethan,Providence,3764,813.375,12.141757366604725
Ethan,Providence,3764,840.8125,15.785396212243148
Ethan,Providence,3764,854.25,NA
Ethan,Providence,3764,871.25,NA
Ethan,Providence,3764,882.6875,22.775602070672967
Ethan,Providence,3764,897.6875,23.72720146328717
Ethan,Providence,3764,908.6875,28.336336336336338
Ethan,Providence,3764,924.125,15.00510663863022
Ethan,Providence,3764,937.125,NA
Ethan,Providence,3764,952.5625,NA
Ethan,Providence,3764,968.5625,25.560798548094372
Ethan,Providence,3764,984,NA
Ethan,Providence,3764,1004.4375,20.599553571428572
Ethan,Providence,3764,1011.4375,16.245813797722704
Ethan,Providence,3764,1024.4375,NA
Ethan,Providence,3764,1039.875,13.602455036320553
Ethan,Providence,3764,1052.875,15.442532942898973
Ethan,Providence,3764,1066.3125,18.50480431216311
Lily,Providence,3774,397.6875,3.7316409791477794
Lily,Providence,3774,412.6875,NA
Lily,Providence,3774,428.125,NA
Lily,Providence,3774,439.125,NA
Lily,Providence,3774,454.125,NA
Lily,Providence,3774,469.5625,NA
Lily,Providence,3774,479.5625,4.371747211895911
Lily,Providence,3774,482.5625,5.833333333333335
Lily,Providence,3774,510,NA
Lily,Providence,3774,525.4375,3.8461538461538463
Lily,Providence,3774,538.4375,NA
Lily,Providence,3774,558.875,NA
Lily,Providence,3774,565.875,NA
Lily,Providence,3774,579.3125,7.626459143968871
Lily,Providence,3774,597.3125,7.701139984422573
Lily,Providence,3774,611.75,NA
Lily,Providence,3774,622.75,NA
Lily,Providence,3774,635.75,10.00845548526462
Lily,Providence,3774,651.1875,NA
Lily,Providence,3774,664.1875,NA
Lily,Providence,3774,678.625,7.485879137564531
Lily,Providence,3774,691.625,NA
Lily,Providence,3774,707.0625,NA
Lily,Providence,3774,726.0625,10.852153610428775
Lily,Providence,3774,734.5,NA
Lily,Providence,3774,741.5,14.039656599991284
Lily,Providence,3774,753.5,13.71766109785203
Lily,Providence,3774,761.9375,16.139076685339
Lily,Providence,3774,768.9375,10.943687323219336
Lily,Providence,3774,775.9375,13.764044943820224
Lily,Providence,3774,783.9375,9.51578947368421
Lily,Providence,3774,792.375,13.46601099218976
Lily,Providence,3774,806.375,15.15889752127266
Lily,Providence,3774,818.375,15.192417897288957
Lily,Providence,3774,826.8125,11.41317365269461
Lily,Providence,3774,838.8125,12.93979970743783
Lily,Providence,3774,854.25,12.955005550839157
Lily,Providence,3774,861.25,NA
Lily,Providence,3774,868.25,13.018675629523216
Lily,Providence,3774,880.25,NA
Lily,Providence,3774,888.6875,14.995173190099228
Lily,Providence,3774,900.6875,15.615338112099492
Lily,Providence,3774,908.6875,13.404878167730452
Lily,Providence,3774,917.125,14.942011498332032
Lily,Providence,3774,925.125,13.072111961938498
Lily,Providence,3774,931.125,13.443406673982189
Lily,Providence,3774,936.125,14.152541374639261
Lily,Providence,3774,943.5625,21.2332831279009
Lily,Providence,3774,944.5625,18.936082474226804
Lily,Providence,3774,959.5625,14.745762711864407
Lily,Providence,3774,964.5625,16.08021877848678
Lily,Providence,3774,971.5625,NA
Lily,Providence,3774,980,18.96987335798002
Lily,Providence,3774,987,14.326732673267326
Lily,Providence,3774,993,12.896855411075999
Lily,Providence,3774,1008.4375,15.908859532177917
Lily,Providence,3774,1013.4375,NA
Lily,Providence,3774,1022.4375,NA
Lily,Providence,3774,1027.4375,18.782480496344984
Lily,Providence,3774,1042.875,24.10742876818456
Lily,Providence,3774,1059.875,20.455240002107594
Lily,Providence,3774,1062.875,16.10149718063387
Lily,Providence,3774,1071.3125,NA
Lily,Providence,3774,1090.3125,NA
Lily,Providence,3774,1098.75,NA
Lily,Providence,3774,1105.75,15.069708087414261
Lily,Providence,3774,1120.75,23.434168531494183
Lily,Providence,3774,1126.1875,18.45670327445721
Lily,Providence,3774,1147.1875,NA
Lily,Providence,3774,1174.625,16.7717960693233
Lily,Providence,3774,1210.0625,14.763049563642351
Lily,Providence,3774,1237.5,16.705019597926412
Lily,Providence,3774,1275.9375,25.107060629316962
Lily,Providence,3774,1333.8125,NA
Lily,Providence,3774,1362.25,NA
Lily,Providence,3774,1396.6875,17.554530129918778
Lily,Providence,3774,1425.125,17.873918161046873
Lily,Providence,3774,1463,16.05457426660998
Naima,Providence,3789,360.8125,2.4864864864864864
Naima,Providence,3789,379.25,3.094736842105263
Naima,Providence,3789,391.25,NA
Naima,Providence,3789,406.6875,3.6615384615384614
Naima,Providence,3789,419.6875,NA
Naima,Providence,3789,433.125,NA
Naima,Providence,3789,447.125,3.3421889616463987
Naima,Providence,3789,463.5625,3.483451536643026
Naima,Providence,3789,468.5625,NA
Naima,Providence,3789,481.5625,3.5531914893617023
Naima,Providence,3789,490,NA
Naima,Providence,3789,497,3.9240986717267554
Naima,Providence,3789,503,4.379310344827586
Naima,Providence,3789,510,4.537859007832898
Naima,Providence,3789,519.4375,NA
Naima,Providence,3789,528.4375,4.8591603297335295
Naima,Providence,3789,541.4375,6.933333333333334
Naima,Providence,3789,551.875,6.3232323232323235
Naima,Providence,3789,556.875,6.288770053475936
Naima,Providence,3789,567.875,7.220237555535407
Naima,Providence,3789,578.3125,8.372093023255815
Naima,Providence,3789,588.3125,NA
Naima,Providence,3789,595.3125,9.364824968367778
Naima,Providence,3789,601.3125,11.714285714285714
Naima,Providence,3789,609.75,NA
Naima,Providence,3789,616.75,NA
Naima,Providence,3789,626.75,NA
Naima,Providence,3789,629.75,11.624762211832984
Naima,Providence,3789,647.1875,NA
Naima,Providence,3789,649.1875,NA
Naima,Providence,3789,654.1875,8.60216606498195
Naima,Providence,3789,660.1875,13.088752603563991
Naima,Providence,3789,664.1875,NA
Naima,Providence,3789,674.625,9.943010752688172
Naima,Providence,3789,681.625,7.8234313608762935
Naima,Providence,3789,687.625,11.107945988717871
Naima,Providence,3789,696.625,NA
Naima,Providence,3789,707.0625,14.551257588898526
Naima,Providence,3789,716.0625,20.583333333333332
Naima,Providence,3789,722.0625,12.112113557079274
Naima,Providence,3789,726.0625,NA
Naima,Providence,3789,734.5,17.275865201199018
Naima,Providence,3789,742.5,NA
Naima,Providence,3789,747.5,14.903703703703703
Naima,Providence,3789,760.9375,14.904510877574848
Naima,Providence,3789,770.9375,16.89768534048977
Naima,Providence,3789,776.9375,14.06617616835875
Naima,Providence,3789,784.9375,17.559322033898304
Naima,Providence,3789,793.375,13.674189444048402
Naima,Providence,3789,802.375,16.569285012799252
Naima,Providence,3789,808.375,NA
Naima,Providence,3789,827.8125,15.527706079411281
Naima,Providence,3789,837.8125,10.71970438963583
Naima,Providence,3789,845.8125,18.477879153038387
Naima,Providence,3789,863.25,12.395874765611683
Naima,Providence,3789,868.25,17.506452751735768
Naima,Providence,3789,876.25,18.22921121093709
Naima,Providence,3789,879.25,10.972470293010554
Naima,Providence,3789,889.6875,12.869766807582163
Naima,Providence,3789,896.6875,13.818885473073141
Naima,Providence,3789,897.6875,13.961629142515768
Naima,Providence,3789,899.6875,17.616669334835823
Naima,Providence,3789,900.6875,16.162168215925636
Naima,Providence,3789,901.6875,NA
Naima,Providence,3789,909.6875,18.027804595481754
Naima,Providence,3789,924.125,15.645844178379319
Naima,Providence,3789,938.125,NA
Naima,Providence,3789,946.5625,NA
Naima,Providence,3789,956.5625,22.467355957641956
Naima,Providence,3789,963.5625,23.51795496043822
Naima,Providence,3789,970.5625,NA
Naima,Providence,3789,985,18.016806722689076
Naima,Providence,3789,993,15.899121748852538
Naima,Providence,3789,1021.4375,NA
Naima,Providence,3789,1027.4375,NA
Naima,Providence,3789,1035.875,16.358564488324713
Naima,Providence,3789,1042.875,19.212997048891054
Naima,Providence,3789,1052.875,15.67823698539923
Naima,Providence,3789,1061.875,13.86697247706422
Naima,Providence,3789,1079.3125,15.575
Naima,Providence,3789,1088.3125,NA
Naima,Providence,3789,1095.75,11.935483870967742
Naima,Providence,3789,1127.1875,23.043455723542117
Naima,Providence,3789,1175.625,NA
Naima,Providence,3789,1212.0625,19.96418897963403
Naima,Providence,3789,1301.375,19.39686552072801
Naima,Providence,3789,1410.125,18.00559574521715
Violet,Providence,3801,426.125,5.137614678899083
Violet,Providence,3801,440.125,NA
Violet,Providence,3801,465.5625,NA
Violet,Providence,3801,482.5625,Inf
Violet,Providence,3801,494,NA
Violet,Providence,3801,507,4.905109489051095
Violet,Providence,3801,520.4375,2.769230769230769
Violet,Providence,3801,537.4375,Inf
Violet,Providence,3801,550.875,2.6363636363636362
Violet,Providence,3801,565.875,4.6421052631578945
Violet,Providence,3801,582.3125,3.231527093596059
Violet,Providence,3801,600.3125,5.889777029869584
Violet,Providence,3801,613.75,3.682926829268293
Violet,Providence,3801,630.75,8
Violet,Providence,3801,646.1875,9.30232558139535
Violet,Providence,3801,664.1875,6.072992700729927
Violet,Providence,3801,681.625,8.685687057001608
Violet,Providence,3801,696.625,21.619637368022453
Violet,Providence,3801,715.0625,12.838709677419354
Violet,Providence,3801,728.0625,14.12785388127854
Violet,Providence,3801,743.5,11.903727782004289
Violet,Providence,3801,757.5,16.853655451555777
Violet,Providence,3801,770.9375,12.8
Violet,Providence,3801,779.9375,11.337058781919787
Violet,Providence,3801,802.375,12.56338028169014
Violet,Providence,3801,826.8125,13.155068728522338
Violet,Providence,3801,833.8125,13.52568306010929
Violet,Providence,3801,840.8125,13.04220346512661
Violet,Providence,3801,883.6875,16.926437668853726
Violet,Providence,3801,897.6875,19.063547863710113
Violet,Providence,3801,909.6875,19.934634146341462
Violet,Providence,3801,929.125,21.071428571428573
Violet,Providence,3801,940.125,14.466810411212073
Violet,Providence,3801,950.5625,17.730580137659786
Violet,Providence,3801,967.5625,16.99320702276211
Violet,Providence,3801,981,19.780048551911026
Violet,Providence,3801,993,15.197948994737553
Violet,Providence,3801,1012.4375,16.575982412750758
Violet,Providence,3801,1036.875,13.834452679044631
Violet,Providence,3801,1050.875,14.056574448243703
Violet,Providence,3801,1062.875,12.280086393088553
Violet,Providence,3801,1091.3125,13.926279575932037
Violet,Providence,3801,1145.1875,24.518918918918917
Violet,Providence,3801,1217.5,23.664404688463915
Violet,Providence,3801,1241.5,22.23956423095364
Violet,Providence,3801,1278.375,21.48812900402065
Violet,Providence,3801,1299.375,21.37202199144777
Violet,Providence,3801,1330.8125,25.86130381184888
Violet,Providence,3801,1362.25,21.25642673521851
Violet,Providence,3801,1418.125,24.865671641791046
Violet,Providence,3801,1454.5625,21.747306562193927
William,Providence,3810,499,4.699019842218504
William,Providence,3810,514,3.493333333333333
William,Providence,3810,552.875,4.357068426536992
William,Providence,3810,566.875,4.164284421928714
William,Providence,3810,586.3125,3.932781729588187
William,Providence,3810,596.3125,5.129411764705883
William,Providence,3810,610.75,5.690821256038648
William,Providence,3810,622.75,6.545416049121322
William,Providence,3810,637.75,4.478672985781991
William,Providence,3810,651.1875,4.977443609022556
William,Providence,3810,666.1875,5.735537190082645
William,Providence,3810,681.625,6.818310523831996
William,Providence,3810,700.0625,6.623376623376624
William,Providence,3810,715.0625,6.344949584291526
William,Providence,3810,742.5,4.680335871900019
William,Providence,3810,758.5,6.555555555555555
William,Providence,3810,769.9375,6.6
William,Providence,3810,787.9375,7.633138236891329
William,Providence,3810,800.375,7.207796029287038
William,Providence,3810,812.375,6.502209722780234
William,Providence,3810,828.8125,10.290287840219309
William,Providence,3810,840.8125,9.482698961937716
William,Providence,3810,855.25,9.743801652892563
William,Providence,3810,868.25,9.282733011511326
William,Providence,3810,882.6875,12.091528104800954
William,Providence,3810,898.6875,12.787015673482378
William,Providence,3810,911.6875,13.426874999999999
William,Providence,3810,925.125,11.857710181664554
William,Providence,3810,939.125,13.83838383838384
William,Providence,3810,951.5625,16.225517009740415
William,Providence,3810,969.5625,12.97560975609756
William,Providence,3810,982,10.428571428571429
William,Providence,3810,996,13.403225806451612
William,Providence,3810,1009.4375,18.413015437107312
William,Providence,3810,1065.3125,14.29031546437238
William,Providence,3810,1079.3125,15.853333333333333
William,Providence,3810,1106.75,16.295348837209303
William,Providence,3810,1123.75,12.765838648544007
William,Providence,3810,1141.1875,15.455329702916913
William,Providence,3810,1151.1875,21.483870967741936
William,Providence,3810,1177.625,17.330063463668942
William,Providence,3810,1192.0625,8.248062015503875
William,Providence,3810,1212.0625,15.498458952087418
William,Providence,3810,1235.5,17.35722532230133
Naomi,Sachs,4084,455.125,3.8620689655172415
Naomi,Sachs,4084,563.875,5.398480505891452
Naomi,Sachs,4084,608.75,4.396551724137931
Naomi,Sachs,4084,614.75,5.681614349775785
Naomi,Sachs,4084,637.75,4.954669579464773
Naomi,Sachs,4084,646.1875,4.1388577827547595
Naomi,Sachs,4084,649.1875,3.3684210526315788
Naomi,Sachs,4084,665.1875,6.545454545454546
Naomi,Sachs,4084,672.625,7.46918918918919
Naomi,Sachs,4084,679.625,6.389527684415355
Naomi,Sachs,4084,680.625,3.9495029821073557
Naomi,Sachs,4084,683.625,4.962962962962963
Naomi,Sachs,4084,686.625,9.25
Naomi,Sachs,4084,687.625,6.190476190476191
Naomi,Sachs,4084,688.625,5.759742868621937
Naomi,Sachs,4084,689.625,6.272
Naomi,Sachs,4084,692.625,5.451612903225806
Naomi,Sachs,4084,694.625,7.919191919191919
Naomi,Sachs,4084,697.625,4.964703826664337
Naomi,Sachs,4084,702.0625,7.166666666666667
Naomi,Sachs,4084,703.0625,6.532495833867453
Naomi,Sachs,4084,706.0625,7.508771929824562
Naomi,Sachs,4084,709.0625,7.072883657763694
Naomi,Sachs,4084,711.0625,6.309859154929577
Naomi,Sachs,4084,712.0625,6.296296296296297
Naomi,Sachs,4084,716.0625,5.91044776119403
Naomi,Sachs,4084,717.0625,7.648283038501559
Naomi,Sachs,4084,718.0625,5.014640789921689
Naomi,Sachs,4084,720.0625,8.034782608695652
Naomi,Sachs,4084,721.0625,7.084502446982055
Naomi,Sachs,4084,723.0625,7.023326264768252
Naomi,Sachs,4084,729.0625,8.799467908214167
Naomi,Sachs,4084,730.0625,5.767735155018392
Naomi,Sachs,4084,732.5,6.222222222222222
Naomi,Sachs,4084,734.5,2.923076923076923
Naomi,Sachs,4084,735.5,7.0074336283185845
Naomi,Sachs,4084,748.5,7.669902912621359
Naomi,Sachs,4084,749.5,5.5
Naomi,Sachs,4084,756.5,5.378378378378378
Naomi,Sachs,4084,757.5,4.5568148793955245
Naomi,Sachs,4084,758.5,5.116065272351183
Naomi,Sachs,4084,760.9375,6.177777777777778
Naomi,Sachs,4084,761.9375,6.262773722627737
Naomi,Sachs,4084,767.9375,9.128767123287671
Naomi,Sachs,4084,769.9375,7.781778435028612
Naomi,Sachs,4084,777.9375,7.381461018096365
Naomi,Sachs,4084,785.9375,8.431811412280329
Naomi,Sachs,4084,786.9375,7.975628332063977
Naomi,Sachs,4084,791.375,10.947368421052632
Naomi,Sachs,4084,816.375,12.23404255319149
Naomi,Sachs,4084,821.8125,9.149239543726235
Naomi,Sachs,4084,838.8125,12.184575945310831
Naomi,Sachs,4084,840.8125,11.228070175438596
Naomi,Sachs,4084,842.8125,17.355642023346302
Naomi,Sachs,4084,850.8125,12.607763401109057
Naomi,Sachs,4084,856.25,12.212955594461244
Naomi,Sachs,4084,857.25,8.308724832214764
Naomi,Sachs,4084,868.25,7.937141130250832
Naomi,Sachs,4084,882.25,14.86130714943234
Naomi,Sachs,4084,887.6875,9.428571428571429
Naomi,Sachs,4084,890.6875,14.353199268738575
Naomi,Sachs,4084,891.6875,13.12
Naomi,Sachs,4084,903.6875,20.51201239989667
Naomi,Sachs,4084,917.125,16.946992864424058
Naomi,Sachs,4084,918.125,11.487885868896814
Naomi,Sachs,4084,956.5625,7.878372591006424
Naomi,Sachs,4084,959.5625,12.924906557934081
Naomi,Sachs,4084,988,16.237967295426497
Naomi,Sachs,4084,997,16.617062719127386
Naomi,Sachs,4084,1013.4375,15.693970893970894
Naomi,Sachs,4084,1015.4375,10.028846153846153
Naomi,Sachs,4084,1073.3125,15.7758266392677
Naomi,Sachs,4084,1075.3125,5.321098595114543
Naomi,Sachs,4084,1076.3125,19.733333333333334
Naomi,Sachs,4084,1077.3125,15.411452858644486
Naomi,Sachs,4084,1078.3125,19.288272565759478
Naomi,Sachs,4084,1082.3125,14.237011091652072
Naomi,Sachs,4084,1083.3125,19.46148105877705
Naomi,Sachs,4084,1089.3125,6.410256410256411
Naomi,Sachs,4084,1166.625,15.858458354888771
Naomi,Sachs,4084,1213.0625,16.041921397379916
Naomi,Sachs,4084,1214.0625,22.77733639974911
Naomi,Sachs,4084,1217.5,16.724111480439785
Naomi,Sachs,4084,1235.5,12.220183486238533
Naomi,Sachs,4084,1250.9375,30.48810126582278
Naomi,Sachs,4084,1251.9375,11.05179584120983
Naomi,Sachs,4084,1253.9375,16.352660395900603
Naomi,Sachs,4084,1254.9375,20.4888023369036
Naomi,Sachs,4084,1358.25,14.40921698314487
Naomi,Sachs,4084,1702.0625,18.61437908496732
Naomi,Sachs,4084,1703.0625,27.072467019653597
Naomi,Sachs,4084,1737.9375,30.400408232692634
Nathaniel,Snow,4697,900.6875,12.940699498911778
Nathaniel,Snow,4697,913.125,13.86698092362083
Nathaniel,Snow,4697,916.125,10.417425496688741
Nathaniel,Snow,4697,929.125,13.775401069518717
Nathaniel,Snow,4697,935.125,11.542718758765059
Nathaniel,Snow,4697,974,15.844120558714927
Nathaniel,Snow,4697,978,8.39442231075697
Nathaniel,Snow,4697,993,14.575985413623753
Nathaniel,Snow,4697,1114.75,14.711160671918003
Nathaniel,Snow,4697,1116.75,18.069588004076284
Nathaniel,Snow,4697,1132.1875,11.562403697996917
Nathaniel,Snow,4697,1180.625,21.324074074074073
Nathaniel,Snow,4697,1186.625,22.723699421965318
Nathaniel,Snow,4697,1225.5,22.707472745292367
Nathaniel,Snow,4697,1226.5,20.87147038611316
Nathaniel,Snow,4697,1227.5,17.83695652173913
Nathaniel,Snow,4697,1234.5,15.057766799528435
Nathaniel,Snow,4697,1237.5,17.64824120603015
Nathaniel,Snow,4697,1238.5,33.44306418219462
Nathaniel,Snow,4697,1322.8125,30.144575691262347
Nathaniel,Snow,4697,1371.6875,21.374849915952936
Nathaniel,Snow,4697,1373.6875,17.719557195571955
Nina,Suppes,5054,716.0625,6.780952380952381
Nina,Suppes,5054,724.0625,6.561799192669956
Nina,Suppes,5054,729.0625,9.182291666666666
Nina,Suppes,5054,733.5,8.835216205687574
Nina,Suppes,5054,740.5,10.926174496644295
Nina,Suppes,5054,747.5,9.132519803040035
Nina,Suppes,5054,754.5,7.8692493946731235
Nina,Suppes,5054,766.9375,8.99391290775714
Nina,Suppes,5054,775.9375,9.758064516129032
Nina,Suppes,5054,782.9375,10.189137162211555
Nina,Suppes,5054,789.9375,10.38688524590164
Nina,Suppes,5054,797.375,10.640049465594911
Nina,Suppes,5054,803.375,11.009182102860782
Nina,Suppes,5054,819.375,12.697368421052632
Nina,Suppes,5054,826.8125,11.178984676326486
Nina,Suppes,5054,835.8125,13.044294708936265
Nina,Suppes,5054,839.8125,12.513812154696133
Nina,Suppes,5054,849.8125,12.97749196141479
Nina,Suppes,5054,858.25,13.283088933431797
Nina,Suppes,5054,864.25,13.237981724274931
Nina,Suppes,5054,870.25,16.5122399470705
Nina,Suppes,5054,878.25,14.525594494933365
Nina,Suppes,5054,906.6875,12.026315175551149
Nina,Suppes,5054,907.6875,15.300961301454278
Nina,Suppes,5054,908.6875,13.377479932248326
Nina,Suppes,5054,909.6875,14.75220819509673
Nina,Suppes,5054,910.6875,15.373584905660378
Nina,Suppes,5054,1017.4375,17.08695652173913
Nina,Suppes,5054,1025.4375,21.906699167857443
Nina,Suppes,5054,1030.4375,21.547636813558036
Nina,Suppes,5054,1040.875,19.33799429498294
Nina,Suppes,5054,1047.875,19.729304328457943
Nina,Suppes,5054,1055.875,21.254396248534583
Nina,Suppes,5054,1062.875,22.783010068383994
Nina,Suppes,5054,1071.3125,20.47852093529092
Nina,Suppes,5054,1077.3125,24.22089066429945
Nina,Suppes,5054,1081.3125,24.671266882652418
Nina,Suppes,5054,1098.75,25.91991017964072
Nina,Suppes,5054,1105.75,23.762886597938145
Nina,Suppes,5054,1111.75,19.645283018867925
Nina,Suppes,5054,1119.75,23.617513084796627
Nina,Suppes,5054,1130.1875,22.45263157894737
Nina,Suppes,5054,1131.1875,27.883484000573972
Nina,Suppes,5054,1132.1875,24.44859813084112
Nina,Suppes,5054,1133.1875,20.2865407520844
Nina,Suppes,5054,1160.625,22.997055351606583
Nina,Suppes,5054,1168.625,23.83399731025908
Nina,Suppes,5054,1172.625,16.555370061213132
Nina,Suppes,5054,1180.625,21.443840579710145
Nina,Suppes,5054,1188.0625,27.63170267547297
Nina,Suppes,5054,1195.0625,26.158979391560354
Nina,Suppes,5054,1208.0625,16.21557060665647
Aaron,VanHouten,3913,852.25,7.714285714285714
Aaron,VanHouten,3913,1275.9375,24.89207895411433
Adam,VanHouten,3908,852.25,19.020314996576122
Adam,VanHouten,3908,1213.0625,22.681818181818183
Adam,VanHouten,3908,1218.5,42.02447552447553
Anthony,VanHouten,3911,852.25,9.937472479084104
Anthony,VanHouten,3911,1208.0625,19.40101522842639
Brian,VanHouten,3904,852.25,7.914811229428849
Brian,VanHouten,3904,1244.5,33.150279329608935
Brooke,VanHouten,3879,852.25,23.058823529411764
Brooke,VanHouten,3879,1248.9375,31.906263688129652
Danielle,VanHouten,3884,852.25,8.354838709677418
Danielle,VanHouten,3884,1283.375,26.868082705251705
Erica,VanHouten,3881,852.25,5.50332005312085
Erica,VanHouten,3881,1230.5,19.370048309178745
Jessica,VanHouten,3889,852.25,8.123546763838279
Jessica,VanHouten,3889,1226.5,22.266331658291456
Jessica,VanHouten,3889,1229.5,27.953730774119744
Kevin,VanHouten,3906,852.25,12.844036697247706
Kevin,VanHouten,3906,1258.9375,25.743073047858942
Matthew,VanHouten,3877,852.25,18.536184210526315
Matthew,VanHouten,3877,1223.5,25.119835089326614
Nicole,VanHouten,3894,852.25,11.683421792069934
Nicole,VanHouten,3894,1239.5,27.681083233771403
Peter,VanHouten,3916,852.25,7.987460815047021
Peter,VanHouten,3916,1179.625,19.367215041128087
Robert,VanHouten,3920,852.25,8.76487252124646
Robert,VanHouten,3920,1257.9375,25.407407407407405
Sarah,VanHouten,3923,852.25,7.357142857142857
Sarah,VanHouten,3923,1215.0625,27.6126885075403
Stephen,VanHouten,3891,852.25,6.553846153846154
Stephen,VanHouten,3891,1245.5,24.165359942979332
Tommy,VanHouten,3918,852.25,11.777777777777779
Tommy,VanHouten,3918,1243.5,22.021141649048626
