Barbara,Belfast,15170,861.25,15.68
Barbara,Belfast,15170,929.125,12.484655762282834
Barbara,Belfast,15170,951.5625,21.660251841292467
Barbara,Belfast,15170,1016.4375,11.833781471522855
Barbara,Belfast,15170,1062.875,48.275996654586
Barbara,Belfast,15170,1175.625,16.59915611814346
Barbara,Belfast,15170,1190.0625,15.946898723426497
Barbara,Belfast,15170,1237.5,28.116930022573364
Barbara,Belfast,15170,1252.9375,25.79979402677652
Barbara,Belfast,15170,1287.375,29.1788819625169
Barbara,Belfast,15170,1321.8125,26.047652417659428
Barbara,Belfast,15170,1379.6875,20.568409677613015
Barbara,Belfast,15170,1435.5625,21.274755811206983
Barbara,Belfast,15170,1509.4375,20.472966010767273
Courtney,Belfast,15189,1217.5,25.486873914671932
Courtney,Belfast,15189,1272.9375,31.103620059780805
Courtney,Belfast,15189,1296.375,21.283985765124555
Courtney,Belfast,15189,1332.8125,24.4478451804987
Courtney,Belfast,15189,1373.6875,28.016
Courtney,Belfast,15189,1430.5625,23.421056877773296
Courtney,Belfast,15189,1472,27.85341340850594
David,Belfast,15193,733.5,10.380952380952381
David,Belfast,15193,740.5,7.420560747663552
David,Belfast,15193,761.9375,9.743158366980708
David,Belfast,15193,782.9375,8.848484848484848
David,Belfast,15193,810.375,6.804878048780488
David,Belfast,15193,964.5625,18.156769596199524
David,Belfast,15193,998,13.495495495495495
David,Belfast,15193,1097.75,32.14007782101168
David,Belfast,15193,1212.0625,26.49386254258368
David,Belfast,15193,1271.9375,13.454545454545455
David,Belfast,15193,1350.25,30.800000000000004
David,Belfast,15193,1441.5625,22.137553256238586
David,Belfast,15193,1489,29.30043997485858
David,Belfast,15193,1524.875,29.056404849762785
Johnny,Belfast,15203,1276.9375,35.97191887675507
Johnny,Belfast,15203,1289.375,25.169117647058822
Johnny,Belfast,15203,1380.6875,25.732697932377018
Johnny,Belfast,15203,1424.125,16.42485425450566
Johnny,Belfast,15203,1473,35.42168674698795
Johnny,Belfast,15203,1583.75,23.235641438539993
Michelle,Belfast,15210,880.25,25.507514450867053
Michelle,Belfast,15210,963.5625,28.44257112750264
Michelle,Belfast,15210,969.5625,20.880142558301696
Michelle,Belfast,15210,1048.875,24.7245696400626
Michelle,Belfast,15210,1060.875,16.7340816529254
Michelle,Belfast,15210,1069.3125,15.695961995249407
Michelle,Belfast,15210,1153.1875,12.333333333333334
Michelle,Belfast,15210,1212.0625,43.25342797225359
Michelle,Belfast,15210,1299.375,24.582715457866684
Michelle,Belfast,15210,1421.125,27.743547044129894
Michelle,Belfast,15210,1422.125,31.36278135897707
Michelle,Belfast,15210,1440.5625,26.945084601317397
Michelle,Belfast,15210,1546.875,28.618181818181817
Michelle,Belfast,15210,1601.75,24.650248223498494
Rachel,Belfast,15221,907.6875,43.0568278201866
Rachel,Belfast,15221,970.5625,19.728375610524655
Rachel,Belfast,15221,1004,20.287368062648962
Rachel,Belfast,15221,1006.4375,20.140504939626787
Rachel,Belfast,15221,1020.4375,14.221310091314118
Rachel,Belfast,15221,1065.3125,16.70769230769231
Rachel,Belfast,15221,1159.625,25.94805194805195
Stuart,Belfast,15228,1259.9375,22.800354138999555
Stuart,Belfast,15228,1302.375,22.460356138706654
Stuart,Belfast,15228,1328.8125,26.22104959533061
Stuart,Belfast,15228,1365.25,19.41185320458535
Stuart,Belfast,15228,1402.125,28.4882486732373
Stuart,Belfast,15228,1414.125,20.930213631739573
Stuart,Belfast,15228,1497.4375,30.311059077809798
Stuart,Belfast,15228,1583.75,46.51171875
Stuart,Belfast,15228,1586.75,30.26248703903476
Stuart,Belfast,15228,1617.1875,32.925
Jane,Cruttenden,15239,534.4375,62.80615384615386
Jane,Cruttenden,15239,565.875,21.293768545994062
Jane,Cruttenden,15239,597.3125,36.89425124201561
Jane,Cruttenden,15239,688.625,67.62845109967245
Jane,Cruttenden,15239,719.0625,84.52805404391067
Jane,Cruttenden,15239,747.5,60.14814814814815
Jane,Cruttenden,15239,777.9375,38.665725851375946
Jane,Cruttenden,15239,838.8125,39.753846153846155
Jane,Cruttenden,15239,869.25,52.65395894428153
Jane,Cruttenden,15239,870.25,36.83736410028844
Jane,Cruttenden,15239,931.125,54.56461319619215
Jane,Cruttenden,15239,992,42.571129707112966
Jane,Cruttenden,15239,1022.4375,46.431752178121975
Jane,Cruttenden,15239,1052.875,51.55827488434562
Jane,Cruttenden,15239,1083.3125,68.59999999999998
Jane,Cruttenden,15239,1113.75,53.364975450081836
Jane,Cruttenden,15239,1235.5,67.80119284294234
Jane,Cruttenden,15239,1296.375,101.63999999999999
Jane,Cruttenden,15239,1326.8125,67.4862138533961
Lucy,Cruttenden,15240,534.4375,38.24096385542169
Lucy,Cruttenden,15240,565.875,53.68621477532369
Lucy,Cruttenden,15240,597.3125,57.34400000000001
Lucy,Cruttenden,15240,627.75,50.93172119487909
Lucy,Cruttenden,15240,719.0625,54.719019360870526
Lucy,Cruttenden,15240,748.5,60.48864123446207
Lucy,Cruttenden,15240,777.9375,60.54161915621437
Lucy,Cruttenden,15240,838.8125,30.337007874015747
Lucy,Cruttenden,15240,869.25,46.9059829059829
Lucy,Cruttenden,15240,870.25,45.498085845844436
Lucy,Cruttenden,15240,900.6875,35.81015820149875
Lucy,Cruttenden,15240,961.5625,52.897705431015275
Lucy,Cruttenden,15240,992,29.33138258961229
Lucy,Cruttenden,15240,1022.4375,33.96779652754079
Lucy,Cruttenden,15240,1052.875,52.24808178882192
Lucy,Cruttenden,15240,1083.3125,94.64000000000007
Lucy,Cruttenden,15240,1113.75,46.666666666666664
Lucy,Cruttenden,15240,1235.5,80.63999999999997
Lucy,Cruttenden,15240,1296.375,43.36659436008677
Ella,Forrester,14375,365.25,5.801801801801802
Ella,Forrester,14375,395.6875,5.384615384615385
Ella,Forrester,14375,426.125,9.742045843311667
Ella,Forrester,14375,456.5625,8.753871681415928
Ella,Forrester,14375,487,25.537826630424
Ella,Forrester,14375,517.4375,35.98436750085705
Ella,Forrester,14375,578.3125,29.52181974703662
Ella,Forrester,14375,639.1875,39.63127560659775
Ella,Forrester,14375,669.625,17.79807073954984
Ella,Forrester,14375,700.0625,53.92355046528275
Ella,Forrester,14375,730.5,10.754742956513338
Ella,Forrester,14375,760.9375,22.5531914893617
Ella,Forrester,14375,821.8125,27.127182044887782
Ella,Forrester,14375,852.25,20.374057315233784
Ella,Forrester,14375,882.6875,20.961672473867594
Ella,Forrester,14375,913.125,37.30871504546234
Ella,Forrester,14375,943.5625,11.529664528406126
Ella,Forrester,14375,1004.4375,27.207300654004626
Ella,Forrester,14375,1034.875,19.509675617444042
Ella,Forrester,14375,1065.3125,19.108548042042603
Ella,Forrester,14375,1095.75,28.08747396608152
Ella,Forrester,14375,1187.0625,25.314285714285713
Ella,Forrester,14375,1247.9375,38.57239459029435
Ella,Forrester,14375,1308.8125,14.18646695619849
Ella,Forrester,14375,1826.25,56.778718258766624
Barry,Howe,15123,578.3125,6.9361702127659575
Barry,Howe,15123,730.5,13.9590942293645
Eileen,Howe,15125,578.3125,5.790697674418604
Eileen,Howe,15125,730.5,6.630769230769231
Faye,Howe,15129,578.3125,4.6284147335655526
Faye,Howe,15129,730.5,8.607407407407408
Graham,Howe,15131,578.3125,3.2280701754385963
Graham,Howe,15131,730.5,6.2440737489025455
Ian,Howe,15135,578.3125,6.875739644970414
Ian,Howe,15135,730.5,12.507027724049003
Jason,Howe,15138,578.3125,3.716182828906733
Jason,Howe,15138,730.5,4.747586067438451
Kevin,Howe,15141,578.3125,4.0599709483295285
Kevin,Howe,15141,730.5,10.466595970307528
Lucy,Howe,15144,578.3125,4.863636363636363
Lucy,Howe,15144,730.5,4.969608558230003
Melanie,Howe,15147,578.3125,4.940677109651339
Melanie,Howe,15147,730.5,6.052483320978502
Nicola,Howe,15149,578.3125,6.337131630648331
Nicola,Howe,15149,730.5,12.921780986762935
Oliver,Howe,15154,578.3125,10.45748987854251
Oliver,Howe,15154,730.5,8.1796875
Philip,Howe,15158,578.3125,6.064899945916712
Philip,Howe,15158,730.5,11.043108789944235
Richard,Howe,15160,578.3125,3.9797979797979797
Richard,Howe,15160,730.5,12.778627769630187
Sally,Howe,15163,578.3125,5.01122070039532
Sally,Howe,15163,730.5,8.376618502533308
Wayne,Howe,15165,578.3125,4.783505154639175
Wayne,Howe,15165,730.5,4.16056338028169
Yvonne,Howe,15167,578.3125,5.766550210516886
Yvonne,Howe,15167,730.5,9.62174721189591
Lara,Lara,15110,652.1875,6.354166666666667
Lara,Lara,15110,676.625,6.91114245416079
Lara,Lara,15110,680.625,18.27979274611399
Lara,Lara,15110,687.625,5.769651674896569
Lara,Lara,15110,704.0625,7.8015646735001924
Lara,Lara,15110,705.0625,6.394088669950739
Lara,Lara,15110,709.0625,8.699450472030435
Lara,Lara,15110,726.0625,10.454545454545455
Lara,Lara,15110,727.0625,11.50232391848409
Lara,Lara,15110,732.5,10.823507162781901
Lara,Lara,15110,738.5,14.926360725720386
Lara,Lara,15110,747.5,14.726486486486486
Lara,Lara,15110,749.5,13.894290976058931
Lara,Lara,15110,770.9375,10.997605051164816
Lara,Lara,15110,771.9375,13.3224237746044
Lara,Lara,15110,776.9375,14.883720930232558
Lara,Lara,15110,779.9375,12.914549653579677
Lara,Lara,15110,781.9375,12.44090212393256
Lara,Lara,15110,785.9375,11.882161986690472
Lara,Lara,15110,794.375,15.927710843373495
Lara,Lara,15110,795.375,12.526315789473685
Lara,Lara,15110,796.375,11.893491124260356
Lara,Lara,15110,805.375,14.333711691259932
Lara,Lara,15110,808.375,10.8768498043885
Lara,Lara,15110,809.375,15.492537313432836
Lara,Lara,15110,812.375,15.311663479923517
Lara,Lara,15110,837.8125,16.24507192328183
Lara,Lara,15110,844.8125,20
Lara,Lara,15110,868.25,15.100389105058365
Lara,Lara,15110,870.25,13.412608695652173
Lara,Lara,15110,890.6875,12.779077263099733
Lara,Lara,15110,892.6875,15.845771144278608
Lara,Lara,15110,907.6875,17.799766627771294
Lara,Lara,15110,913.125,23.243243243243242
Lara,Lara,15110,920.125,12.333333333333334
Lara,Lara,15110,929.125,22.160311284046692
Lara,Lara,15110,931.125,18.576923076923077
Lara,Lara,15110,932.125,13.238095238095237
Lara,Lara,15110,935.125,14.450593443027705
Lara,Lara,15110,937.125,19.357142857142858
Lara,Lara,15110,938.125,12.86111111111111
Lara,Lara,15110,941.125,15.461538461538462
Lara,Lara,15110,945.5625,20.040816326530614
Lara,Lara,15110,950.5625,18.09729009329187
Lara,Lara,15110,955.5625,17.6049084691209
Lara,Lara,15110,956.5625,15.627642276422764
Lara,Lara,15110,957.5625,19.75741681691526
Lara,Lara,15110,958.5625,17.906825819909606
Lara,Lara,15110,964.5625,9.582606361562206
Lara,Lara,15110,965.5625,11.301655098772024
Lara,Lara,15110,966.5625,8.630637010332508
Lara,Lara,15110,967.5625,10.956521739130435
Lara,Lara,15110,968.5625,22.501382951973852
Lara,Lara,15110,969.5625,26.50589340064335
Lara,Lara,15110,970.5625,23.11603322426378
Lara,Lara,15110,971.5625,16.765906649158413
Lara,Lara,15110,972.5625,14.307692307692308
Lara,Lara,15110,973.5625,10.21058434399118
Lara,Lara,15110,974,8
Lara,Lara,15110,975,17.06190975865687
Lara,Lara,15110,976,20.265353718579945
Lara,Lara,15110,977,16.733219368525116
Lara,Lara,15110,978,23.93230492736259
Lara,Lara,15110,979,28.143737166324435
Lara,Lara,15110,980,9.233418803418804
Lara,Lara,15110,981,10
Lara,Lara,15110,982,36.15677966101695
Lara,Lara,15110,983,16.99841107975431
Lara,Lara,15110,984,18.63127962085308
Lara,Lara,15110,985,23.533729252322217
Lara,Lara,15110,986,24.413001912045893
Lara,Lara,15110,987,17.11111111111111
Lara,Lara,15110,988,13.873873873873872
Lara,Lara,15110,989,19.74
Lara,Lara,15110,990,35.84
Lara,Lara,15110,991,12.571428571428571
Lara,Lara,15110,992,16.301488420752296
Lara,Lara,15110,993,12.284122562674094
Lara,Lara,15110,994,18.204778156996586
Lara,Lara,15110,995,20.21103117505995
Lara,Lara,15110,996,33.635000000000005
Lara,Lara,15110,997,18.195930928363826
Lara,Lara,15110,998,13.047017543859651
Lara,Lara,15110,999,14.666666666666666
Lara,Lara,15110,1e3,12.92715146851353
Lara,Lara,15110,1001,15.304347826086957
Lara,Lara,15110,1002,11.56228492773572
Lara,Lara,15110,1003,17.106035889070146
Lara,Lara,15110,1004,14.575342465753426
Lara,Lara,15110,1004.4375,20.518215023026837
Lara,Lara,15110,1005.4375,16.096039149717082
Lara,Lara,15110,1006.4375,18.285714285714285
Lara,Lara,15110,1007.4375,13.751948972360028
Lara,Lara,15110,1008.4375,18.5
Lara,Lara,15110,1009.4375,16.94289185905225
Lara,Lara,15110,1010.4375,15.135002626510245
Lara,Lara,15110,1011.4375,16.607020547945204
Lara,Lara,15110,1012.4375,15.855334538878843
Lara,Lara,15110,1013.4375,24.862745098039216
Lara,Lara,15110,1014.4375,20.570794816978314
Lara,Lara,15110,1015.4375,18.53474019510253
Lara,Lara,15110,1016.4375,19.1128818061089
Lara,Lara,15110,1017.4375,23.061378082888382
Lara,Lara,15110,1018.4375,20.00849567892193
Lara,Lara,15110,1019.4375,17.896605744125324
Lara,Lara,15110,1020.4375,17.896605744125324
Lara,Lara,15110,1021.4375,18.729832008489677
Lara,Lara,15110,1022.4375,15.285714285714286
Lara,Lara,15110,1023.4375,16.633462282398455
Lara,Lara,15110,1024.4375,26.154798761609907
Lara,Lara,15110,1025.4375,15.82325581395349
Lara,Lara,15110,1026.4375,13.825705768893563
Lara,Lara,15110,1027.4375,13.47785547785548
Lara,Lara,15110,1029.4375,14.285714285714286
Lara,Lara,15110,1030.4375,21.72093564529268
Lara,Lara,15110,1031.4375,13.405405405405405
Lara,Lara,15110,1034.875,10.360624926582872
Lara,Lara,15110,1035.875,10.285714285714286
Lara,Lara,15110,1036.875,11.2
Lara,Lara,15110,1037.875,11.268292682926829
Lara,Lara,15110,1038.875,21.389685579406787
Lara,Lara,15110,1039.875,18.487444608567206
Lara,Lara,15110,1040.875,24.473991169897708
Lara,Lara,15110,1041.875,19.802803570971786
Lara,Lara,15110,1042.875,37.03
Lara,Lara,15110,1043.875,17.525179856115113
Lara,Lara,15110,1044.875,14.603360116873631
Lara,Lara,15110,1046.875,20.939670278582412
Lara,Lara,15110,1047.875,21.663181598841888
Lara,Lara,15110,1048.875,18.368852459016395
Lara,Lara,15110,1049.875,19.532029883961215
Lara,Lara,15110,1050.875,13.855356171832518
Lara,Lara,15110,1051.875,15.121572186144117
Lara,Lara,15110,1052.875,17.36354056902002
Lara,Lara,15110,1053.875,21.485251319767183
Lara,Lara,15110,1054.875,22.97458703939009
Lara,Lara,15110,1055.875,11.82325581395349
Lara,Lara,15110,1056.875,17.343915343915345
Lara,Lara,15110,1057.875,14.746666666666666
Lara,Lara,15110,1058.875,16.66641015775298
Lara,Lara,15110,1059.875,19.84552476147206
Lara,Lara,15110,1060.875,22.333333333333332
Lara,Lara,15110,1061.875,14.332703589539625
Lara,Lara,15110,1062.875,23.88407969682382
Lara,Lara,15110,1063.875,20.908692643485594
Lara,Lara,15110,1064.875,22.659710144927534
Lara,Lara,15110,1065.3125,19.733668341708544
Lara,Lara,15110,1066.3125,18.666666666666668
Lara,Lara,15110,1067.3125,19.816610132399607
Lara,Lara,15110,1068.3125,20.117458255976615
Lara,Lara,15110,1069.3125,21.39865813699485
Lara,Lara,15110,1070.3125,47.915
Lara,Lara,15110,1071.3125,14.946859903381643
Lara,Lara,15110,1072.3125,15.879452054794521
Lara,Lara,15110,1073.3125,18.333333333333332
Lara,Lara,15110,1074.3125,23.6796875
Lara,Lara,15110,1075.3125,19.530249110320284
Lara,Lara,15110,1076.3125,20.6972286972287
Lara,Lara,15110,1077.3125,39
Lara,Lara,15110,1078.3125,30.368338802937956
Lara,Lara,15110,1079.3125,19.450520833333332
Lara,Lara,15110,1081.3125,31.705882352941178
Lara,Lara,15110,1082.3125,7.7
Lara,Lara,15110,1083.3125,43.27272727272728
Lara,Lara,15110,1084.3125,20.517555266579976
Lara,Lara,15110,1085.3125,20.444838280903856
Lara,Lara,15110,1086.3125,22.64168086314594
Lara,Lara,15110,1087.3125,28.49092762487258
Lara,Lara,15110,1088.3125,19.570658682634733
Lara,Lara,15110,1089.3125,17.961068356722496
Lara,Lara,15110,1090.3125,23.8119200145565
Lara,Lara,15110,1091.3125,36.255959849435385
Lara,Lara,15110,1092.3125,Inf
Lara,Lara,15110,1093.3125,16.53886010362694
Lara,Lara,15110,1094.3125,14.666666666666666
Lara,Lara,15110,1095.3125,16.22222222222222
Lara,Lara,15110,1095.75,23.56024311762603
Lara,Lara,15110,1096.75,22.655664345896383
Lara,Lara,15110,1097.75,21.683057178001054
Lara,Lara,15110,1098.75,8.96
Lara,Lara,15110,1099.75,15
Lara,Lara,15110,1100.75,31.34056399132321
Lara,Lara,15110,1101.75,26.02409638554217
Lara,Lara,15110,1102.75,33.69333333333333
Lara,Lara,15110,1103.75,21.3943661971831
Lara,Lara,15110,1104.75,15.664596273291925
Lara,Lara,15110,1105.75,23.179222000235043
Lara,Lara,15110,1106.75,25.49968557414162
Lara,Lara,15110,1107.75,15.89284430061129
Lara,Lara,15110,1108.75,22.22222222222222
Lara,Lara,15110,1109.75,27.49257780122071
Lara,Lara,15110,1110.75,17.766233766233768
Lara,Lara,15110,1111.75,21.249207869490807
Lara,Lara,15110,1112.75,26.97333333333333
Lara,Lara,15110,1113.75,23.299389002036662
Lara,Lara,15110,1114.75,21.139720558882235
Lara,Lara,15110,1115.75,24.413826561552455
Lara,Lara,15110,1116.75,20.9504785684561
Lara,Lara,15110,1117.75,22.5
Lara,Lara,15110,1118.75,20
Lara,Lara,15110,1119.75,71.68
Lara,Lara,15110,1120.75,44.800000000000004
Lara,Lara,15110,1121.75,47.43060498220641
Lara,Lara,15110,1122.75,45
Lara,Lara,15110,1123.75,22.258992805755394
Lara,Lara,15110,1124.75,21.48109643364326
Lara,Lara,15110,1125.75,35.258353352260315
Lara,Lara,15110,1126.1875,43.903999999999996
Lara,Lara,15110,1127.1875,36.586666666666666
Lara,Lara,15110,1128.1875,30.947368421052634
Lara,Lara,15110,1129.1875,23.819178082191783
Lara,Lara,15110,1130.1875,Inf
Lara,Lara,15110,1131.1875,21.255474452554747
Lara,Lara,15110,1132.1875,21.365662671291684
Lara,Lara,15110,1133.1875,20.196721311475407
Lara,Lara,15110,1134.1875,Inf
Lara,Lara,15110,1135.1875,18.649819494584836
Lara,Lara,15110,1136.1875,12.833333333333334
Lara,Lara,15110,1137.1875,14.385521066459082
Lara,Lara,15110,1138.1875,24.641269101414803
Lara,Lara,15110,1139.1875,23.400910219280096
Lara,Lara,15110,1140.1875,20.8
Lara,Lara,15110,1141.1875,45.36000000000001
Lara,Lara,15110,1142.1875,29.825787401574804
Lara,Lara,15110,1143.1875,29.485849056603772
Lara,Lara,15110,1144.1875,19.604925182525726
Lara,Lara,15110,1145.1875,25.70299401197605
Lara,Lara,15110,1146.1875,32.256
Lara,Lara,15110,1147.1875,23.84035476718404
Lara,Lara,15110,1148.1875,22.598228328984042
Lara,Lara,15110,1149.1875,19.684695714800142
Lara,Lara,15110,1150.1875,16.41008515611955
Lara,Lara,15110,1151.1875,18.167172413793104
Lara,Lara,15110,1152.1875,21.234605695334672
Lara,Lara,15110,1153.1875,23.53846153846154
Lara,Lara,15110,1154.1875,32
Lara,Lara,15110,1155.1875,28.822765233529232
Lara,Lara,15110,1156.625,14.181818181818182
Lara,Lara,15110,1157.625,35.598389770305474
Lara,Lara,15110,1158.625,24.263988522238165
Lara,Lara,15110,1159.625,36.20260342827684
Lara,Lara,15110,1160.625,22.906059980630925
Lara,Lara,15110,1163.625,21.285067873303166
Lara,Lara,15110,1164.625,30
Lara,Lara,15110,1165.625,28.637374272101642
Lara,Lara,15110,1166.625,14.335935241399248
Lara,Lara,15110,1167.625,16.632931444160874
Lara,Lara,15110,1168.625,17.92
Lara,Lara,15110,1169.625,28.000000000000007
Lara,Lara,15110,1170.625,40.87591240875913
Lara,Lara,15110,1171.625,25.508251132782636
Lara,Lara,15110,1172.625,14.839156626506023
Lara,Lara,15110,1174.625,19.534142006894
Lara,Lara,15110,1175.625,17.23551774157059
Lara,Lara,15110,1177.625,33.37170263788969
Lara,Lara,15110,1178.625,21.4468085106383
Lara,Lara,15110,1179.625,15.49767441860465
Lara,Lara,15110,1180.625,23.15447154471545
Lara,Lara,15110,1182.625,Inf
Lara,Lara,15110,1183.625,24.181818181818187
Lara,Lara,15110,1184.625,40.82545805207329
Lara,Lara,15110,1185.625,34.02
Lara,Lara,15110,1186.625,37.072391412880684
Lara,Lara,15110,1187.0625,26.97481343283582
Lara,Lara,15110,1189.0625,17.98730427422768
Lara,Lara,15110,1191.0625,21.87743732590529
Lara,Lara,15110,1192.0625,30.03973509933775
Lara,Lara,15110,1193.0625,27.987343532684285
Lara,Lara,15110,1194.0625,21.46722790138304
Lara,Lara,15110,1196.0625,21.38998584386305
Lara,Lara,15110,1197.0625,23.78028784953997
Lara,Lara,15110,1198.0625,38.8952772073922
Lara,Lara,15110,1202.0625,19.015706806282722
Lara,Lara,15110,1203.0625,25.408839779005525
Lara,Lara,15110,1208.0625,40.459999999999994
Lara,Lara,15110,1209.0625,19.61094224924012
Lara,Lara,15110,1212.0625,16.56
Lara,Lara,15110,1216.0625,6.867924528301887
Lara,Lara,15110,1217.0625,15.62363238512035
Anne,Manchester,14970,676.625,13.355555555555556
Anne,Manchester,14970,690.625,11.32522243192235
Anne,Manchester,14970,704.0625,12.40764331210191
Anne,Manchester,14970,706.0625,13.254658385093167
Anne,Manchester,14970,718.0625,17.496296296296297
Anne,Manchester,14970,720.0625,15.641818804757476
Anne,Manchester,14970,745.5,15.06555113313297
Anne,Manchester,14970,747.5,15.00982007513346
Anne,Manchester,14970,759.5,14.204282012818764
Anne,Manchester,14970,768.9375,14.063291139240507
Anne,Manchester,14970,780.9375,17.955555555555556
Anne,Manchester,14970,782.9375,20.461152368758
Anne,Manchester,14970,801.375,20.736401673640167
Anne,Manchester,14970,803.375,20.41541819414719
Anne,Manchester,14970,822.8125,23.861561897024476
Anne,Manchester,14970,841.8125,18.09541340696426
Anne,Manchester,14970,849.8125,20.729706011408513
Anne,Manchester,14970,852.25,22.644298942311416
Anne,Manchester,14970,864.25,20.818666176740766
Anne,Manchester,14970,866.25,20.451371729075586
Anne,Manchester,14970,884.6875,19.18418581665431
Anne,Manchester,14970,886.6875,19.082596872875595
Anne,Manchester,14970,907.6875,24.56642335766423
Anne,Manchester,14970,917.125,26.29090909090909
Anne,Manchester,14970,942.125,25.82058047493404
Anne,Manchester,14970,944.5625,24.458333333333332
Anne,Manchester,14970,956.5625,22.402582311168498
Anne,Manchester,14970,958.5625,26.757615894039734
Anne,Manchester,14970,970.5625,26.008458285274894
Anne,Manchester,14970,971.5625,24.823146944083224
Anne,Manchester,14970,972.5625,26.316756478193163
Anne,Manchester,14970,998,33.1661383553981
Anne,Manchester,14970,1e3,22.168175937904266
Anne,Manchester,14970,1012.4375,31.819882415820416
Anne,Manchester,14970,1014.4375,23.99800507658102
Aran,Manchester,14975,712.0625,9.046080327682331
Aran,Manchester,14975,726.0625,9.404644194756555
Aran,Manchester,14975,732.5,10.406593406593407
Aran,Manchester,14975,739.5,10.091585506018994
Aran,Manchester,14975,760.9375,13.82122905027933
Aran,Manchester,14975,767.9375,13.090404624277456
Aran,Manchester,14975,781.9375,12.242281033396347
Aran,Manchester,14975,788.9375,12.581632653061224
Aran,Manchester,14975,802.375,14.036555852757608
Aran,Manchester,14975,809.375,13.958762886597938
Aran,Manchester,14975,816.375,12.764782447006322
Aran,Manchester,14975,823.8125,16.364590391799148
Aran,Manchester,14975,836.8125,14.568686449470844
Aran,Manchester,14975,865.25,12.581830439912356
Aran,Manchester,14975,872.25,14.9265850945495
Aran,Manchester,14975,879.25,14.46927055756934
Aran,Manchester,14975,885.6875,18.122935779816512
Aran,Manchester,14975,899.6875,16.424870466321245
Aran,Manchester,14975,906.6875,16.79546375050628
Aran,Manchester,14975,923.125,16.21330816422841
Aran,Manchester,14975,930.125,20.57100201547687
Aran,Manchester,14975,950.5625,20.220486979266838
Aran,Manchester,14975,957.5625,21.210084033613445
Aran,Manchester,14975,964.5625,24.96969696969697
Aran,Manchester,14975,971.5625,27.183804322013774
Aran,Manchester,14975,986,25.809033280507133
Aran,Manchester,14975,993,25.529290679806277
Aran,Manchester,14975,1006.4375,28.627450980392158
Aran,Manchester,14975,1029.4375,24.415405942981135
Aran,Manchester,14975,1034.875,22.121141762563305
Aran,Manchester,14975,1041.875,23.025316455696203
Aran,Manchester,14975,1055.875,26.591914745743075
Aran,Manchester,14975,1062.875,30.8163852647736
Becky,Manchester,14978,737.5,9.564963503649635
Becky,Manchester,14978,744.5,9.779742765273312
Becky,Manchester,14978,758.5,8.571428571428571
Becky,Manchester,14978,771.9375,10.78
Becky,Manchester,14978,784.9375,9.433476394849786
Becky,Manchester,14978,790.9375,9.539916317991633
Becky,Manchester,14978,806.375,11.359550561797754
Becky,Manchester,14978,813.375,14.694418556487523
Becky,Manchester,14978,821.375,13.33370334397114
Becky,Manchester,14978,827.8125,19.705239770412884
Becky,Manchester,14978,841.8125,13.479209584565115
Becky,Manchester,14978,848.8125,16.456521739130434
Becky,Manchester,14978,871.25,18.321444924955482
Becky,Manchester,14978,880.25,21.469684721099433
Becky,Manchester,14978,883.6875,21.667125043701198
Becky,Manchester,14978,890.6875,18.87562654547885
Becky,Manchester,14978,911.6875,20.347867524422206
Becky,Manchester,14978,918.125,17.299543841865177
Becky,Manchester,14978,932.125,21.294065841156886
Becky,Manchester,14978,942.125,22.640501070124635
Becky,Manchester,14978,945.5625,22.120581244923134
Becky,Manchester,14978,952.5625,19.3650245309715
Becky,Manchester,14978,969.5625,17.08108108108108
Becky,Manchester,14978,976,18.796752948384132
Becky,Manchester,14978,990,19.357157784743993
Becky,Manchester,14978,1004,24.058252427184467
Becky,Manchester,14978,1010.4375,21.606978246823175
Becky,Manchester,14978,1017.4375,21.261434242165475
Becky,Manchester,14978,1045.875,25.81064452541664
Becky,Manchester,14978,1046.875,24.312708784167068
Becky,Manchester,14978,1059.875,22.93629929221436
Becky,Manchester,14978,1066.3125,24.792604501607716
Becky,Manchester,14978,1073.3125,24.995907532352618
Becky,Manchester,14978,1080.3125,31.597661440340158
Carl,Manchester,14982,630.75,11.256413259927376
Carl,Manchester,14982,641.1875,11.074380165289256
Carl,Manchester,14982,652.1875,9.494791666666666
Carl,Manchester,14982,661.1875,9.2327947336924
Carl,Manchester,14982,667.1875,9.495890410958904
Carl,Manchester,14982,688.625,9.658950524737632
Carl,Manchester,14982,703.0625,10.805970149253731
Carl,Manchester,14982,712.0625,12.678760104852163
Carl,Manchester,14982,715.0625,14.546449320322635
Carl,Manchester,14982,722.0625,11.761316872427983
Carl,Manchester,14982,729.0625,11.0844522785007
Carl,Manchester,14982,736.5,12.15133650048652
Carl,Manchester,14982,756.5,10.961684229987059
Carl,Manchester,14982,763.9375,13.400213143872113
Carl,Manchester,14982,776.9375,16.424955733777733
Carl,Manchester,14982,785.9375,13.873048624874436
Carl,Manchester,14982,806.375,15.746507532772451
Carl,Manchester,14982,813.375,13.393184392051891
Carl,Manchester,14982,819.375,14.79914561390587
Carl,Manchester,14982,825.8125,18.03571303280126
Carl,Manchester,14982,840.8125,13.772307692307692
Carl,Manchester,14982,848.8125,19.74400861682075
Carl,Manchester,14982,862.25,13.808743169398907
Carl,Manchester,14982,890.6875,14.471889217281573
Carl,Manchester,14982,895.6875,14.789167502507523
Carl,Manchester,14982,902.6875,15.241074821100627
Carl,Manchester,14982,909.6875,16.29266770670827
Carl,Manchester,14982,932.125,17.80068728522337
Carl,Manchester,14982,946.5625,19.53236531415389
Carl,Manchester,14982,954.5625,15.94578313253012
Carl,Manchester,14982,975,17.559183673469388
Carl,Manchester,14982,981,14.840797307791872
Carl,Manchester,14982,989,20.650260999254286
Dominic,Manchester,14990,694.625,7.075394750601276
Dominic,Manchester,14990,700.0625,7.207100591715976
Dominic,Manchester,14990,717.0625,11.03033181787338
Dominic,Manchester,14990,724.0625,8.666390807524587
Dominic,Manchester,14990,737.5,8.65179619629021
Dominic,Manchester,14990,751.5,7.377606350271116
Dominic,Manchester,14990,758.5,8.697916666666666
Dominic,Manchester,14990,771.9375,11.704563031709203
Dominic,Manchester,14990,779.9375,11.10162932790224
Dominic,Manchester,14990,786.9375,11.67032967032967
Dominic,Manchester,14990,793.375,10.617433620763254
Dominic,Manchester,14990,800.375,14.176250425314732
Dominic,Manchester,14990,807.375,13.366600133067198
Dominic,Manchester,14990,821.375,14.406147934678195
Dominic,Manchester,14990,835.8125,12.832162686467324
Dominic,Manchester,14990,849.8125,13.963133640552995
Dominic,Manchester,14990,856.25,13.490601297130922
Dominic,Manchester,14990,863.25,13.248630887185104
Dominic,Manchester,14990,877.25,14.162227960598237
Dominic,Manchester,14990,883.6875,14.596291012838801
Dominic,Manchester,14990,890.6875,14.693485439807867
Dominic,Manchester,14990,904.6875,14.472573839662447
Dominic,Manchester,14990,911.6875,14.489334741288278
Dominic,Manchester,14990,926.125,13.708812260536398
Dominic,Manchester,14990,933.125,19.015151959204008
Dominic,Manchester,14990,946.5625,17.86813186813187
Dominic,Manchester,14990,960.5625,19.58705381912336
Dominic,Manchester,14990,967.5625,21.933964177086853
Dominic,Manchester,14990,974,18.147536819067096
Dominic,Manchester,14990,996,20.89879086556708
Dominic,Manchester,14990,1003,17.208065545674735
Dominic,Manchester,14990,1023.4375,19.80158033362599
Dominic,Manchester,14990,1030.4375,19.626673532440783
Dominic,Manchester,14990,1036.875,21.857134457121756
Dominic,Manchester,14990,1050.875,21.739858104420595
Gail,Manchester,14996,727.0625,14.080716128053407
Gail,Manchester,14996,735.5,14.065573770491802
Gail,Manchester,14996,749.5,12.121509331153796
Gail,Manchester,14996,755.5,12.104829976175006
Gail,Manchester,14996,768.9375,17.686274509803923
Gail,Manchester,14996,775.9375,17.05375578497686
Gail,Manchester,14996,796.375,14.470054446460981
Gail,Manchester,14996,803.375,14.868849275700027
Gail,Manchester,14996,817.375,20.69490484960098
Gail,Manchester,14996,824.8125,18.341569911680065
Gail,Manchester,14996,831.8125,19.365269461077844
Gail,Manchester,14996,838.8125,17.41065691514483
Gail,Manchester,14996,859.25,22.0188679245283
Gail,Manchester,14996,866.25,22.75043798094743
Gail,Manchester,14996,873.25,17.991762232742563
Gail,Manchester,14996,880.25,17.601751611726066
Gail,Manchester,14996,900.6875,17.696
Gail,Manchester,14996,901.6875,21.413624388407978
Gail,Manchester,14996,922.125,19.384615384615383
Gail,Manchester,14996,929.125,22.47482014388489
Gail,Manchester,14996,936.125,18.65083979946557
Gail,Manchester,14996,943.5625,19.332011012759406
Gail,Manchester,14996,956.5625,17.676470588235293
Gail,Manchester,14996,963.5625,19.06925423120627
Gail,Manchester,14996,980,22.424137931034483
Gail,Manchester,14996,987,26.20486901080337
Gail,Manchester,14996,1002,19.140934844192635
Gail,Manchester,14996,1008.4375,22.919795640630927
Gail,Manchester,14996,1029.4375,21.133164865892194
Gail,Manchester,14996,1033.4375,22.627309987775938
Gail,Manchester,14996,1042.875,21.293184634448576
Gail,Manchester,14996,1063.875,25.667554203119057
Gail,Manchester,14996,1070.3125,23.75888889380198
Gail,Manchester,14996,1077.3125,23.19548078331034
Joel,Manchester,15001,701.0625,13.209
Joel,Manchester,15001,711.0625,8.894061269895602
Joel,Manchester,15001,722.0625,11.4481772694782
Joel,Manchester,15001,729.0625,11.165217391304347
Joel,Manchester,15001,742.5,12.303571428571429
Joel,Manchester,15001,756.5,13.159090909090908
Joel,Manchester,15001,763.9375,11.861924686192468
Joel,Manchester,15001,770.9375,17.325152824738574
Joel,Manchester,15001,783.9375,15.732059853549826
Joel,Manchester,15001,798.375,26.117306934162688
Joel,Manchester,15001,805.375,16.706933523945676
Joel,Manchester,15001,812.375,18.16015883520847
Joel,Manchester,15001,825.8125,18.240130197396052
Joel,Manchester,15001,832.8125,14.501251877816726
Joel,Manchester,15001,846.8125,24.545454545454547
Joel,Manchester,15001,854.25,19.457950289410963
Joel,Manchester,15001,874.25,21.66837402262475
Joel,Manchester,15001,881.25,26.747633039503757
Joel,Manchester,15001,888.6875,12.522388059701493
Joel,Manchester,15001,895.6875,21.935409703446663
Joel,Manchester,15001,908.6875,17.01906968454821
Joel,Manchester,15001,918.125,20.836010019154266
Joel,Manchester,15001,925.125,22.409309284348765
Joel,Manchester,15001,932.125,26.024844720496894
Joel,Manchester,15001,939.125,22.60591077781777
Joel,Manchester,15001,952.5625,24.484848484848484
Joel,Manchester,15001,959.5625,23.07056714471969
Joel,Manchester,15001,974,25.334934694490315
Joel,Manchester,15001,983,23.1985002205558
Joel,Manchester,15001,997,21.613496091071184
Joel,Manchester,15001,1004.4375,23.257731958762886
Joel,Manchester,15001,1017.4375,22.982969537059248
Joel,Manchester,15001,1024.4375,22.014814814814816
Joel,Manchester,15001,1038.875,28.605719786204624
Joel,Manchester,15001,1045.875,30.414381309712606
John,Manchester,15008,715.0625,8.988137291084515
John,Manchester,15008,729.0625,11.58248885285772
John,Manchester,15008,743.5,14.284030157642222
John,Manchester,15008,748.5,9.140212588080734
John,Manchester,15008,756.5,8.168316831683168
John,Manchester,15008,762.9375,10.567741935483872
John,Manchester,15008,777.9375,9.688622754491018
John,Manchester,15008,784.9375,9.075949367088608
John,Manchester,15008,799.375,13.53475163170744
John,Manchester,15008,812.375,11.017761768724382
John,Manchester,15008,819.375,12.035570532621923
John,Manchester,15008,825.8125,11.445089828447927
John,Manchester,15008,840.8125,13.097429136453528
John,Manchester,15008,847.8125,11.982658682634732
John,Manchester,15008,881.25,10.261403217780726
John,Manchester,15008,888.6875,11.682539682539682
John,Manchester,15008,902.6875,13.590400431441283
John,Manchester,15008,909.6875,10.763440860215054
John,Manchester,15008,922.125,14.049704142011834
John,Manchester,15008,933.125,14.377630278209294
John,Manchester,15008,944.5625,19.33317595215612
John,Manchester,15008,951.5625,18.675
John,Manchester,15008,967.5625,18.272003146818765
John,Manchester,15008,974,19.653531018337887
John,Manchester,15008,988,16.20359281437126
John,Manchester,15008,995,17.63553059414721
John,Manchester,15008,1009.4375,16.907083221115006
John,Manchester,15008,1016.4375,16.801576658681387
John,Manchester,15008,1023.4375,12.951309800748458
John,Manchester,15008,1043.875,15.60730729244022
John,Manchester,15008,1051.875,16.71623512946116
John,Manchester,15008,1058.875,17.404104437520143
Liz,Manchester,15014,709.0625,6.7132955261499685
Liz,Manchester,15014,716.0625,8.823853211009174
Liz,Manchester,15014,737.5,9.520128087831655
Liz,Manchester,15014,744.5,10.787564766839377
Liz,Manchester,15014,751.5,9.558959449031674
Liz,Manchester,15014,758.5,14.205013651030033
Liz,Manchester,15014,764.9375,14.435250917992656
Liz,Manchester,15014,785.9375,11.612379781866938
Liz,Manchester,15014,793.375,13.839224155833369
Liz,Manchester,15014,800.375,10.242735042735042
Liz,Manchester,15014,814.375,12.04453781512605
Liz,Manchester,15014,821.375,9.906953195319531
Liz,Manchester,15014,834.8125,12.188190372289649
Liz,Manchester,15014,848.8125,12.814051692755735
Liz,Manchester,15014,855.25,13.764082084215923
Liz,Manchester,15014,862.25,11.660076727328809
Liz,Manchester,15014,876.25,12.558406985411564
Liz,Manchester,15014,883.6875,16.86842105263158
Liz,Manchester,15014,897.6875,14.901797268152409
Liz,Manchester,15014,904.6875,18.509893238434163
Liz,Manchester,15014,918.125,14.783056400655276
Liz,Manchester,15014,925.125,22.577935360698216
Liz,Manchester,15014,939.125,20.446153846153845
Liz,Manchester,15014,946.5625,18.23221757322176
Liz,Manchester,15014,960.5625,21.02
Liz,Manchester,15014,974,22.490037103201868
Liz,Manchester,15014,988,21.614475660889255
Liz,Manchester,15014,995,22.295662797800855
Liz,Manchester,15014,1002,22.366572484728007
Liz,Manchester,15014,1008.4375,16.328034775838578
Liz,Manchester,15014,1022.4375,22.561077111383106
Liz,Manchester,15014,1029.4375,20.872910300197734
Liz,Manchester,15014,1045.875,19.428082359803533
Liz,Manchester,15014,1052.875,18.953306173613285
Nicole,Manchester,15021,755.5,5.7875340490306035
Nicole,Manchester,15021,761.9375,6.074534161490683
Nicole,Manchester,15021,775.9375,5.231810671072971
Nicole,Manchester,15021,782.9375,7.52046783625731
Nicole,Manchester,15021,796.375,6.20125786163522
Nicole,Manchester,15021,803.375,7.595744680851064
Nicole,Manchester,15021,818.375,5.899613899613899
Nicole,Manchester,15021,824.8125,10.634464419908667
Nicole,Manchester,15021,838.8125,8.67357512953368
Nicole,Manchester,15021,852.25,9.32258064516129
Nicole,Manchester,15021,870.25,11.836021694724238
Nicole,Manchester,15021,873.25,12.681818181818182
Nicole,Manchester,15021,881.25,11.266844667818438
Nicole,Manchester,15021,887.6875,11.82249030590263
Nicole,Manchester,15021,908.6875,10.061300209711245
Nicole,Manchester,15021,924.125,15.894177956792385
Nicole,Manchester,15021,929.125,12.520429125770372
Nicole,Manchester,15021,936.125,11.131869818851705
Nicole,Manchester,15021,949.5625,13.081312771732255
Nicole,Manchester,15021,955.5625,20.51824153612936
Nicole,Manchester,15021,994,17.73919077935009
Nicole,Manchester,15021,1003,15.1875
Nicole,Manchester,15021,1007.4375,13.690723710515794
Nicole,Manchester,15021,1013.4375,21.36178966315248
Nicole,Manchester,15021,1021.4375,16.910241387391608
Nicole,Manchester,15021,1035.875,17.86403975860845
Nicole,Manchester,15021,1042.875,19.713870733478576
Nicole,Manchester,15021,1056.875,16.96274663437567
Nicole,Manchester,15021,1063.875,13.73049645390071
Nicole,Manchester,15021,1076.3125,23.931508576259372
Nicole,Manchester,15021,1083.3125,20.38095238095238
Nicole,Manchester,15021,1098.75,23.692307692307693
Nicole,Manchester,15021,1105.75,25.032101756511207
Ruth,Manchester,15027,715.0625,6.699191903934748
Ruth,Manchester,15027,720.0625,7.024001769715739
Ruth,Manchester,15027,735.5,6.5651250807717165
Ruth,Manchester,15027,763.9375,7.535211267605634
Ruth,Manchester,15027,770.9375,7.209876543209877
Ruth,Manchester,15027,777.9375,6.315436241610739
Ruth,Manchester,15027,784.9375,7.06140350877193
Ruth,Manchester,15027,798.375,7.028248587570621
Ruth,Manchester,15027,805.375,7.7405857740585775
Ruth,Manchester,15027,825.8125,6.444444444444445
Ruth,Manchester,15027,827.8125,7.567929262755408
Ruth,Manchester,15027,846.8125,8.012698412698413
Ruth,Manchester,15027,853.25,8.936802973977695
Ruth,Manchester,15027,860.25,9.174807578448787
Ruth,Manchester,15027,867.25,8.719298245614034
Ruth,Manchester,15027,881.25,9.154911008569545
Ruth,Manchester,15027,888.6875,11.573753710717575
Ruth,Manchester,15027,902.6875,9.868852459016393
Ruth,Manchester,15027,909.6875,10.357669804121088
Ruth,Manchester,15027,925.125,10.345991561181435
Ruth,Manchester,15027,932.125,12.402173913043478
Ruth,Manchester,15027,953.5625,18.13645371331509
Ruth,Manchester,15027,960.5625,15.339687949305075
Ruth,Manchester,15027,967.5625,11.085627544331746
Ruth,Manchester,15027,981,18.526881720430108
Ruth,Manchester,15027,995,13.230719914518497
Ruth,Manchester,15027,1006.4375,15.847757796494422
Ruth,Manchester,15027,1013.4375,11.677018633540373
Ruth,Manchester,15027,1027.4375,15.265746329055382
Ruth,Manchester,15027,1043.875,20.43822051433639
Ruth,Manchester,15027,1057.875,20.246616541353383
Ruth,Manchester,15027,1079.3125,17.011991535386787
Ruth,Manchester,15027,1086.3125,22.63681592039801
Warren,Manchester,15033,675.625,9.92274678111588
Warren,Manchester,15033,684.625,9.50530429927415
Warren,Manchester,15033,698.625,11.075268817204302
Warren,Manchester,15033,704.0625,11.278350515463918
Warren,Manchester,15033,726.0625,13.240963855421686
Warren,Manchester,15033,733.5,20.73970358429424
Warren,Manchester,15033,747.5,15.539190991257964
Warren,Manchester,15033,754.5,13.871349806003677
Warren,Manchester,15033,761.9375,12.363636363636363
Warren,Manchester,15033,774.9375,15.328859060402685
Warren,Manchester,15033,788.9375,14.731914893617022
Warren,Manchester,15033,796.375,14.593406593406593
Warren,Manchester,15033,803.375,14.457707028711145
Warren,Manchester,15033,809.375,14.384976525821596
Warren,Manchester,15033,823.8125,18.838323353293415
Warren,Manchester,15033,829.8125,21.476213951195465
Warren,Manchester,15033,846.8125,17.80263157894737
Warren,Manchester,15033,852.25,15.057820228551936
Warren,Manchester,15033,865.25,22.790390956194067
Warren,Manchester,15033,874.25,20.32075471698113
Warren,Manchester,15033,895.6875,24.408973333960397
Warren,Manchester,15033,902.6875,23.18698224852071
Warren,Manchester,15033,909.6875,23.44361070668608
Warren,Manchester,15033,917.125,24.348327837965144
Warren,Manchester,15033,936.125,20.17543859649123
Warren,Manchester,15033,937.125,15.275224856909238
Warren,Manchester,15033,948.5625,19.773983453617323
Warren,Manchester,15033,950.5625,22.859547606522884
Warren,Manchester,15033,951.5625,17.587939698492463
Warren,Manchester,15033,955.5625,19.502682063300966
Warren,Manchester,15033,964.5625,22.367374914324877
Warren,Manchester,15033,984,23.05409088216127
Warren,Manchester,15033,990,27.62285044987489
Warren,Manchester,15033,998,25.57079654796151
Warren,Manchester,15033,1020.4375,26.285119329321887
Warren,Manchester,15033,1024.4375,29.94871794871795
Eleanor,MPI-EVA-Manchester,15058,732.5,18.20436671909573
Eleanor,MPI-EVA-Manchester,15058,733.5,19.132395350869526
Eleanor,MPI-EVA-Manchester,15058,734.5,22.67928420863793
Eleanor,MPI-EVA-Manchester,15058,735.5,17.562658168525633
Eleanor,MPI-EVA-Manchester,15058,736.5,14.787037037037036
Eleanor,MPI-EVA-Manchester,15058,738.5,15.834759378992608
Eleanor,MPI-EVA-Manchester,15058,739.5,14.67354529094181
Eleanor,MPI-EVA-Manchester,15058,740.5,17.786925505788798
Eleanor,MPI-EVA-Manchester,15058,741.5,18.748231016352126
Eleanor,MPI-EVA-Manchester,15058,742.5,15.437502039218247
Eleanor,MPI-EVA-Manchester,15058,744.5,19.48923316768976
Eleanor,MPI-EVA-Manchester,15058,745.5,16.736474694589877
Eleanor,MPI-EVA-Manchester,15058,746.5,18.517768890263753
Eleanor,MPI-EVA-Manchester,15058,747.5,15.041734066645096
Eleanor,MPI-EVA-Manchester,15058,748.5,11.60535136828788
Eleanor,MPI-EVA-Manchester,15058,752.5,14.16739925613992
Eleanor,MPI-EVA-Manchester,15058,753.5,22.91773487930982
Eleanor,MPI-EVA-Manchester,15058,754.5,18.445640473627556
Eleanor,MPI-EVA-Manchester,15058,756.5,21.072832369942198
Eleanor,MPI-EVA-Manchester,15058,757.5,14.508670520231213
Eleanor,MPI-EVA-Manchester,15058,758.5,18.90279357449733
Eleanor,MPI-EVA-Manchester,15058,759.5,12.335852911133811
Eleanor,MPI-EVA-Manchester,15058,760.5,19.265582871408622
Eleanor,MPI-EVA-Manchester,15058,760.9375,20.586674657543746
Eleanor,MPI-EVA-Manchester,15058,762.9375,16.86958196879214
Eleanor,MPI-EVA-Manchester,15058,766.9375,13.779411764705882
Eleanor,MPI-EVA-Manchester,15058,767.9375,18.597560975609756
Eleanor,MPI-EVA-Manchester,15058,768.9375,20.37316963280018
Eleanor,MPI-EVA-Manchester,15058,769.9375,15.987723512143047
Eleanor,MPI-EVA-Manchester,15058,791.375,18.47917282127031
Eleanor,MPI-EVA-Manchester,15058,792.375,15.294956498986068
Eleanor,MPI-EVA-Manchester,15058,793.375,25.754065883436997
Eleanor,MPI-EVA-Manchester,15058,794.375,25.258970509235667
Eleanor,MPI-EVA-Manchester,15058,795.375,22.27821337596671
Eleanor,MPI-EVA-Manchester,15058,796.375,17.68548704622411
Eleanor,MPI-EVA-Manchester,15058,821.8125,25.661447820631714
Eleanor,MPI-EVA-Manchester,15058,822.8125,18.452889120249868
Eleanor,MPI-EVA-Manchester,15058,824.8125,16.903553299492387
Eleanor,MPI-EVA-Manchester,15058,825.8125,23.369680913972132
Eleanor,MPI-EVA-Manchester,15058,826.8125,18.23260244611904
Eleanor,MPI-EVA-Manchester,15058,852.25,24.91361437456807
Eleanor,MPI-EVA-Manchester,15058,853.25,17.604790419161677
Eleanor,MPI-EVA-Manchester,15058,854.25,22.859051543384325
Eleanor,MPI-EVA-Manchester,15058,856.25,23.018728485980727
Eleanor,MPI-EVA-Manchester,15058,857.25,18.441262135922333
Eleanor,MPI-EVA-Manchester,15058,882.6875,23.43261784976422
Eleanor,MPI-EVA-Manchester,15058,883.6875,21.07565462240132
Eleanor,MPI-EVA-Manchester,15058,885.6875,22.127659574468087
Eleanor,MPI-EVA-Manchester,15058,886.6875,17.339848240974938
Eleanor,MPI-EVA-Manchester,15058,887.6875,33.43153456589692
Eleanor,MPI-EVA-Manchester,15058,888.6875,21.246882793017456
Eleanor,MPI-EVA-Manchester,15058,913.125,28.030629282054235
Eleanor,MPI-EVA-Manchester,15058,914.125,18.833333333333332
Eleanor,MPI-EVA-Manchester,15058,915.125,19.658227848101266
Eleanor,MPI-EVA-Manchester,15058,916.125,21.392156862745097
Eleanor,MPI-EVA-Manchester,15058,917.125,23.80135449844173
Eleanor,MPI-EVA-Manchester,15058,945.5625,20.72811930940691
Eleanor,MPI-EVA-Manchester,15058,946.5625,24.363533278679732
Eleanor,MPI-EVA-Manchester,15058,947.5625,18.060574948665298
Eleanor,MPI-EVA-Manchester,15058,948.5625,22.0632044198895
Eleanor,MPI-EVA-Manchester,15058,949.5625,23.832061068702288
Eleanor,MPI-EVA-Manchester,15058,974,26.357708089097304
Eleanor,MPI-EVA-Manchester,15058,975,23.54747919033316
Eleanor,MPI-EVA-Manchester,15058,976,20.266666666666666
Eleanor,MPI-EVA-Manchester,15058,978,27.550796433198688
Eleanor,MPI-EVA-Manchester,15058,984,16.924758301807483
Eleanor,MPI-EVA-Manchester,15058,985,25.113230992754595
Eleanor,MPI-EVA-Manchester,15058,1005.4375,28.3708830548926
Eleanor,MPI-EVA-Manchester,15058,1006.4375,19.556216702414723
Eleanor,MPI-EVA-Manchester,15058,1007.4375,19.892094437917653
Eleanor,MPI-EVA-Manchester,15058,1008.4375,30.631554069268663
Eleanor,MPI-EVA-Manchester,15058,1009.4375,24.015407661031453
Eleanor,MPI-EVA-Manchester,15058,1035.875,31.17391304347826
Eleanor,MPI-EVA-Manchester,15058,1036.875,24.382349978172538
Eleanor,MPI-EVA-Manchester,15058,1037.875,18.077353625558143
Eleanor,MPI-EVA-Manchester,15058,1038.875,17.443101568794727
Eleanor,MPI-EVA-Manchester,15058,1039.875,19.213754940711464
Eleanor,MPI-EVA-Manchester,15058,1066.3125,16.589018691588784
Eleanor,MPI-EVA-Manchester,15058,1068.3125,24.66226964112512
Eleanor,MPI-EVA-Manchester,15058,1069.3125,26.71443161771533
Eleanor,MPI-EVA-Manchester,15058,1070.3125,24.781995551961177
Eleanor,MPI-EVA-Manchester,15058,1071.3125,26.644628099173552
Eleanor,MPI-EVA-Manchester,15058,1074.3125,20.500629813946762
Eleanor,MPI-EVA-Manchester,15058,1095.75,21.403126722533333
Eleanor,MPI-EVA-Manchester,15058,1096.75,27.004560145216274
Eleanor,MPI-EVA-Manchester,15058,1097.75,29.33241045163523
Eleanor,MPI-EVA-Manchester,15058,1098.75,20.6121117494415
Eleanor,MPI-EVA-Manchester,15058,1099.75,19.106175033318525
Eleanor,MPI-EVA-Manchester,15058,1100.75,11.206352807714122
Eleanor,MPI-EVA-Manchester,15058,1101.75,20.371004278882456
Eleanor,MPI-EVA-Manchester,15058,1102.75,26.049725461163554
Eleanor,MPI-EVA-Manchester,15058,1103.75,23.24585507164855
Eleanor,MPI-EVA-Manchester,15058,1104.75,23.971291866028707
Eleanor,MPI-EVA-Manchester,15058,1105.75,23.325615078976725
Eleanor,MPI-EVA-Manchester,15058,1106.75,22.460764151964497
Eleanor,MPI-EVA-Manchester,15058,1109.75,20.21076258992806
Eleanor,MPI-EVA-Manchester,15058,1110.75,20.389033004749173
Eleanor,MPI-EVA-Manchester,15058,1111.75,25.15222826886307
Eleanor,MPI-EVA-Manchester,15058,1112.75,22.17391304347826
Eleanor,MPI-EVA-Manchester,15058,1113.75,25.660110781086942
Eleanor,MPI-EVA-Manchester,15058,1116.75,19.6046511627907
Eleanor,MPI-EVA-Manchester,15058,1117.75,27.972703731911654
Eleanor,MPI-EVA-Manchester,15058,1118.75,24.874598070739548
Eleanor,MPI-EVA-Manchester,15058,1119.75,24.162181557229996
Eleanor,MPI-EVA-Manchester,15058,1120.75,28.817093864427974
Eleanor,MPI-EVA-Manchester,15058,1123.75,27.143260919578005
Eleanor,MPI-EVA-Manchester,15058,1124.75,21.91502348010035
Eleanor,MPI-EVA-Manchester,15058,1125.75,24.39269406392694
Fraser,MPI-EVA-Manchester,15091,731.5,10.74184575557004
Fraser,MPI-EVA-Manchester,15091,732.5,10.601218286119819
Fraser,MPI-EVA-Manchester,15091,733.5,11.174672489082969
Fraser,MPI-EVA-Manchester,15091,735.5,8.958669833729216
Fraser,MPI-EVA-Manchester,15091,736.5,11.360306547954469
Fraser,MPI-EVA-Manchester,15091,738.5,11.271186440677965
Fraser,MPI-EVA-Manchester,15091,739.5,10.401673640167363
Fraser,MPI-EVA-Manchester,15091,740.5,8.473581213307241
Fraser,MPI-EVA-Manchester,15091,742.5,10.201518083048073
Fraser,MPI-EVA-Manchester,15091,743.5,11.077656065480312
Fraser,MPI-EVA-Manchester,15091,745.5,10.071129153245378
Fraser,MPI-EVA-Manchester,15091,746.5,11.156451316031658
Fraser,MPI-EVA-Manchester,15091,748.5,11.523636363636363
Fraser,MPI-EVA-Manchester,15091,749.5,12.163755891459862
Fraser,MPI-EVA-Manchester,15091,750.5,12.324580284115367
Fraser,MPI-EVA-Manchester,15091,751.5,10.329628870207095
Fraser,MPI-EVA-Manchester,15091,753.5,12.425531914893616
Fraser,MPI-EVA-Manchester,15091,754.5,11.738364430880212
Fraser,MPI-EVA-Manchester,15091,756.5,12.19409282700422
Fraser,MPI-EVA-Manchester,15091,757.5,15.376323303316495
Fraser,MPI-EVA-Manchester,15091,758.5,12.201839806012085
Fraser,MPI-EVA-Manchester,15091,760.5,12.695810564663024
Fraser,MPI-EVA-Manchester,15091,760.9375,6.8670872441914135
Fraser,MPI-EVA-Manchester,15091,761.9375,10.985915492957746
Fraser,MPI-EVA-Manchester,15091,762.9375,11.503362483719199
Fraser,MPI-EVA-Manchester,15091,763.9375,13.43334159028982
Fraser,MPI-EVA-Manchester,15091,765.9375,10.755140186915888
Fraser,MPI-EVA-Manchester,15091,766.9375,10.717857999520268
Fraser,MPI-EVA-Manchester,15091,767.9375,14.524927995517775
Fraser,MPI-EVA-Manchester,15091,769.9375,15.099230316377035
Fraser,MPI-EVA-Manchester,15091,770.9375,18.12682926829268
Fraser,MPI-EVA-Manchester,15091,792.375,12.456504101685747
Fraser,MPI-EVA-Manchester,15091,793.375,15.98677576659228
Fraser,MPI-EVA-Manchester,15091,795.375,15.825562889717968
Fraser,MPI-EVA-Manchester,15091,796.375,14.15113088484746
Fraser,MPI-EVA-Manchester,15091,797.375,14.770976128574805
Fraser,MPI-EVA-Manchester,15091,821.8125,16.215451149990173
Fraser,MPI-EVA-Manchester,15091,822.8125,17.353015959738173
Fraser,MPI-EVA-Manchester,15091,824.8125,13.986183074265975
Fraser,MPI-EVA-Manchester,15091,826.8125,13.586308329990642
Fraser,MPI-EVA-Manchester,15091,827.8125,16.169876435470755
Fraser,MPI-EVA-Manchester,15091,853.25,12.219823843195634
Fraser,MPI-EVA-Manchester,15091,854.25,16.209070724221252
Fraser,MPI-EVA-Manchester,15091,855.25,15.437837837837838
Fraser,MPI-EVA-Manchester,15091,856.25,13.08070746086603
Fraser,MPI-EVA-Manchester,15091,857.25,14.70196200560573
Fraser,MPI-EVA-Manchester,15091,858.25,12.876562058966925
Fraser,MPI-EVA-Manchester,15091,882.6875,14.81904761904762
Fraser,MPI-EVA-Manchester,15091,883.6875,16.3489143272463
Fraser,MPI-EVA-Manchester,15091,885.6875,16.43450479233227
Fraser,MPI-EVA-Manchester,15091,886.6875,15.862587455556403
Fraser,MPI-EVA-Manchester,15091,888.6875,17.79641998397008
Fraser,MPI-EVA-Manchester,15091,914.125,16.053005658368974
Fraser,MPI-EVA-Manchester,15091,915.125,15.955870522888334
Fraser,MPI-EVA-Manchester,15091,916.125,17.25229292786135
Fraser,MPI-EVA-Manchester,15091,917.125,15.537926840288888
Fraser,MPI-EVA-Manchester,15091,919.125,15.238661710037174
Fraser,MPI-EVA-Manchester,15091,921.125,15.123907594336426
Fraser,MPI-EVA-Manchester,15091,943.5625,16.828125
Fraser,MPI-EVA-Manchester,15091,945.5625,20.171111411939894
Fraser,MPI-EVA-Manchester,15091,947.5625,19.093604404913172
Fraser,MPI-EVA-Manchester,15091,949.5625,18.868974823936238
Fraser,MPI-EVA-Manchester,15091,950.5625,21.942619157797317
Fraser,MPI-EVA-Manchester,15091,951.5625,16.500647948164147
Fraser,MPI-EVA-Manchester,15091,975,15.011176392631532
Fraser,MPI-EVA-Manchester,15091,976,12.683593066012959
Fraser,MPI-EVA-Manchester,15091,978,18.319870759289177
Fraser,MPI-EVA-Manchester,15091,979,16.730132851010712
Fraser,MPI-EVA-Manchester,15091,980,18.173584905660377
Fraser,MPI-EVA-Manchester,15091,1007.4375,18.88510171653649
Fraser,MPI-EVA-Manchester,15091,1009.4375,18.865168539325843
Fraser,MPI-EVA-Manchester,15091,1011.4375,16.938927730034433
Fraser,MPI-EVA-Manchester,15091,1012.4375,18.399732042527447
Fraser,MPI-EVA-Manchester,15091,1013.4375,19.525780682643425
Fraser,MPI-EVA-Manchester,15091,1034.875,19.76401197082837
Fraser,MPI-EVA-Manchester,15091,1035.875,21.910679611650483
Fraser,MPI-EVA-Manchester,15091,1037.875,17.07894736842105
Fraser,MPI-EVA-Manchester,15091,1039.875,18.158084808946878
Fraser,MPI-EVA-Manchester,15091,1040.875,18.255670103092783
Fraser,MPI-EVA-Manchester,15091,1065.3125,18.96637729549249
Fraser,MPI-EVA-Manchester,15091,1066.3125,16.62875481070713
Fraser,MPI-EVA-Manchester,15091,1067.3125,19.163065146320072
Fraser,MPI-EVA-Manchester,15091,1069.3125,21.09659386852318
Fraser,MPI-EVA-Manchester,15091,1071.3125,21.58680142687277
Fraser,MPI-EVA-Manchester,15091,1095.75,18.765892718250907
Fraser,MPI-EVA-Manchester,15091,1097.75,17.299145299145298
Fraser,MPI-EVA-Manchester,15091,1099.75,19.702059703989278
Fraser,MPI-EVA-Manchester,15091,1100.75,18.897777777777776
Fraser,MPI-EVA-Manchester,15091,1101.75,17.27557513460597
Fraser,MPI-EVA-Manchester,15091,1103.75,19.92375487276337
Fraser,MPI-EVA-Manchester,15091,1105.75,16.739902699608894
Fraser,MPI-EVA-Manchester,15091,1106.75,16.380140767857746
Fraser,MPI-EVA-Manchester,15091,1107.75,18.193979933110366
Fraser,MPI-EVA-Manchester,15091,1108.75,19.268536916734792
Fraser,MPI-EVA-Manchester,15091,1110.75,19.345104333868377
Fraser,MPI-EVA-Manchester,15091,1111.75,18.065132912818203
Fraser,MPI-EVA-Manchester,15091,1113.75,20.407035175879397
Fraser,MPI-EVA-Manchester,15091,1114.75,19.633685869268763
Fraser,MPI-EVA-Manchester,15091,1115.75,17.809172035917026
Fraser,MPI-EVA-Manchester,15091,1116.75,18.48219451371571
Fraser,MPI-EVA-Manchester,15091,1118.75,17.658735283890515
Fraser,MPI-EVA-Manchester,15091,1120.75,23.368050578376064
Fraser,MPI-EVA-Manchester,15091,1121.75,22.803554233193214
Fraser,MPI-EVA-Manchester,15091,1122.75,19.747700046330003
Fraser,MPI-EVA-Manchester,15091,1124.75,19.674385069742936
Fraser,MPI-EVA-Manchester,15091,1125.75,17.68220338983051
Fraser,MPI-EVA-Manchester,15091,1126.1875,19.89119170984456
Fraser,MPI-EVA-Manchester,15091,1128.1875,15.607365959084586
Fraser,MPI-EVA-Manchester,15091,1129.1875,15.902815492353866
Thomas,Thomas,14346,742.5,6.446280991735537
Thomas,Thomas,14346,743.5,5.923076923076923
Thomas,Thomas,14346,746.5,5.030328873727413
Thomas,Thomas,14346,748.5,5.345622119815668
Thomas,Thomas,14346,749.5,6.207339227322272
Thomas,Thomas,14346,750.5,5.712158808933003
Thomas,Thomas,14346,753.5,4.971854304635761
Thomas,Thomas,14346,754.5,6.848261758691207
Thomas,Thomas,14346,755.5,5.170629022279713
Thomas,Thomas,14346,756.5,6.631067961165049
Thomas,Thomas,14346,757.5,5.642276422764228
Thomas,Thomas,14346,760.9375,5.330708661417323
Thomas,Thomas,14346,763.9375,7.131094794158898
Thomas,Thomas,14346,764.9375,4.8875
Thomas,Thomas,14346,765.9375,4.835978242583974
Thomas,Thomas,14346,766.9375,4.709030100334449
Thomas,Thomas,14346,767.9375,4.6652892561983474
Thomas,Thomas,14346,768.9375,5.288782816229117
Thomas,Thomas,14346,769.9375,5.566101694915254
Thomas,Thomas,14346,770.9375,4.2569269521410575
Thomas,Thomas,14346,771.9375,5.344051446945338
Thomas,Thomas,14346,774.9375,4.795580110497237
Thomas,Thomas,14346,775.9375,4.425531914893617
Thomas,Thomas,14346,776.9375,5.560655737704918
Thomas,Thomas,14346,777.9375,6.687747035573122
Thomas,Thomas,14346,778.9375,4.650887573964497
Thomas,Thomas,14346,781.9375,5.564356435643564
Thomas,Thomas,14346,782.9375,5.789490625251468
Thomas,Thomas,14346,783.9375,6.226358300306025
Thomas,Thomas,14346,784.9375,5.132842105263158
Thomas,Thomas,14346,785.9375,4.747922437673131
Thomas,Thomas,14346,788.9375,4.325773195876288
Thomas,Thomas,14346,789.9375,4.852941176470588
Thomas,Thomas,14346,790.9375,5.564356435643564
Thomas,Thomas,14346,791.375,4.913870472337716
Thomas,Thomas,14346,792.375,6.990376684080286
Thomas,Thomas,14346,795.375,5.98710824627695
Thomas,Thomas,14346,796.375,4.8221389037671845
Thomas,Thomas,14346,797.375,4.878787878787879
Thomas,Thomas,14346,798.375,4.662037037037037
Thomas,Thomas,14346,799.375,5.8460568618798465
Thomas,Thomas,14346,802.375,6.022284122562674
Thomas,Thomas,14346,803.375,6.951677364660289
Thomas,Thomas,14346,804.375,6.66382335954507
Thomas,Thomas,14346,805.375,5.852813852813853
Thomas,Thomas,14346,806.375,6.364963503649635
Thomas,Thomas,14346,809.375,6.427350427350428
Thomas,Thomas,14346,810.375,6.807774018412149
Thomas,Thomas,14346,811.375,7.170886075949367
Thomas,Thomas,14346,812.375,6.715166461159063
Thomas,Thomas,14346,813.375,9.474833232261977
Thomas,Thomas,14346,816.375,6.481481481481482
Thomas,Thomas,14346,817.375,5.019390581717452
Thomas,Thomas,14346,818.375,6.090614886731392
Thomas,Thomas,14346,819.375,7.901639344262295
Thomas,Thomas,14346,820.375,7.398778235544821
Thomas,Thomas,14346,823.8125,6.46648057907934
Thomas,Thomas,14346,826.8125,7.773913043478261
Thomas,Thomas,14346,827.8125,9.838392296420347
Thomas,Thomas,14346,828.8125,6.811715481171548
Thomas,Thomas,14346,829.8125,6.399508846347044
Thomas,Thomas,14346,830.8125,8.372971862805505
Thomas,Thomas,14346,831.8125,7.546325878594249
Thomas,Thomas,14346,832.8125,6.540360707406759
Thomas,Thomas,14346,833.8125,7.365355521936461
Thomas,Thomas,14346,834.8125,8.752808988764045
Thomas,Thomas,14346,837.8125,7.49063670411985
Thomas,Thomas,14346,838.8125,6.251612903225807
Thomas,Thomas,14346,839.8125,6.496894409937888
Thomas,Thomas,14346,840.8125,10.176468027684672
Thomas,Thomas,14346,841.8125,6.877162999359111
Thomas,Thomas,14346,844.8125,6.269498782637898
Thomas,Thomas,14346,845.8125,8.200589970501476
Thomas,Thomas,14346,846.8125,7.4545373625884555
Thomas,Thomas,14346,847.8125,7.18854415274463
Thomas,Thomas,14346,848.8125,9.6230637921224
Thomas,Thomas,14346,851.8125,9.081984611302733
Thomas,Thomas,14346,852.25,11.393640111625341
Thomas,Thomas,14346,853.25,8.276126610450815
Thomas,Thomas,14346,854.25,11.730688419231244
Thomas,Thomas,14346,855.25,11.113518497176443
Thomas,Thomas,14346,858.25,9.546449796684392
Thomas,Thomas,14346,859.25,9.587982832618026
Thomas,Thomas,14346,860.25,10.725321888412017
Thomas,Thomas,14346,861.25,9.872149398455736
Thomas,Thomas,14346,862.25,12.409938563583973
Thomas,Thomas,14346,865.25,11.462392108508014
Thomas,Thomas,14346,866.25,10.69623219758428
Thomas,Thomas,14346,867.25,13.241758241758241
Thomas,Thomas,14346,868.25,11.414032553747015
Thomas,Thomas,14346,869.25,9.900315095961043
Thomas,Thomas,14346,872.25,12.81102531251082
Thomas,Thomas,14346,873.25,13.463562829909238
Thomas,Thomas,14346,874.25,10.463133828692742
Thomas,Thomas,14346,875.25,10.303780405612402
Thomas,Thomas,14346,876.25,12.222070558588829
Thomas,Thomas,14346,879.25,11.223534526483588
Thomas,Thomas,14346,880.25,12.547486033519553
Thomas,Thomas,14346,881.25,10.475120555349479
Thomas,Thomas,14346,882.25,15.06270176208946
Thomas,Thomas,14346,882.6875,9.848620522749274
Thomas,Thomas,14346,885.6875,12.092222186731401
Thomas,Thomas,14346,886.6875,9.813073798275255
Thomas,Thomas,14346,887.6875,9.310222851078883
Thomas,Thomas,14346,888.6875,15.666710613052079
Thomas,Thomas,14346,889.6875,15.60445937083921
Thomas,Thomas,14346,892.6875,11.304538868484011
Thomas,Thomas,14346,893.6875,11.125
Thomas,Thomas,14346,896.6875,10.650205761316872
Thomas,Thomas,14346,897.6875,12.655907303951997
Thomas,Thomas,14346,898.6875,12.581977363707052
Thomas,Thomas,14346,900.6875,14.435897435897436
Thomas,Thomas,14346,901.6875,13.985192970931186
Thomas,Thomas,14346,902.6875,16.769152590605117
Thomas,Thomas,14346,903.6875,13.184615384615384
Thomas,Thomas,14346,907.6875,11.403540706379731
Thomas,Thomas,14346,910.6875,10.310087285161524
Thomas,Thomas,14346,911.6875,12.602008572962601
Thomas,Thomas,14346,913.125,10.931034482758621
Thomas,Thomas,14346,914.125,10.184879222001465
Thomas,Thomas,14346,915.125,10.702852290952546
Thomas,Thomas,14346,918.125,12.684811237928006
Thomas,Thomas,14346,921.125,15.842424242424242
Thomas,Thomas,14346,922.125,11.307692307692308
Thomas,Thomas,14346,923.125,11.883699831511644
Thomas,Thomas,14346,925.125,11.827586206896552
Thomas,Thomas,14346,929.125,10.63014240506329
Thomas,Thomas,14346,930.125,11.34587554269175
Thomas,Thomas,14346,931.125,13.735632183908047
Thomas,Thomas,14346,932.125,8.81402075889059
Thomas,Thomas,14346,933.125,10.43656940207046
Thomas,Thomas,14346,935.125,11.372987183700296
Thomas,Thomas,14346,936.125,13.203371601510716
Thomas,Thomas,14346,937.125,12.573993508735585
Thomas,Thomas,14346,938.125,13.805846973563678
Thomas,Thomas,14346,939.125,8.977443609022556
Thomas,Thomas,14346,942.125,13.137931034482758
Thomas,Thomas,14346,943.125,13.569119492213447
Thomas,Thomas,14346,943.5625,10.335750604317747
Thomas,Thomas,14346,944.5625,17.522580645161288
Thomas,Thomas,14346,945.5625,11.551709699930216
Thomas,Thomas,14346,948.5625,11.789584799437016
Thomas,Thomas,14346,949.5625,14.383457282786143
Thomas,Thomas,14346,950.5625,15.936
Thomas,Thomas,14346,951.5625,12.25
Thomas,Thomas,14346,952.5625,15.27588185344135
Thomas,Thomas,14346,955.5625,14.799992158861468
Thomas,Thomas,14346,956.5625,12.844327347374206
Thomas,Thomas,14346,957.5625,11.597732365423736
Thomas,Thomas,14346,958.5625,8.842376121158653
Thomas,Thomas,14346,959.5625,13.959907011219297
Thomas,Thomas,14346,960.5625,6.138004909618389
Thomas,Thomas,14346,962.5625,13.635253409322205
Thomas,Thomas,14346,965.5625,13.54799372858719
Thomas,Thomas,14346,966.5625,11.442922374429223
Thomas,Thomas,14346,967.5625,17.87302145620823
Thomas,Thomas,14346,968.5625,16.191563232358302
Thomas,Thomas,14346,969.5625,13.739583333333334
Thomas,Thomas,14346,970.5625,14.07493525179856
Thomas,Thomas,14346,971.5625,15.72202486678508
Thomas,Thomas,14346,972.5625,16.854996905052104
Thomas,Thomas,14346,974,19.91068373853092
Thomas,Thomas,14346,977,21.214017882895877
Thomas,Thomas,14346,978,20.39943741209564
Thomas,Thomas,14346,979,16.11111111111111
Thomas,Thomas,14346,980,18.737686773657998
Thomas,Thomas,14346,984,17.41392448908902
Thomas,Thomas,14346,986,12.6
Thomas,Thomas,14346,987,15.923497267759563
Thomas,Thomas,14346,995,19.03034279153682
Thomas,Thomas,14346,997,16.75862068965517
Thomas,Thomas,14346,998,18.531337698783908
Thomas,Thomas,14346,999,19.276276276276278
Thomas,Thomas,14346,1001,14.343897854689219
Thomas,Thomas,14346,1002,20.20814204757483
Thomas,Thomas,14346,1003,18.99755501222494
Thomas,Thomas,14346,1004.4375,16.359436956174523
Thomas,Thomas,14346,1005.4375,16.880027112516945
Thomas,Thomas,14346,1006.4375,17.371261478479457
Thomas,Thomas,14346,1007.4375,13.766823076374529
Thomas,Thomas,14346,1008.4375,15.89647577092511
Thomas,Thomas,14346,1011.4375,21.658507403160673
Thomas,Thomas,14346,1012.4375,14.117137513534798
Thomas,Thomas,14346,1013.4375,14.16229950770208
Thomas,Thomas,14346,1014.4375,18.641132925651753
Thomas,Thomas,14346,1015.4375,15.434110731892302
Thomas,Thomas,14346,1018.4375,15.33673469387755
Thomas,Thomas,14346,1019.4375,15.905147759771213
Thomas,Thomas,14346,1021.4375,17.078787878787878
Thomas,Thomas,14346,1022.4375,16.700528068701797
Thomas,Thomas,14346,1025.4375,14.614354778728153
Thomas,Thomas,14346,1026.4375,14.697872340425532
Thomas,Thomas,14346,1027.4375,18.18925667407489
Thomas,Thomas,14346,1028.4375,17.964101850563516
Thomas,Thomas,14346,1029.4375,19.73081463990555
Thomas,Thomas,14346,1032.4375,16.16485861639694
Thomas,Thomas,14346,1033.4375,17.16132466446143
Thomas,Thomas,14346,1034.4375,21.439501498659094
Thomas,Thomas,14346,1034.875,19.207431059506533
Thomas,Thomas,14346,1035.875,14.195121951219512
Thomas,Thomas,14346,1039.875,16.78436200196891
Thomas,Thomas,14346,1040.875,16.958075830967097
Thomas,Thomas,14346,1041.875,18.51943954718382
Thomas,Thomas,14346,1042.875,17.285217472669714
Thomas,Thomas,14346,1043.875,16.244449281671745
Thomas,Thomas,14346,1045.875,18.675644428823794
Thomas,Thomas,14346,1046.875,16.15009940357853
Thomas,Thomas,14346,1047.875,17.587313649225603
Thomas,Thomas,14346,1054.875,17.763909828159047
Thomas,Thomas,14346,1055.875,18.279521122303677
Thomas,Thomas,14346,1056.875,19.858974358974358
Thomas,Thomas,14346,1057.875,13.76801561291748
Thomas,Thomas,14346,1058.875,15.41842572499507
Thomas,Thomas,14346,1059.875,21.77777777777778
Thomas,Thomas,14346,1060.875,23.91981385358869
Thomas,Thomas,14346,1061.875,21.165773230682476
Thomas,Thomas,14346,1062.875,18.99177351219151
Thomas,Thomas,14346,1065.3125,18.040450526825722
Thomas,Thomas,14346,1068.3125,21.504916620689446
Thomas,Thomas,14346,1069.3125,21.18327021241561
Thomas,Thomas,14346,1070.3125,16.63914780292943
Thomas,Thomas,14346,1071.3125,19.515055896141366
Thomas,Thomas,14346,1072.3125,18.620689655172413
Thomas,Thomas,14346,1075.3125,17.52154059956323
Thomas,Thomas,14346,1077.3125,18.776716098455893
Thomas,Thomas,14346,1078.3125,18.32084210526316
Thomas,Thomas,14346,1079.3125,20.45911182048634
Thomas,Thomas,14346,1083.3125,18.028790040202306
Thomas,Thomas,14346,1085.3125,21.035532994923855
Thomas,Thomas,14346,1086.3125,18.909852405211122
Thomas,Thomas,14346,1090.3125,21.7809747504404
Thomas,Thomas,14346,1091.3125,23.81939717404456
Thomas,Thomas,14346,1092.3125,24.447956290199876
Thomas,Thomas,14346,1093.3125,23.506005915373933
Thomas,Thomas,14346,1096.75,23.768935533772737
Thomas,Thomas,14346,1097.75,20.452724503434773
Thomas,Thomas,14346,1098.75,26.341488916771226
Thomas,Thomas,14346,1102.75,21.677893962482266
Thomas,Thomas,14346,1103.75,20.96393009927564
Thomas,Thomas,14346,1105.75,23.770272950793206
Thomas,Thomas,14346,1106.75,26.748392408477294
Thomas,Thomas,14346,1109.75,25.051409618573796
Thomas,Thomas,14346,1110.75,24.426428109752955
Thomas,Thomas,14346,1111.75,22.64609927330952
Thomas,Thomas,14346,1113.75,25.080817916260955
Thomas,Thomas,14346,1117.75,19.950946084697105
Thomas,Thomas,14346,1118.75,22.08627070849489
Thomas,Thomas,14346,1119.75,24.614577785061662
Thomas,Thomas,14346,1120.75,20.682827770021575
Thomas,Thomas,14346,1121.75,29.868599305092477
Thomas,Thomas,14346,1126.1875,23.1573986804901
Thomas,Thomas,14346,1127.1875,18.539031787038077
Thomas,Thomas,14346,1128.1875,19.726133352431425
Thomas,Thomas,14346,1129.1875,23.706293706293707
Thomas,Thomas,14346,1130.1875,23.413131150185514
Thomas,Thomas,14346,1132.1875,24.954805119676045
Thomas,Thomas,14346,1138.1875,19.06048942741744
Thomas,Thomas,14346,1139.1875,22.37119431824116
Thomas,Thomas,14346,1140.1875,22.13720405404621
Thomas,Thomas,14346,1141.1875,19.005719392314568
Thomas,Thomas,14346,1142.1875,30.53865336658354
Thomas,Thomas,14346,1145.1875,23.202443575744134
Thomas,Thomas,14346,1147.1875,12.556962025316455
Thomas,Thomas,14346,1148.1875,22.617518367014675
Thomas,Thomas,14346,1149.1875,25.135896472837782
Thomas,Thomas,14346,1152.1875,22.582837330251373
Thomas,Thomas,14346,1153.1875,19.412780842190234
Thomas,Thomas,14346,1154.1875,23.764276563531194
Thomas,Thomas,14346,1156.1875,20.312056889383538
Thomas,Thomas,14346,1158.625,25.29721411855224
Thomas,Thomas,14346,1159.625,22.583094450124932
Thomas,Thomas,14346,1160.625,24.11708253358925
Thomas,Thomas,14346,1161.625,26.900763358778626
Thomas,Thomas,14346,1162.625,22.86347634513616
Thomas,Thomas,14346,1165.625,23.563100436681225
Thomas,Thomas,14346,1166.625,18.207221812822404
Thomas,Thomas,14346,1167.625,20.73653258056928
Thomas,Thomas,14346,1168.625,25.103448275862068
Thomas,Thomas,14346,1189.0625,25.551584465094116
Thomas,Thomas,14346,1190.0625,24.596273291925467
Thomas,Thomas,14346,1191.0625,25.473053892215567
Thomas,Thomas,14346,1193.0625,33.73435326842837
Thomas,Thomas,14346,1194.0625,27.010484371427637
Thomas,Thomas,14346,1217.5,26.155761436016213
Thomas,Thomas,14346,1218.5,22.663281186010323
Thomas,Thomas,14346,1219.5,25.23756338661018
Thomas,Thomas,14346,1220.5,23.97011036371519
Thomas,Thomas,14346,1221.5,27.484729409018403
Thomas,Thomas,14346,1249.9375,26.20003884249369
Thomas,Thomas,14346,1250.9375,23.544570732122107
Thomas,Thomas,14346,1251.9375,27.8731884057971
Thomas,Thomas,14346,1252.9375,28.078764623660874
Thomas,Thomas,14346,1278.375,28.735105407882674
Thomas,Thomas,14346,1279.375,29.23706896551724
Thomas,Thomas,14346,1280.375,28.197801094432457
Thomas,Thomas,14346,1281.375,20.40485829959514
Thomas,Thomas,14346,1282.375,29.83092265713665
Thomas,Thomas,14346,1309.8125,24.770951026610042
Thomas,Thomas,14346,1310.8125,28.828560241233678
Thomas,Thomas,14346,1311.8125,34.194065054028854
Thomas,Thomas,14346,1312.8125,29.909181494661922
Thomas,Thomas,14346,1314.8125,29.02500906125408
Thomas,Thomas,14346,1340.25,26.987666658883416
Thomas,Thomas,14346,1341.25,44.8137707445084
Thomas,Thomas,14346,1342.25,29.935959195239445
Thomas,Thomas,14346,1343.25,39.1298769771529
Thomas,Thomas,14346,1344.25,28.193062964429643
Thomas,Thomas,14346,1370.6875,28.941176470588236
Thomas,Thomas,14346,1371.6875,38.29770194986072
Thomas,Thomas,14346,1372.6875,31.432964028220237
Thomas,Thomas,14346,1373.6875,31.615152531009052
Thomas,Thomas,14346,1374.6875,31.59316843345112
Thomas,Thomas,14346,1400.125,18.490828825467887
Thomas,Thomas,14346,1401.125,45.47910657991817
Thomas,Thomas,14346,1402.125,27.063157894736843
Thomas,Thomas,14346,1403.125,26.86178861788618
Thomas,Thomas,14346,1404.125,29.1601827179292
Thomas,Thomas,14346,1432.5625,34.638904043159364
Thomas,Thomas,14346,1433.5625,33.41602701872889
Thomas,Thomas,14346,1435.5625,40.690907318316974
Thomas,Thomas,14346,1436.5625,42.875
Thomas,Thomas,14346,1463,33.105653382761815
Thomas,Thomas,14346,1465,37.14519509031035
Thomas,Thomas,14346,1468,28.99358120382706
Thomas,Thomas,14346,1470,18.890125533842372
Thomas,Thomas,14346,1491.4375,36.276862542477296
Thomas,Thomas,14346,1492.4375,36.35246448171514
Thomas,Thomas,14346,1493.4375,32.760643066808036
Thomas,Thomas,14346,1494.4375,36.14228975997237
Thomas,Thomas,14346,1496.4375,38.924161176650834
Thomas,Thomas,14346,1522.875,31.436729819228052
Thomas,Thomas,14346,1523.875,31.73998674186017
Thomas,Thomas,14346,1524.875,33.91947170503531
Thomas,Thomas,14346,1525.875,29.905864053507546
Thomas,Thomas,14346,1529.875,44.01303680981596
Thomas,Thomas,14346,1552.3125,43.729182558499126
Thomas,Thomas,14346,1554.3125,32.542314210507335
Thomas,Thomas,14346,1555.3125,34.289855072463766
Thomas,Thomas,14346,1557.3125,37.45259366992174
Thomas,Thomas,14346,1558.3125,35.33099824868651
Thomas,Thomas,14346,1582.75,36.32494918699187
Thomas,Thomas,14346,1585.75,28.153400880941884
Thomas,Thomas,14346,1586.75,45.86507343788897
Thomas,Thomas,14346,1587.75,34.4060740107429
Thomas,Thomas,14346,1588.75,26.828227923902524
Thomas,Thomas,14346,1616.1875,38.83561643835617
Thomas,Thomas,14346,1617.1875,35.280705365154894
Thomas,Thomas,14346,1618.1875,27.25009552345479
Thomas,Thomas,14346,1620.1875,32.154451197711836
Thomas,Thomas,14346,1622.1875,32.4954128440367
Thomas,Thomas,14346,1644.625,38.599749756707915
Thomas,Thomas,14346,1645.625,28.24895000677415
Thomas,Thomas,14346,1646.625,28.99845950226735
Thomas,Thomas,14346,1647.625,29.948504637910236
Thomas,Thomas,14346,1675.0625,32.89298426572384
Thomas,Thomas,14346,1680.0625,39.71153846153846
Thomas,Thomas,14346,1683.0625,27.936188605108054
Thomas,Thomas,14346,1684.0625,31.150661398385157
Thomas,Thomas,14346,1704.5,33.06509524462107
Thomas,Thomas,14346,1705.5,22.298657585237397
Thomas,Thomas,14346,1707.5,31.40835563831025
Thomas,Thomas,14346,1710.5,31.383437539874954
Thomas,Thomas,14346,1712.5,28.134173010049828
Thomas,Thomas,14346,1738.9375,28.508000901510034
Thomas,Thomas,14346,1739.9375,23.991491172091045
Thomas,Thomas,14346,1740.9375,31.102227388926824
Thomas,Thomas,14346,1741.9375,28.28690403845091
Thomas,Thomas,14346,1746.9375,39.404380429764
Thomas,Thomas,14346,1769.375,46.49364519378236
Thomas,Thomas,14346,1770.375,36.526315789473685
Thomas,Thomas,14346,1771.375,28.122491040007258
Thomas,Thomas,14346,1773.375,35.462410751784965
Thomas,Thomas,14346,1775.375,28.386939897693793
Thomas,Thomas,14346,1795.8125,28.968422427107413
Thomas,Thomas,14346,1796.8125,45.761049592713576
Thomas,Thomas,14346,1801.8125,38.56110215752535
Thomas,Thomas,14346,1803.8125,33.366178505084406
Thomas,Thomas,14346,1815.8125,32.85550036278394
Abigail,Wells,14387,545.4375,5.8295380611581
Abigail,Wells,14387,635.75,6.369668246445498
Abigail,Wells,14387,731.5,11.742887249736567
Abigail,Wells,14387,821.8125,11.752405949256342
Abigail,Wells,14387,915.125,20.843599404188208
Abigail,Wells,14387,1007.4375,22.789106802644852
Abigail,Wells,14387,1097.75,14.34727143869596
Abigail,Wells,14387,1187.0625,17.62065872100474
Abigail,Wells,14387,1284.375,15.775837434513416
Abigail,Wells,14387,1704.5,33.86785406492387
Benjamin,Wells,14408,538.4375,4.180862250262881
Benjamin,Wells,14408,635.75,5.6976744186046515
Benjamin,Wells,14408,730.0625,12.510814814814815
Benjamin,Wells,14408,824.8125,9.80952380952381
Benjamin,Wells,14408,910.6875,12.518664047151276
Benjamin,Wells,14408,1005.4375,20.88372093023256
Benjamin,Wells,14408,1094.3125,21.00729825536943
Benjamin,Wells,14408,1185.625,14.628571428571428
Benjamin,Wells,14408,1281.375,19.05112672643567
Benjamin,Wells,14408,1850.25,32.950276243093924
Betty,Wells,14422,550.875,5.571428571428571
Betty,Wells,14422,643.1875,4.380312112575248
Betty,Wells,14422,733.5,8.307692307692308
Betty,Wells,14422,823.8125,10.77191111111111
Betty,Wells,14422,910.6875,16.512385241642125
Betty,Wells,14422,1001,16.287672468211742
Betty,Wells,14422,1104.75,16.912280701754387
Betty,Wells,14422,1189.0625,19.63966124559694
Betty,Wells,14422,1797.8125,21.387744659076372
Darren,Wells,14432,549.875,4.634482758620689
Darren,Wells,14432,639.1875,6.228571428571429
Darren,Wells,14432,736.5,4.777105118326912
Darren,Wells,14432,817.375,6
Darren,Wells,14432,914.125,6.543478260869565
Darren,Wells,14432,1003,9.879518072289157
Darren,Wells,14432,1098.75,12.758438120450034
Darren,Wells,14432,1198.0625,14.802230013219152
Darren,Wells,14432,1282.375,13.972222222222221
Darren,Wells,14432,1771.375,19.103896103896105
Debbie,Wells,14449,556.875,6.988034188034188
Debbie,Wells,14449,638.75,5.525083612040134
Debbie,Wells,14449,725.0625,26.666666666666668
Debbie,Wells,14449,729.0625,9.098039215686274
Debbie,Wells,14449,819.375,8.221859706362153
Debbie,Wells,14449,841.8125,11.709558823529411
Debbie,Wells,14449,918.125,9.264705882352942
Debbie,Wells,14449,919.125,12.725011106175034
Debbie,Wells,14449,1008.4375,7.870831127580731
Debbie,Wells,14449,1009.4375,10.685714285714285
Debbie,Wells,14449,1106.75,8.222222222222221
Debbie,Wells,14449,1184.625,13.104043412623934
Debbie,Wells,14449,1191.0625,21.790828640386163
Debbie,Wells,14449,1287.375,12.34987504462692
Debbie,Wells,14449,1302.375,36.69532673782869
Debbie,Wells,14449,1458.5625,18.467175572519082
Ellen,Wells,14457,543.4375,7.2615384615384615
Ellen,Wells,14457,639.1875,9.984145625366999
Ellen,Wells,14457,729.0625,18.125510497555364
Ellen,Wells,14457,812.375,14.695652173913043
Ellen,Wells,14457,903.6875,11.416666666666666
Ellen,Wells,14457,1004,9.518248175182482
Ellen,Wells,14457,1093.3125,18.375
Ellen,Wells,14457,1191.0625,14.357563850687622
Ellen,Wells,14457,1279.375,23.527582748244736
Ellen,Wells,14457,1756.9375,18.808681547848924
Elspeth,Wells,14487,547.4375,4.102564102564102
Elspeth,Wells,14487,631.75,8.279155188246097
Elspeth,Wells,14487,732.5,9.022222222222222
Elspeth,Wells,14487,820.375,10.013965536659533
Elspeth,Wells,14487,919.125,22.209824135839906
Elspeth,Wells,14487,1002,28.35362694300518
Elspeth,Wells,14487,1099.75,13.035141088849262
Elspeth,Wells,14487,1186.625,25.29940371697593
Elspeth,Wells,14487,1283.375,18.608900861589156
Elspeth,Wells,14487,1829.25,26.102058222098915
Frances,Wells,14495,548.875,3.032258064516129
Frances,Wells,14495,638.75,4.129716245712504
Frances,Wells,14495,731.5,4.793103448275862
Frances,Wells,14495,823.8125,8.379960962914769
Frances,Wells,14495,916.125,13.375
Frances,Wells,14495,1004,7.687556114203627
Frances,Wells,14495,1093.3125,8.822182369982068
Frances,Wells,14495,1187.0625,24.26305494131655
Frances,Wells,14495,1278.375,21.80327868852459
Frances,Wells,14495,1773.375,28.619716604093494
Gary,Wells,14506,547.875,6.516129032258065
Gary,Wells,14506,641.1875,14.102369113775959
Gary,Wells,14506,734.5,10.490726020137785
Gary,Wells,14506,825.8125,15.39817302525524
Gary,Wells,14506,916.125,11.622975708502024
Gary,Wells,14506,1009.4375,17.366030024365323
Gary,Wells,14506,1099.75,17.790697674418606
Gary,Wells,14506,1190.0625,20.844621513944226
Gary,Wells,14506,1272.9375,21.556847075917183
Gary,Wells,14506,1734.9375,24.794871794871796
Gavin,Wells,14520,568.875,11.313235294117648
Gavin,Wells,14520,643.1875,8.026315789473685
Gavin,Wells,14520,730.0625,10.905650459921155
Gavin,Wells,14520,856.25,11.400287402203416
Gavin,Wells,14520,1039.875,13.723092730541998
Gavin,Wells,14520,1101.75,16.38179231863442
Gavin,Wells,14520,1206.0625,13.243230022013348
Gavin,Wells,14520,1335.8125,12.76276187665978
Gavin,Wells,14520,1752.9375,22.4679221193744
Geoffrey,Wells,14532,547.875,3.179628355127323
Geoffrey,Wells,14532,645.1875,6.18018018018018
Geoffrey,Wells,14532,820.375,11.76388888888889
Geoffrey,Wells,14532,911.6875,12.85466297322253
Geoffrey,Wells,14532,1008.4375,18.333333333333332
Geoffrey,Wells,14532,1107.75,16.665400824341223
Geoffrey,Wells,14532,1196.0625,23.705235940530056
Geoffrey,Wells,14532,1289.375,14.280701754385966
Geoffrey,Wells,14532,1817.8125,30.5444157257516
Gerald,Wells,14544,553.875,3.4408602150537635
Gerald,Wells,14544,637.75,6.007479674796748
Gerald,Wells,14544,745.5,10.214285714285714
Gerald,Wells,14544,826.8125,12.666244895037135
Gerald,Wells,14544,918.125,19.191452093186196
Gerald,Wells,14544,1005.4375,17.220845921450152
Gerald,Wells,14544,1091.3125,13.44927536231884
Gerald,Wells,14544,1247.9375,18.931952662721894
Gerald,Wells,14544,1739.9375,25.7703081232493
Harriet,Wells,14555,549.875,3.6307692307692307
Harriet,Wells,14555,640.1875,4.216216216216216
Harriet,Wells,14555,731.5,6.133333333333334
Harriet,Wells,14555,823.8125,11.531225420795973
Harriet,Wells,14555,914.125,11.166666666666666
Harriet,Wells,14555,1004.4375,11.878048780487806
Harriet,Wells,14555,1095.75,18.73913043478261
Harriet,Wells,14555,1187.0625,16.135797163730125
Harriet,Wells,14555,1279.375,14.382352941176471
Harriet,Wells,14555,1768.375,20.928571428571427
Iris,Wells,14572,547.875,4.022471910112359
Iris,Wells,14572,613.75,5.278818852924474
Iris,Wells,14572,732.5,4.077015643802647
Iris,Wells,14572,821.375,8.46471494607088
Iris,Wells,14572,882.6875,7.143869596031184
Iris,Wells,14572,1017.4375,18.185947806137083
Iris,Wells,14572,1101.75,17.017241379310345
Iris,Wells,14572,1185.625,15.245551601423486
Iris,Wells,14572,1274.9375,23.932960893854748
Iris,Wells,14572,1708.5,26.4676431424767
Jack,Wells,14579,543.4375,6.925727961707219
Jack,Wells,14579,643.1875,5
Jack,Wells,14579,732.5,12.615804111904893
Jack,Wells,14579,816.375,7.91271953166578
Jack,Wells,14579,895.6875,11.219047619047618
Jack,Wells,14579,1028.4375,13.33799604682986
Jack,Wells,14579,1091.3125,12.159509202453988
Jack,Wells,14579,1195.0625,24.67229977957384
Jack,Wells,14579,1270.9375,19.505710619859915
Jack,Wells,14579,1735.9375,24.392568659127626
Jason,Wells,14592,547.875,10.72340425531915
Jason,Wells,14592,639.1875,4.666666666666667
Jason,Wells,14592,738.5,6.988001371271855
Jason,Wells,14592,822.8125,5.813953488372093
Jason,Wells,14592,914.125,4.601593625498007
Jason,Wells,14592,1033.4375,13.12662673001446
Jason,Wells,14592,1097.75,6.458808618504436
Jason,Wells,14592,1193.0625,9.333333333333334
Jason,Wells,14592,1277.9375,22.6390243902439
Jason,Wells,14592,1845.25,31.643442622950815
Jonathan,Wells,14608,552.875,6.363636363636363
Jonathan,Wells,14608,634.75,11.542665133964098
Jonathan,Wells,14608,729.0625,10.559367218397538
Jonathan,Wells,14608,817.375,15.295787694057136
Jonathan,Wells,14608,915.125,19.8263266712612
Jonathan,Wells,14608,1005.4375,13.956989247311828
Jonathan,Wells,14608,1094.3125,19.771540151330242
Jonathan,Wells,14608,1184.625,26.87374235963788
Jonathan,Wells,14608,1271.9375,25.694362017804156
Jonathan,Wells,14608,1688.0625,25.198115967468258
Laura,Wells,14616,548.875,5.598381970528749
Laura,Wells,14616,646.1875,4.887686062246279
Laura,Wells,14616,736.5,5.6516393442622945
Laura,Wells,14616,868.25,9.467213114754097
Laura,Wells,14616,916.125,16.448979591836736
Laura,Wells,14616,1017.4375,37.29246935201401
Laura,Wells,14616,1102.75,29.086254264408417
Laura,Wells,14616,1187.0625,32.39752832131823
Laura,Wells,14616,1280.375,39.26070460704607
Lee,Wells,14640,545.4375,16.940000000000005
Lee,Wells,14640,726.0625,13.090909090909092
Lee,Wells,14640,794.375,10
Lee,Wells,14640,822.8125,8.220394736842104
Lee,Wells,14640,914.125,10.760896130346232
Lee,Wells,14640,1028.4375,12.31578947368421
Lee,Wells,14640,1187.0625,11.128205128205128
Lee,Wells,14640,1276.9375,20.960302457466916
Martin,Wells,14646,543.4375,6
Martin,Wells,14646,641.1875,7.907949790794979
Martin,Wells,14646,738.5,9.497995188452284
Martin,Wells,14646,824.8125,9.41646605681271
Martin,Wells,14646,908.6875,9.228699551569507
Martin,Wells,14646,998,23.59148936170213
Martin,Wells,14646,1099.75,27.550018493404018
Martin,Wells,14646,1192.0625,35.01578354002255
Martin,Wells,14646,1275.9375,36.109626120791745
Nancy,Wells,14658,549.875,4.48145738451529
Nancy,Wells,14658,643.1875,8.857142857142858
Nancy,Wells,14658,731.5,12.333333333333334
Nancy,Wells,14658,833.8125,14.380952380952381
Nancy,Wells,14658,909.6875,18.506998444790046
Nancy,Wells,14658,999,21.20935290918978
Nancy,Wells,14658,1101.75,20.49524874231414
Nancy,Wells,14658,1190.0625,22.44582196875775
Neil,Wells,14671,551.875,4.784227820372398
Neil,Wells,14671,644.1875,7.2727272727272725
Neil,Wells,14671,728.0625,5.587301587301587
Neil,Wells,14671,816.375,8.78048780487805
Neil,Wells,14671,914.125,23.52
Neil,Wells,14671,1097.75,30.853324423655195
Neil,Wells,14671,1188.0625,30.876712328767123
Neil,Wells,14671,1279.375,28.389954903174466
Neville,Wells,14687,542.4375,10.74310915104741
Neville,Wells,14687,654.1875,9.323199420919291
Neville,Wells,14687,737.5,11.124264120922831
Neville,Wells,14687,821.8125,17.359660612695745
Neville,Wells,14687,903.6875,18.000601946293013
Neville,Wells,14687,1004.4375,25.320495185694636
Neville,Wells,14687,1096.75,20.456448345712356
Neville,Wells,14687,1229.5,24.928532697104437
Neville,Wells,14687,1274.9375,32.07284613588606
Olivia,Wells,14698,547.875,29.58490566037736
Olivia,Wells,14698,643.1875,18.276150627615063
Olivia,Wells,14698,727.0625,32.1254752851711
Olivia,Wells,14698,826.8125,15.640206881043401
Olivia,Wells,14698,907.6875,36.964155221195824
Olivia,Wells,14698,995,19.002097235462344
Olivia,Wells,14698,1091.3125,22.587926049242096
Olivia,Wells,14698,1197.0625,30.375612648436352
Olivia,Wells,14698,1269.9375,59.18419350022396
Penny,Wells,14712,556.875,7.825327510917031
Penny,Wells,14712,727.0625,31.645429362880886
Penny,Wells,14712,821.8125,23.06767937259335
Penny,Wells,14712,913.125,20.769704877981063
Penny,Wells,14712,1009.4375,36.44970414201183
Penny,Wells,14712,1022.4375,33.32757712961988
Penny,Wells,14712,1092.3125,33.44444444444444
Penny,Wells,14712,1194.0625,46.94097236564914
Penny,Wells,14712,1273.9375,34.42062415196744
Rosie,Wells,14734,578.3125,8.666666666666666
Rosie,Wells,14734,658.1875,Inf
Rosie,Wells,14734,743.5,10.425531914893616
Rosie,Wells,14734,818.375,29.25941422594142
Rosie,Wells,14734,916.125,12.20983606557377
Rosie,Wells,14734,1014.4375,22
Rosie,Wells,14734,1095.75,22.01984260442591
Rosie,Wells,14734,1187.0625,26.372623574144487
Rosie,Wells,14734,1289.375,204.11999999999972
Samantha,Wells,14748,553.875,17.12886297376093
Samantha,Wells,14748,646.1875,13.284322106342966
Samantha,Wells,14748,730.0625,34.131731262363544
Samantha,Wells,14748,820.375,13.626666666666665
Samantha,Wells,14748,913.125,29.409610983981693
Samantha,Wells,14748,1007.4375,50.12475203879215
Samantha,Wells,14748,1099.75,32.7094133697135
Samantha,Wells,14748,1183.625,20.301966650855622
Samantha,Wells,14748,1289.375,18.81136950904393
Sheila,Wells,14775,641.1875,6.022641509433963
Sheila,Wells,14775,725.0625,3.6850636819760707
Sheila,Wells,14775,730.0625,6.999999999999999
Sheila,Wells,14775,825.8125,5.137803979366249
Sheila,Wells,14775,909.6875,5.2727272727272725
Sheila,Wells,14775,1004.4375,7.698501070663812
Sheila,Wells,14775,1093.3125,7.396825396825397
Sheila,Wells,14775,1191.0625,8.999276934201013
Sheila,Wells,14775,1303.375,18.75151515151515
Simon,Wells,14784,538.4375,8.326139088729017
Simon,Wells,14784,640.1875,20.745454545454546
Simon,Wells,14784,641.1875,7.932261768082664
Simon,Wells,14784,713.0625,8.355353075170843
Simon,Wells,14784,826.8125,24.545454545454547
Simon,Wells,14784,913.125,24.418840579710146
Simon,Wells,14784,1096.75,61.1654349061967
Simon,Wells,14784,1196.0625,32.760482481332566
Simon,Wells,14784,1269.9375,47.66651141127154
Stella,Wells,14795,555.875,23.660000000000004
Stella,Wells,14795,642.1875,26.29118293065579
Stella,Wells,14795,821.375,30.179640718562872
Stella,Wells,14795,915.125,27.724137931034484
Stella,Wells,14795,999,40.10559163916031
Stella,Wells,14795,1092.3125,40.49506101104009
Stella,Wells,14795,1194.0625,33.74846023386593
Stella,Wells,14795,1277.9375,37.74228241386179
Tony,Wells,14805,543.4375,5.278688524590163
Tony,Wells,14805,634.75,5.142857142857143
Tony,Wells,14805,714.0625,3.9473684210526314
Tony,Wells,14805,831.8125,6.028754547029274
Tony,Wells,14805,908.6875,13.5
Tony,Wells,14805,1006.4375,6.788666976312123
Tony,Wells,14805,1088.3125,11.005117707267146
Tony,Wells,14805,1208.0625,23.425493716337524
Tony,Wells,14805,1286.375,26.551705489241705
